<?xml version="1.0"?>
<COLLADA xmlns="http://www.collada.org/2005/11/COLLADASchema" version="1.4.1">
  <asset>
    <contributor>
      <author>Assimp</author>
      <authoring_tool>Assimp Exporter</authoring_tool>
    </contributor>
    <created>2018-08-20T13:02:54</created>
    <modified>2018-08-20T13:02:54</modified>
    <unit name="meter" meter="1" />
    <up_axis>Y_UP</up_axis>
  </asset>
  <library_effects>
    <effect id="lambert1-fx" name="lambert1">
      <profile_COMMON>
        <technique sid="standard">
          <phong>
            <diffuse>
              <color sid="diffuse">0.5   0.5   0.5   1</color>
            </diffuse>
          </phong>
        </technique>
      </profile_COMMON>
    </effect>
  </library_effects>
  <library_materials>
    <material id="lambert1" name="lambert1">
      <instance_effect url="#lambert1-fx"/>
    </material>
  </library_materials>
  <library_geometries>
    <geometry id="meshId0" name="meshId0_name" >
      <mesh>
        <source id="meshId0-positions" name="meshId0-positions">
          <float_array id="meshId0-positions-array" count="7284"> 0.452381 0.227539 -0.338429 0.451898 0.226651 -0.363797 0.452282 0.208385 -0.362409 0.452558 0.209067 -0.336056 0.452915 0.179989 -0.360404 0.453626 0.179191 -0.333306 0.451258 0.227495 -0.387604 0.452019 0.207267 -0.387548 0.452273 0.180266 -0.386142 0.451646 0.205368 -0.423254 0.451507 0.18038 -0.421598 0.45433 0.228297 0.435784 0.454204 0.226226 0.44294 0.456659 0.227577 0.447601 0.457177 0.231574 0.438075 0.452626 0.227362 0.355772 0.451808 0.234545 0.353965 0.451418 0.235512 -0.339409 0.452712 0.208682 0.358849 0.451243 0.232703 -0.363906 0.451413 0.213161 -0.421709 0.454039 0.178997 0.362489 0.451435 0.180346 -0.428773 0.451646 0.205368 -0.423255 0.451617 0.196239 -0.429875 0.453461 0.230798 -0.389685 0.453596 0.215659 -0.425446 0.454075 0.23808 0.353726 0.453594 0.239087 -0.340039 0.453422 0.236169 -0.365199 0.453708 0.206193 0.450562 0.455888 0.207145 0.454803 0.456709 0.17774 0.459955 0.458858 0.17932 0.464098 0.453395 0.176546 -0.432363 0.453738 0.197191 -0.434433 0.45672 0.175562 0.362301 0.456331 0.175777 -0.333314 0.455553 0.17654 -0.360996 0.454809 0.176711 -0.387323 0.4538 0.176597 -0.423712 0.461173 0.207263 0.458936 0.467083 0.20798 0.460609 0.467829 0.229444 0.453123 0.461859 0.228882 0.451409 0.467829 0.229444 0.453123 0.468474 0.234312 0.44234 0.462344 0.233655 0.440693 0.461859 0.228882 0.451409 0.458495 0.240314 0.353733 0.464588 0.241479 0.353797 0.463986 0.242589 -0.340617 0.457899 0.241345 -0.340436 0.463846 0.239506 -0.367086 0.457768 0.238342 -0.36627 0.463935 0.233865 -0.392792 0.457872 0.23282 -0.391487 0.464248 0.174341 -0.437756 0.464575 0.174344 -0.427999 0.458404 0.174774 -0.426185 0.45821 0.174742 -0.435827 0.464464 0.217792 -0.43071 0.458479 0.217136 -0.428794 0.464238 0.177623 0.468571 0.470351 0.177101 0.470634 0.465517 0.174593 -0.389908 0.459344 0.175038 -0.388708 0.466242 0.174506 -0.362366 0.460055 0.174949 -0.361699 0.467054 0.173746 -0.333298 0.460846 0.17421 -0.333351 0.499491 0.244958 0.354407 0.499491 0.246641 -0.339917 0.499491 0.237769 -0.393506 0.499491 0.220903 -0.431549 0.499491 0.243405 -0.367801 0.499491 0.199164 -0.440559 0.499491 0.174379 -0.437878 0.464248 0.174341 -0.437756 0.464847 0.198001 -0.440397 0.499491 0.174461 -0.362361 0.499491 0.173681 -0.331686 0.499491 0.174275 -0.428128 0.499491 0.17452 -0.390181 0.499491 0.174379 -0.437878 0.499491 0.177151 0.470595 0.499491 0.207938 0.460635 0.499491 0.229482 0.453121 0.499491 0.23409 0.442364 0.499491 0.229482 0.453121 0.453461 0.230798 -0.389685 0.453596 0.215659 -0.425446 0.456659 0.227577 0.447601 0.457177 0.231574 0.438075 0.454075 0.23808 0.353726 0.453594 0.239087 -0.340039 0.461173 0.207263 0.458936 0.461859 0.228882 0.451409 0.453422 0.236169 -0.365199 0.455553 0.17654 -0.360996 0.456331 0.175777 -0.333314 0.454809 0.176711 -0.387323 0.4538 0.176597 -0.423712 0.458922 0.197663 -0.43848 0.45821 0.174742 -0.435827 0.453395 0.176546 -0.432363 0.45148 0.209473 -0.424849 0.451567 0.203247 -0.428535 0.453705 0.204282 -0.433083 0.45365 0.21073 -0.429409 0.458922 0.197663 -0.43848 0.458847 0.204823 -0.437169 0.464785 0.205095 -0.439134 0.464785 0.205095 -0.439134 0.458847 0.204823 -0.437169 0.458689 0.211111 -0.433649 0.464652 0.211368 -0.435722 0.45821 0.174742 -0.435827 0.499491 0.212771 -0.43665 0.458479 0.217136 -0.428794 0.458689 0.211111 -0.433649 0.499491 0.206269 -0.439543 0.499491 0.206269 -0.439543 0.458847 0.204823 -0.437169 0.459184 0.175591 0.462887 0.464558 0.173663 0.467529 0.464238 0.177623 0.468571 0.459184 0.175591 0.462887 0.459235 0.17417 0.458599 0.46459 0.172115 0.46354 0.464558 0.173663 0.467529 0.470747 0.17152 0.465931 0.470695 0.173104 0.469702 0.470695 0.173104 0.469702 0.464558 0.173663 0.467529 0.461348 0.173929 0.362931 0.45672 0.175562 0.362301 0.467549 0.173447 0.363297 0.499491 0.173398 0.36469 0.459235 0.17417 0.458599 0.499491 0.171572 0.465906 0.499491 0.173153 0.469679 0.499491 0.173153 0.469679 0.5466 0.227539 -0.338429 0.546424 0.209067 -0.336056 0.546699 0.208385 -0.362409 0.547084 0.226651 -0.363797 0.545355 0.179191 -0.333306 0.546066 0.179989 -0.360404 0.546962 0.207267 -0.387548 0.547724 0.227495 -0.387604 0.546709 0.180266 -0.386142 0.547475 0.18038 -0.421598 0.547336 0.205368 -0.423254 0.544651 0.228297 0.435784 0.541805 0.231574 0.438075 0.542322 0.227577 0.447601 0.544777 0.226226 0.44294 0.547173 0.234545 0.353965 0.546356 0.227362 0.355772 0.547564 0.235512 -0.339409 0.54627 0.208682 0.358849 0.547738 0.232703 -0.363906 0.547568 0.213161 -0.421709 0.544942 0.178997 0.362489 0.547547 0.180346 -0.428773 0.547365 0.196239 -0.429875 0.547336 0.205368 -0.423255 0.545386 0.215659 -0.425446 0.54552 0.230798 -0.389685 0.544907 0.23808 0.353726 0.545387 0.239087 -0.340039 0.54556 0.236169 -0.365199 0.543094 0.207145 0.454803 0.545274 0.206193 0.450562 0.540124 0.17932 0.464098 0.542272 0.17774 0.459955 0.545587 0.176546 -0.432363 0.545244 0.197191 -0.434433 0.542261 0.175562 0.362301 0.54265 0.175777 -0.333314 0.543428 0.17654 -0.360996 0.544173 0.176711 -0.387323 0.545182 0.176597 -0.423712 0.537809 0.207263 0.458936 0.537123 0.228882 0.451409 0.531152 0.229444 0.453123 0.531899 0.20798 0.460609 0.531152 0.229444 0.453123 0.537123 0.228882 0.451409 0.536637 0.233655 0.440693 0.530507 0.234312 0.44234 0.534394 0.241479 0.353797 0.540487 0.240314 0.353733 0.541083 0.241345 -0.340436 0.534996 0.242589 -0.340617 0.541213 0.238342 -0.36627 0.535136 0.239506 -0.367086 0.54111 0.23282 -0.391487 0.535046 0.233865 -0.392792 0.534734 0.174341 -0.437756 0.540772 0.174742 -0.435827 0.540578 0.174774 -0.426185 0.534407 0.174344 -0.427999 0.540502 0.217136 -0.428794 0.534518 0.217792 -0.43071 0.528631 0.177101 0.470634 0.534744 0.177623 0.468571 0.539637 0.175038 -0.388708 0.533464 0.174593 -0.389908 0.538927 0.174949 -0.361699 0.532739 0.174506 -0.362366 0.538136 0.17421 -0.333351 0.531927 0.173746 -0.333298 0.534134 0.198001 -0.440397 0.534734 0.174341 -0.437756 0.54552 0.230798 -0.389685 0.545386 0.215659 -0.425446 0.542322 0.227577 0.447601 0.541805 0.231574 0.438075 0.544907 0.23808 0.353726 0.545387 0.239087 -0.340039 0.537809 0.207263 0.458936 0.537123 0.228882 0.451409 0.54556 0.236169 -0.365199 0.543428 0.17654 -0.360996 0.54265 0.175777 -0.333314 0.544173 0.176711 -0.387323 0.545182 0.176597 -0.423712 0.540059 0.197663 -0.43848 0.540772 0.174742 -0.435827 0.545587 0.176546 -0.432363 0.547501 0.209473 -0.424849 0.545277 0.204282 -0.433083 0.547415 0.203247 -0.428535 0.545332 0.21073 -0.429409 0.534196 0.205095 -0.439134 0.540134 0.204823 -0.437169 0.540059 0.197663 -0.43848 0.534196 0.205095 -0.439134 0.53433 0.211368 -0.435722 0.540293 0.211111 -0.433649 0.540134 0.204823 -0.437169 0.540772 0.174742 -0.435827 0.540293 0.211111 -0.433649 0.540502 0.217136 -0.428794 0.540134 0.204823 -0.437169 0.534744 0.177623 0.468571 0.534424 0.173663 0.467529 0.539798 0.175591 0.462887 0.539798 0.175591 0.462887 0.534424 0.173663 0.467529 0.534392 0.172115 0.46354 0.539747 0.17417 0.458599 0.528235 0.17152 0.465931 0.528287 0.173104 0.469702 0.528287 0.173104 0.469702 0.534424 0.173663 0.467529 0.542261 0.175562 0.362301 0.537634 0.173929 0.362931 0.531432 0.173447 0.363297 0.539747 0.17417 0.458599 -0.533372 0.165009 -0.393924 -0.533372 0.169872 -0.357939 -0.521026 0.181401 -0.357937 -0.521026 0.175909 -0.395272 -0.521026 0.175909 -0.395272 -0.521026 0.181401 -0.357937 -0.50115 0.186937 -0.358161 -0.50115 0.181215 -0.39599 -0.50115 0.181215 -0.39599 -0.50115 0.186937 -0.358161 -0.481275 0.181401 -0.357937 -0.481275 0.175909 -0.395272 -0.481275 0.175909 -0.395272 -0.481275 0.181401 -0.357937 -0.468929 0.169872 -0.357939 -0.468929 0.165009 -0.393924 -0.480427 0.153748 -0.392333 -0.480427 0.158611 -0.356349 -0.477221 0.145698 -0.356836 -0.477221 0.141694 -0.390976 -0.480427 0.132785 -0.357324 -0.480427 0.129641 -0.389618 -0.489186 0.123332 -0.357681 -0.489186 0.120817 -0.388625 -0.50115 0.119873 -0.357811 -0.50115 0.117587 -0.388261 -0.513115 0.123333 -0.357681 -0.513115 0.120817 -0.388625 -0.513115 0.120817 -0.388625 -0.513115 0.123333 -0.357681 -0.521874 0.132786 -0.357324 -0.521874 0.129641 -0.389618 -0.52508 0.145698 -0.356836 -0.52508 0.141694 -0.390976 -0.521874 0.158611 -0.356349 -0.521874 0.153748 -0.392333 -0.521874 0.158611 0.052104 -0.513115 0.168064 0.052104 -0.513115 0.168064 -0.355992 -0.50115 0.171524 0.052104 -0.50115 0.171524 -0.355861 -0.489186 0.168064 0.052104 -0.489186 0.168064 -0.355992 -0.489186 0.168064 -0.355992 -0.489186 0.168064 0.052104 -0.480427 0.158611 0.052104 -0.477221 0.145698 0.052104 -0.480427 0.132785 0.052104 -0.489186 0.123332 0.052104 -0.50115 0.119873 0.052104 -0.513115 0.123333 0.052104 -0.513115 0.123333 0.052104 -0.521874 0.132786 0.052104 -0.52508 0.145698 0.052104 -0.51478 -0.319655 0.593371 -0.513115 -0.30275 0.593371 -0.521874 -0.30275 0.58431 -0.523231 -0.317274 0.58431 -0.503235 -0.322907 0.596688 -0.50115 -0.30275 0.596688 -0.491691 -0.326159 0.593371 -0.489186 -0.30275 0.593371 -0.48324 -0.32854 0.58431 -0.480427 -0.30275 0.58431 -0.489186 -0.30275 0.593371 -0.491691 -0.326159 0.593371 -0.480147 -0.329411 0.571933 -0.477221 -0.30275 0.571933 -0.48324 -0.32854 0.559555 -0.480427 -0.30275 0.559555 -0.491691 -0.326159 0.550494 -0.489186 -0.30275 0.550494 -0.503235 -0.322907 0.547177 -0.50115 -0.30275 0.547177 -0.51478 -0.319655 0.550494 -0.513115 -0.30275 0.550494 -0.523231 -0.317274 0.559555 -0.521874 -0.30275 0.559555 -0.513115 -0.30275 0.550494 -0.51478 -0.319655 0.550494 -0.526325 -0.316403 0.571933 -0.52508 -0.30275 0.571933 -0.52099 0.175722 0.464614 -0.52099 0.181433 0.424919 -0.533329 0.169922 0.424917 -0.533329 0.165074 0.46263 -0.50115 0.180923 0.465568 -0.50115 0.186951 0.425147 -0.52099 0.181433 0.424919 -0.52099 0.175722 0.464614 -0.48131 0.175722 0.464614 -0.48131 0.181433 0.424919 -0.50115 0.186951 0.425147 -0.50115 0.180923 0.465568 -0.468972 0.165074 0.46263 -0.468972 0.169922 0.424917 -0.48131 0.181433 0.424919 -0.48131 0.175722 0.464614 -0.477221 0.14203 0.458866 -0.477221 0.145698 0.423861 -0.480427 0.158611 0.423374 -0.480427 0.153763 0.461087 -0.480427 0.130296 0.456646 -0.480427 0.132785 0.424349 -0.489186 0.121707 0.45502 -0.489186 0.123332 0.424706 -0.50115 0.118563 0.454425 -0.50115 0.119873 0.424836 -0.513115 0.121707 0.45502 -0.513115 0.123333 0.424706 -0.521874 0.130296 0.456646 -0.521874 0.132786 0.424349 -0.513115 0.123333 0.424706 -0.513115 0.121707 0.45502 -0.52508 0.14203 0.458866 -0.52508 0.145698 0.423861 -0.521874 0.153763 0.461087 -0.521874 0.158611 0.423374 -0.513115 0.168064 0.423017 -0.50115 0.171524 0.422887 -0.489186 0.168064 0.423017 -0.489186 0.168064 0.423017 -0.521874 0.0904086 -0.472144 -0.521874 0.117118 -0.456794 -0.513115 0.12391 -0.462263 -0.513115 0.0932899 -0.479463 -0.50115 0.126435 -0.464259 -0.50115 0.0943443 -0.482142 -0.489186 0.12391 -0.462263 -0.489186 0.0932899 -0.479463 -0.489186 0.0932899 -0.479463 -0.489186 0.12391 -0.462263 -0.480427 0.117118 -0.456794 -0.480427 0.0904086 -0.472144 -0.477221 0.107933 -0.449411 -0.477221 0.0864731 -0.462146 -0.480427 0.0988147 -0.442242 -0.480427 0.0825373 -0.452148 -0.489186 0.0922932 -0.43716 -0.489186 0.0796561 -0.444829 -0.50115 0.0899715 -0.435337 -0.50115 0.0786016 -0.44215 -0.513115 0.0922932 -0.43716 -0.513115 0.0796561 -0.444829 -0.513115 0.0796561 -0.444829 -0.513115 0.0922932 -0.43716 -0.521874 0.0988147 -0.442242 -0.521874 0.0825373 -0.452148 -0.52508 0.107933 -0.449411 -0.52508 0.0864731 -0.462146 -0.521874 0.145618 -0.418237 -0.513115 0.162572 -0.393327 -0.513115 0.153336 -0.422887 -0.50115 0.165802 -0.393691 -0.50115 0.156165 -0.424585 -0.489186 0.162572 -0.393327 -0.489186 0.153336 -0.422887 -0.489186 0.153336 -0.422887 -0.489186 0.162572 -0.393327 -0.480427 0.145618 -0.418237 -0.477221 0.135036 -0.412021 -0.480427 0.124387 -0.406017 -0.489186 0.116587 -0.401667 -0.50115 0.113741 -0.400059 -0.513115 0.116587 -0.401667 -0.513115 0.116587 -0.401667 -0.521874 0.124387 -0.406017 -0.52508 0.135036 -0.412021 -0.513115 0.142019 -0.443215 -0.521874 0.134302 -0.438666 -0.50115 0.144853 -0.444877 -0.489186 0.142019 -0.443215 -0.480427 0.134302 -0.438666 -0.489186 0.142019 -0.443215 -0.477221 0.123779 -0.432505 -0.480427 0.113263 -0.426449 -0.489186 0.10561 -0.422063 -0.50115 0.102829 -0.42046 -0.513115 0.10561 -0.422063 -0.521874 0.113263 -0.426449 -0.513115 0.10561 -0.422063 -0.52508 0.123779 -0.432505 -0.521874 0.0527215 -0.480103 -0.52508 0.0527685 -0.467725 -0.52508 0.0744837 -0.465589 -0.521874 0.0743695 -0.477364 -0.513115 0.07425 -0.486115 -0.513115 0.0527619 -0.489165 -0.50115 0.0741957 -0.489341 -0.50115 0.0527957 -0.492481 -0.489186 0.07425 -0.486115 -0.489186 0.0527619 -0.489165 -0.489186 0.07425 -0.486115 -0.480427 0.0743695 -0.477364 -0.480427 0.0527215 -0.480103 -0.489186 0.0527619 -0.489165 -0.477221 0.0744837 -0.465589 -0.477221 0.0527685 -0.467725 -0.480427 0.0745777 -0.454121 -0.480427 0.0528777 -0.455348 -0.489186 0.0746548 -0.446056 -0.489186 0.0529412 -0.446286 -0.50115 0.0746753 -0.443216 -0.50115 0.0529571 -0.442969 -0.513115 0.0746483 -0.446057 -0.513115 0.0529478 -0.446286 -0.513115 0.0746483 -0.446057 -0.521874 0.0745777 -0.454121 -0.521874 0.0528777 -0.455348 -0.513115 0.0529478 -0.446286 -0.521874 -0.30275 -0.480103 -0.513115 -0.30275 -0.489165 -0.50115 -0.30275 -0.492481 -0.489186 -0.30275 -0.489165 -0.489186 -0.30275 -0.489165 -0.480427 -0.30275 -0.480103 -0.477221 -0.30275 -0.467725 -0.480427 -0.30275 -0.455348 -0.489186 -0.30275 -0.446286 -0.50115 -0.30275 -0.442969 -0.513115 -0.30275 -0.446286 -0.513115 -0.30275 -0.446286 -0.521874 -0.30275 -0.455348 -0.52508 -0.30275 -0.467725 -0.50115 0.0786016 -0.44215 -0.513115 0.0796561 -0.444829 -0.513115 0.0945771 0.583302 -0.513115 0.12004 0.569265 -0.521874 0.113889 0.563129 -0.521874 0.0913426 0.575897 -0.50115 0.095761 0.586012 -0.50115 0.12231 0.571516 -0.489186 0.0945771 0.583302 -0.489186 0.120057 0.569256 -0.480427 0.0913426 0.575897 -0.480427 0.113889 0.563129 -0.489186 0.120057 0.569256 -0.489186 0.0945771 0.583302 -0.477221 0.0869246 0.565781 -0.477221 0.10555 0.554835 -0.480427 0.0825061 0.555665 -0.480427 0.09737 0.546637 -0.489186 0.0792716 0.54826 -0.489186 0.0915594 0.540686 -0.50115 0.0780879 0.54555 -0.50115 0.0894888 0.538514 -0.513115 0.0792716 0.54826 -0.510646 0.0937251 0.53926 -0.50115 0.0894888 0.538514 -0.50115 0.0780879 0.54555 -0.521874 0.0825061 0.555665 -0.5233 0.0995357 0.544167 -0.510646 0.0937251 0.53926 -0.513115 0.0792716 0.54826 -0.52508 0.0869246 0.565781 -0.52755 0.107716 0.55626 -0.521999 0.152498 0.489613 -0.513186 0.160905 0.491493 -0.513115 0.162353 0.462712 -0.526399 0.141813 0.486117 -0.521322 0.130137 0.483062 -0.513186 0.120944 0.482597 -0.501147 0.117822 0.481928 -0.513186 0.120944 0.482597 -0.489108 0.120944 0.482597 -0.480294 0.12944 0.484459 -0.477069 0.14099 0.487035 -0.480294 0.152498 0.489613 -0.489108 0.160904 0.491502 -0.489186 0.162353 0.462712 -0.501147 0.163978 0.492187 -0.489108 0.160904 0.491502 -0.489186 0.162353 0.462712 -0.50115 0.165497 0.463308 -0.521874 0.142485 0.530596 -0.52755 0.135722 0.520244 -0.527932 0.124378 0.540498 -0.521874 0.130857 0.549217 -0.513115 0.137191 0.555609 -0.513115 0.14899 0.537105 -0.50115 0.139511 0.557953 -0.50115 0.15136 0.539496 -0.489186 0.137193 0.555611 -0.489186 0.148982 0.537122 -0.480427 0.130857 0.549217 -0.489186 0.137193 0.555611 -0.480427 0.142485 0.530596 -0.489186 0.148982 0.537122 -0.477221 0.122213 0.540498 -0.477221 0.133556 0.52167 -0.480427 0.113586 0.5318 -0.480427 0.12454 0.512727 -0.489186 0.107293 0.525452 -0.489186 0.117844 0.506207 -0.50115 0.104995 0.523135 -0.50115 0.115362 0.503839 -0.510646 0.0937251 0.53926 -0.513115 0.107293 0.525452 -0.513115 0.117844 0.506207 -0.521874 0.115752 0.528948 -0.513115 0.107293 0.525452 -0.520448 0.126706 0.510258 -0.513115 0.117844 0.506207 -0.5233 0.0592939 0.586779 -0.511689 0.0593275 0.595841 -0.510646 0.0748263 0.592218 -0.521874 0.0748914 0.58472 -0.523251 0.0744509 0.570862 -0.522968 0.0588094 0.571933 -0.498299 0.0593505 0.596688 -0.500133 0.0743278 0.595832 -0.487423 0.0588591 0.594389 -0.489186 0.0743579 0.592828 -0.487423 0.0588591 0.594389 -0.481445 0.0588256 0.586072 -0.482189 0.0744231 0.582886 -0.489186 0.0743579 0.592828 -0.479256 0.0588416 0.571933 -0.478983 0.0744832 0.568751 -0.481445 0.0589063 0.557792 -0.480427 0.0745306 0.555793 -0.488168 0.0589581 0.548731 -0.487423 0.0745751 0.548252 -0.499115 0.0589722 0.547177 -0.502207 0.0745628 0.544308 -0.514945 0.0589258 0.549401 -0.513115 0.0745429 0.547084 -0.514945 0.0589258 0.549401 -0.520818 0.058874 0.557662 -0.520045 0.0744984 0.556736 -0.513115 0.0745429 0.547084 -0.521874 0.153748 -0.392333 -0.521874 0.158611 -0.356349 -0.52312 0.161326 -0.354766 -0.522347 0.156463 -0.39155 -0.521874 0.158611 -0.356349 -0.513115 0.168064 -0.355992 -0.514694 0.171204 -0.354189 -0.52312 0.161326 -0.354766 -0.513115 0.162572 -0.393327 -0.521874 0.153748 -0.392333 -0.522347 0.156463 -0.39155 -0.51575 0.165712 -0.391816 -0.513115 0.168064 -0.355992 -0.50115 0.171524 -0.355861 -0.50298 0.175089 -0.355223 -0.514694 0.171204 -0.354189 -0.50115 0.165802 -0.393691 -0.513115 0.162572 -0.393327 -0.51575 0.165712 -0.391816 -0.503263 0.169367 -0.394145 -0.50115 0.171524 -0.355861 -0.489186 0.168064 -0.355992 -0.489411 0.171528 -0.355297 -0.50298 0.175089 -0.355223 -0.489186 0.162572 -0.393327 -0.50115 0.165802 -0.393691 -0.503263 0.169367 -0.394145 -0.488648 0.166036 -0.391843 -0.489186 0.168064 -0.355992 -0.480427 0.158611 -0.356349 -0.478125 0.160807 -0.356659 -0.489411 0.171528 -0.355297 -0.480427 0.158611 -0.356349 -0.480427 0.153748 -0.392333 -0.478125 0.156787 -0.390488 -0.478125 0.160807 -0.356659 -0.480427 0.153748 -0.392333 -0.489186 0.162572 -0.393327 -0.488648 0.166036 -0.391843 -0.478125 0.156787 -0.390488 -0.513115 0.168064 0.423017 -0.521874 0.158611 0.423374 -0.524168 0.160817 0.423675 -0.514687 0.170691 0.423391 -0.521874 0.158611 0.423374 -0.521874 0.153763 0.461087 -0.524168 0.155969 0.461388 -0.524168 0.160817 0.423675 -0.521874 0.153763 0.461087 -0.513115 0.162353 0.462712 -0.514687 0.16498 0.463086 -0.524168 0.155969 0.461388 -0.50115 0.171524 0.422887 -0.513115 0.168064 0.423017 -0.514687 0.170691 0.423391 -0.50115 0.174572 0.423333 -0.513115 0.162353 0.462712 -0.50115 0.165497 0.463308 -0.50115 0.168545 0.463754 -0.514687 0.16498 0.463086 -0.489186 0.168064 0.423017 -0.50115 0.171524 0.422887 -0.50115 0.174572 0.423333 -0.487614 0.170691 0.423391 -0.50115 0.165497 0.463308 -0.489186 0.162353 0.462712 -0.487614 0.16498 0.463086 -0.50115 0.168545 0.463754 -0.480427 0.153763 0.461087 -0.480427 0.158611 0.423374 -0.478134 0.160817 0.423675 -0.478134 0.155969 0.461388 -0.480427 0.158611 0.423374 -0.489186 0.168064 0.423017 -0.487614 0.170691 0.423391 -0.478134 0.160817 0.423675 -0.489186 0.162353 0.462712 -0.480427 0.153763 0.461087 -0.478134 0.155969 0.461388 -0.487614 0.16498 0.463086 -0.522347 0.156463 -0.39155 -0.52312 0.161326 -0.354766 -0.533372 0.169872 -0.357939 -0.533372 0.165009 -0.393924 -0.52312 0.161326 -0.354766 -0.514694 0.171204 -0.354189 -0.521026 0.181401 -0.357937 -0.533372 0.169872 -0.357939 -0.51575 0.165712 -0.391816 -0.522347 0.156463 -0.39155 -0.533372 0.165009 -0.393924 -0.521026 0.175909 -0.395272 -0.514694 0.171204 -0.354189 -0.50298 0.175089 -0.355223 -0.50115 0.186937 -0.358161 -0.521026 0.181401 -0.357937 -0.503263 0.169367 -0.394145 -0.51575 0.165712 -0.391816 -0.521026 0.175909 -0.395272 -0.50115 0.181215 -0.39599 -0.50298 0.175089 -0.355223 -0.489411 0.171528 -0.355297 -0.481275 0.181401 -0.357937 -0.50115 0.186937 -0.358161 -0.488648 0.166036 -0.391843 -0.503263 0.169367 -0.394145 -0.50115 0.181215 -0.39599 -0.481275 0.175909 -0.395272 -0.489411 0.171528 -0.355297 -0.478125 0.160807 -0.356659 -0.468929 0.169872 -0.357939 -0.481275 0.181401 -0.357937 -0.478125 0.160807 -0.356659 -0.478125 0.156787 -0.390488 -0.468929 0.165009 -0.393924 -0.468929 0.169872 -0.357939 -0.478125 0.156787 -0.390488 -0.488648 0.166036 -0.391843 -0.481275 0.175909 -0.395272 -0.468929 0.165009 -0.393924 -0.514687 0.170691 0.423391 -0.524168 0.160817 0.423675 -0.533329 0.169922 0.424917 -0.52099 0.181433 0.424919 -0.524168 0.160817 0.423675 -0.524168 0.155969 0.461388 -0.533329 0.165074 0.46263 -0.533329 0.169922 0.424917 -0.524168 0.155969 0.461388 -0.514687 0.16498 0.463086 -0.52099 0.175722 0.464614 -0.533329 0.165074 0.46263 -0.50115 0.174572 0.423333 -0.514687 0.170691 0.423391 -0.52099 0.181433 0.424919 -0.50115 0.186951 0.425147 -0.514687 0.16498 0.463086 -0.50115 0.168545 0.463754 -0.50115 0.180923 0.465568 -0.52099 0.175722 0.464614 -0.487614 0.170691 0.423391 -0.50115 0.174572 0.423333 -0.50115 0.186951 0.425147 -0.48131 0.181433 0.424919 -0.50115 0.168545 0.463754 -0.487614 0.16498 0.463086 -0.48131 0.175722 0.464614 -0.50115 0.180923 0.465568 -0.478134 0.155969 0.461388 -0.478134 0.160817 0.423675 -0.468972 0.169922 0.424917 -0.468972 0.165074 0.46263 -0.478134 0.160817 0.423675 -0.487614 0.170691 0.423391 -0.48131 0.181433 0.424919 -0.468972 0.169922 0.424917 -0.487614 0.16498 0.463086 -0.478134 0.155969 0.461388 -0.468972 0.165074 0.46263 -0.48131 0.175722 0.464614 -0.522436 0.149885 0.509197 -0.51343 0.157654 0.51318 -0.501127 0.16049 0.514645 -0.488824 0.15765 0.513193 -0.488824 0.15765 0.513193 -0.479818 0.149885 0.509197 -0.476522 0.139239 0.503735 -0.479818 0.128531 0.498267 -0.488824 0.120625 0.494289 -0.501127 0.11771 0.492849 -0.51343 0.120625 0.494289 -0.51343 0.120625 0.494289 -0.52141 0.129897 0.496359 -0.527511 0.140679 0.502569 -0.540806 -0.988893 -0.480103 -0.531073 -1 -0.474475 -0.532821 -1 -0.467725 -0.544012 -0.988874 -0.467725 -0.532048 -0.988945 -0.489165 -0.526461 -1 -0.479302 -0.526461 -1 -0.479302 -0.532048 -0.988945 -0.489165 -0.520283 -0.989019 -0.492481 -0.520565 -1 -0.481036 -0.508321 -0.989095 -0.489165 -0.514356 -1 -0.479399 -0.499366 -0.989148 -0.480103 -0.509459 -1 -0.47454 -0.509459 -1 -0.47454 -0.499366 -0.989148 -0.480103 -0.496161 -0.989167 -0.467725 -0.507654 -1 -0.467725 -0.499366 -0.989148 -0.455348 -0.509441 -1 -0.460827 -0.508123 -0.989095 -0.446286 -0.514184 -1 -0.455973 -0.514184 -1 -0.455973 -0.508123 -0.989095 -0.446286 -0.520086 -0.989019 -0.442969 -0.520389 -1 -0.454322 -0.532048 -0.988945 -0.446286 -0.526515 -1 -0.456106 -0.526515 -1 -0.456106 -0.532048 -0.988945 -0.446286 -0.540806 -0.988893 -0.455348 -0.531107 -1 -0.460957 -0.520283 -0.989019 -0.492481 -0.508321 -0.989095 -0.489165 -0.508321 -0.989095 -0.489165 -0.520086 -0.989019 -0.442969 -0.532048 -0.988945 -0.446286 -0.531073 -1 -0.474475 -0.520406 -1 -0.467725 -0.507654 -1 -0.467725 -0.509441 -1 -0.460827 -0.531107 -1 -0.460957 -0.532821 -1 -0.467725 -0.606299 -0.989019 0.58431 -0.597758 -1 0.578761 -0.593254 -1 0.583878 -0.597567 -0.989236 0.593371 -0.609494 -0.988935 0.571933 -0.599351 -1 0.571933 -0.597567 -0.989236 0.593371 -0.593254 -1 0.583878 -0.586933 -1 0.586008 -0.58564 -0.989541 0.596688 -0.580279 -1 0.584439 -0.573717 -0.989872 0.593371 -0.575131 -1 0.579309 -0.564987 -0.990105 0.58431 -0.564987 -0.990105 0.58431 -0.575131 -1 0.579309 -0.57322 -1 0.571933 -0.56179 -0.99018 0.571933 -0.575268 -1 0.564633 -0.564987 -0.990105 0.559555 -0.564987 -0.990105 0.559555 -0.575268 -1 0.564633 -0.580429 -1 0.559678 -0.573717 -0.989872 0.550494 -0.586933 -1 0.558216 -0.58564 -0.989541 0.547177 -0.593094 -1 0.560255 -0.597567 -0.989236 0.550494 -0.597567 -0.989236 0.550494 -0.593094 -1 0.560255 -0.597605 -1 0.56519 -0.606299 -0.989019 0.559555 -0.58564 -0.989541 0.547177 -0.597567 -0.989236 0.550494 -0.573717 -0.989872 0.550494 -0.573717 -0.989872 0.593371 -0.58564 -0.989541 0.596688 -0.573717 -0.989872 0.593371 -0.597758 -1 0.578761 -0.586933 -1 0.571932 -0.57322 -1 0.571933 -0.597605 -1 0.56519 -0.599351 -1 0.571933 -0.508842 -0.474941 -0.459934 0.516543 -0.474941 -0.459934 0.516543 -0.520399 -0.459934 -0.508842 -0.520399 -0.459934 0.516543 -0.520399 -0.459934 0.516543 -0.522157 -0.456941 -0.508842 -0.522157 -0.456941 -0.508842 -0.520399 -0.459934 -0.508842 -0.520399 -0.447961 0.516543 -0.520399 -0.447961 0.516543 -0.474941 -0.447961 -0.508842 -0.474941 -0.447961 0.516543 -0.474941 -0.447961 0.516543 -0.473075 -0.450356 -0.508842 -0.473075 -0.450356 -0.508842 -0.474941 -0.447961 -0.508842 -0.473183 -0.456941 0.516543 -0.473183 -0.456941 0.516543 -0.474941 -0.459934 -0.508842 -0.474941 -0.459934 -0.508842 -0.522276 -0.450356 0.516543 -0.522276 -0.450356 0.516543 -0.520399 -0.447961 -0.508842 -0.520399 -0.447961 -0.508842 -0.501584 0.556952 0.516543 -0.501584 0.556952 0.516543 -0.547042 0.556952 -0.508842 -0.547042 0.556952 0.516543 -0.547042 0.556952 0.516543 -0.5488 0.559945 -0.508842 -0.5488 0.559945 -0.508842 -0.547042 0.556952 -0.508842 -0.547042 0.568924 0.516543 -0.547042 0.568924 0.516543 -0.501584 0.568924 -0.508842 -0.501584 0.568924 0.516543 -0.501584 0.568924 0.516543 -0.499718 0.56653 -0.508842 -0.499718 0.56653 -0.508842 -0.501584 0.568924 -0.508842 -0.499826 0.559945 0.516543 -0.499826 0.559945 0.516543 -0.501584 0.556952 -0.508842 -0.501584 0.556952 -0.508842 -0.548919 0.56653 0.516543 -0.548919 0.56653 0.516543 -0.547042 0.568924 -0.508842 -0.547042 0.568924 -0.516162 -0.508603 -0.462276 -0.522485 -0.514926 -0.462276 -0.522485 -0.514926 0.563109 -0.516162 -0.508603 0.563109 -0.524801 -0.523565 -0.462276 -0.524801 -0.523565 0.563109 -0.522485 -0.532203 -0.462276 -0.522485 -0.532203 0.563109 -0.522485 -0.532203 -0.462276 -0.516162 -0.538526 -0.462276 -0.516162 -0.538526 0.563109 -0.522485 -0.532203 0.563109 -0.507524 -0.540841 -0.462276 -0.507524 -0.540841 0.563109 -0.498886 -0.538526 -0.462276 -0.498886 -0.538526 0.563109 -0.492562 -0.532203 -0.462276 -0.492562 -0.532203 0.563109 -0.492562 -0.532203 -0.462276 -0.490248 -0.523565 -0.462276 -0.490248 -0.523565 0.563109 -0.492562 -0.532203 0.563109 -0.492562 -0.514926 -0.462276 -0.492562 -0.514926 0.563109 -0.498886 -0.508603 -0.462276 -0.498886 -0.508603 0.563109 -0.500613 -0.136142 0.563109 -0.500613 -0.136142 -0.462276 -0.507524 -0.136102 -0.462276 -0.507524 -0.136102 0.563109 -0.514434 -0.136142 -0.462276 -0.514434 -0.136142 0.563109 -0.498886 -0.137879 -0.462276 -0.498886 -0.137879 0.563109 -0.516162 -0.137879 0.563109 -0.516162 -0.137879 -0.462276 -0.498886 -0.137879 -0.462276 -0.498886 -0.137879 0.563109 -0.516162 -0.137879 -0.462276 -0.516162 -0.137879 0.563109 -0.508842 -0.0752743 0.559776 0.516543 -0.0752743 0.559776 0.516543 -0.120733 0.559776 -0.508842 -0.120733 0.559776 0.516543 -0.120733 0.559776 0.516543 -0.122491 0.562769 -0.508842 -0.122491 0.562769 -0.508842 -0.120733 0.559776 -0.508842 -0.120733 0.571749 0.516543 -0.120733 0.571749 0.516543 -0.0752743 0.571749 -0.508842 -0.0752743 0.571749 0.516543 -0.0752743 0.571749 0.516543 -0.0734084 0.569354 -0.508842 -0.0734084 0.569354 -0.508842 -0.0752743 0.571749 -0.508842 -0.0735162 0.562769 0.516543 -0.0735162 0.562769 0.516543 -0.0752743 0.559776 -0.508842 -0.0752743 0.559776 -0.508842 -0.122609 0.569354 0.516543 -0.122609 0.569354 0.516543 -0.120733 0.571749 -0.508842 -0.120733 0.571749 -0.43649 0.915786 0.699115 -0.468163 0.918676 0.684934 -0.462037 -0.388112 0.529545 -0.435764 -0.391275 0.528913 -0.468163 0.918676 0.684934 -0.478575 0.926178 0.652023 -0.478585 -0.380867 0.481907 -0.462037 -0.388112 0.529545 -0.464996 0.966935 0.658108 -0.457947 0.980328 0.601391 -0.471928 0.939941 0.596132 -0.432212 0.983731 0.661073 -0.424196 0.997057 0.603569 -0.437791 0.98403 0.564856 -0.452718 0.945475 0.559835 -0.401753 1 0.566936 -0.42428 -0.425673 0.418305 -0.460489 -0.409799 0.421248 -0.437791 -0.398733 0.384796 -0.401753 -0.414703 0.382717 -0.460489 -0.409799 0.421248 -0.471928 -0.368659 0.425729 -0.452718 -0.360178 0.389817 -0.397456 0.958903 0.530352 -0.412393 0.921987 0.525545 -0.361396 0.974193 0.532343 -0.397623 -0.361721 0.358384 -0.361964 -0.377157 0.356374 -0.412393 -0.324455 0.363237 -0.334597 0.891203 0.480934 -0.348402 0.852059 0.475836 -0.30127 0.907418 0.483045 -0.334934 -0.273206 0.329307 -0.30242 -0.289826 0.327143 -0.348402 -0.233083 0.334532 -0.292763 0.846546 0.456354 -0.306181 0.807182 0.451023 -0.260367 0.862828 0.458679 -0.292579 -0.216388 0.317524 -0.25984 -0.23252 0.315229 -0.306141 -0.177391 0.322797 -0.461717 0.953397 0.683645 -0.435676 0.959563 0.69111 -0.461717 0.953397 0.683645 -0.435676 0.959563 0.69111 -0.260181 -0.177391 0.322797 -0.260007 0.807182 0.451023 -0.431491 -0.438852 0.475177 -0.463082 -0.423317 0.478542 -0.463082 -0.423317 0.478542 -0.463327 -0.415986 0.508316 -0.463327 -0.415986 0.508316 -0.434817 -0.429205 0.509918 -0.435764 -0.391275 0.528913 -0.462037 -0.388112 0.529545 -0.00332618 0.915786 0.699115 -0.00332642 0.959563 0.69111 -0.00332642 -0.391275 0.528913 -0.00332642 -0.429205 0.509918 -0.00332642 -0.391275 0.528913 -0.00332618 -0.438852 0.475177 -0.00332618 -0.425673 0.418305 -0.00332642 -0.414703 0.382717 -0.00332618 -0.377157 0.356374 -0.00332618 -0.289826 0.327143 -0.00332618 -0.23252 0.315229 -0.00332618 -0.177391 0.322797 -0.00332618 0.807182 0.451023 -0.00332642 0.862828 0.458679 -0.00332618 0.907418 0.483045 -0.00332618 0.974193 0.532343 -0.00332642 1 0.566936 -0.00332642 0.997057 0.603569 -0.00332642 0.983731 0.661073 -0.00332642 0.959563 0.69111 0.429838 0.915786 0.699115 0.429111 -0.391275 0.528913 0.455384 -0.388112 0.529545 0.461511 0.918676 0.684934 0.461511 0.918676 0.684934 0.455384 -0.388112 0.529545 0.471932 -0.380867 0.481907 0.471922 0.926178 0.652023 0.465276 0.939941 0.596132 0.451295 0.980328 0.601391 0.458343 0.966935 0.658108 0.417543 0.997057 0.603569 0.42556 0.983731 0.661073 0.446066 0.945475 0.559835 0.431138 0.98403 0.564856 0.3951 1 0.566936 0.417628 -0.425673 0.418305 0.3951 -0.414703 0.382717 0.431138 -0.398733 0.384796 0.453836 -0.409799 0.421248 0.453836 -0.409799 0.421248 0.446066 -0.360178 0.389817 0.465276 -0.368659 0.425729 0.40574 0.921987 0.525545 0.390804 0.958903 0.530352 0.354743 0.974193 0.532343 0.355312 -0.377157 0.356374 0.39097 -0.361721 0.358384 0.40574 -0.324455 0.363237 0.34175 0.852059 0.475836 0.327945 0.891203 0.480934 0.294617 0.907418 0.483045 0.295768 -0.289826 0.327143 0.328282 -0.273206 0.329307 0.34175 -0.233083 0.334532 0.299528 0.807182 0.451023 0.28611 0.846546 0.456354 0.253714 0.862828 0.458679 0.253188 -0.23252 0.315229 0.285927 -0.216388 0.317524 0.299489 -0.177391 0.322797 0.455064 0.953397 0.683645 0.455064 0.953397 0.683645 0.429023 0.959563 0.69111 0.429023 0.959563 0.69111 0.253528 -0.177391 0.322797 0.253355 0.807182 0.451023 0.456429 -0.423317 0.478542 0.424839 -0.438852 0.475177 0.456429 -0.423317 0.478542 0.456674 -0.415986 0.508316 0.456674 -0.415986 0.508316 0.428164 -0.429205 0.509918 0.429111 -0.391275 0.528913 0.455384 -0.388112 0.529545 0.235417 -0.138718 -0.213244 0.112666 -0.127347 -0.214714 0.112666 -0.21153 0.259636 0.235417 -0.21153 0.259636 0.235417 -0.146782 -0.34448 0.112666 -0.135411 -0.345949 0.235417 -0.165395 -0.466024 0.112666 -0.154024 -0.467494 0.235417 -0.193291 -0.569619 0.112666 -0.181919 -0.571088 0.235417 -0.23229 -0.647724 0.112666 -0.226922 -0.648387 -0.00777745 -0.127347 -0.214714 -0.00777745 -0.21153 0.259636 -0.00777745 -0.135411 -0.345949 -0.00777745 -0.154024 -0.467494 -0.00777745 -0.181919 -0.571088 -0.00777745 -0.226922 -0.648387 0.112666 -0.403246 -0.699115 0.112666 -0.449979 -0.687627 -0.00777745 -0.449979 -0.687627 -0.00777745 -0.403246 -0.699115 0.235417 -0.409038 -0.698367 0.235417 -0.449757 -0.687256 0.235481 -0.461148 -0.560758 0.235475 -0.469479 -0.463919 0.112703 -0.469479 -0.463919 0.112707 -0.461148 -0.560758 -0.00777745 -0.469479 -0.463919 -0.00777745 -0.461148 -0.560758 0.112697 -0.480683 -0.333686 0.112691 -0.493024 -0.190237 -0.00777745 -0.493024 -0.190237 -0.00777745 -0.480683 -0.333686 0.235466 -0.480683 -0.333686 0.235456 -0.493024 -0.190237 0.235487 -0.45419 -0.641631 0.11271 -0.45419 -0.641631 -0.00777745 -0.45419 -0.641631 0.112666 -0.449979 -0.687627 0.235417 -0.449757 -0.687256 -0.00777745 -0.449979 -0.687627 0.235417 -0.398381 0.356909 0.239056 -0.337171 0.33961 0.11016 -0.337171 0.33961 0.112666 -0.395997 0.355825 0.243079 -0.272274 0.321923 0.10736 -0.272274 0.321923 0.244778 -0.234418 0.309016 0.106176 -0.234418 0.309016 -0.00777745 -0.234418 0.309016 -0.00777745 -0.272274 0.321923 -0.00777745 -0.337171 0.33961 -0.00777745 -0.39375 0.354818 0.455598 -0.232526 -0.210345 0.455442 -0.267335 -0.207574 0.457012 -0.264434 -0.328291 0.457866 -0.229756 -0.3293 0.456064 -0.318911 -0.326692 0.454773 -0.323021 -0.203164 0.454456 -0.404944 -0.32417 0.452692 -0.404059 -0.196812 0.458526 -0.261637 -0.444658 0.460864 -0.217281 -0.44058 0.457296 -0.314988 -0.444622 0.45612 -0.405779 -0.444391 0.458296 -0.311801 -0.540407 0.460756 -0.24217 -0.534458 0.457442 -0.406443 -0.539844 0.458401 -0.406924 -0.609159 0.459046 -0.309412 -0.612197 0.446463 -0.238392 0.227594 0.440021 -0.224875 0.23301 0.44241 -0.244358 0.276096 0.447056 -0.248748 0.260659 0.42807 -0.217679 0.240576 0.430779 -0.240806 0.288106 0.446463 -0.238392 0.227594 0.460116 -0.193164 -0.213232 0.449175 -0.284059 0.275697 0.449384 -0.344408 0.29208 0.445447 -0.404189 0.309651 0.460933 -0.200138 -0.328524 0.460135 -0.272908 -0.603302 0.458944 -0.407197 -0.648356 0.459182 -0.350062 -0.645134 0.459046 -0.309413 -0.6122 0.449765 -0.466382 -0.196649 0.435316 -0.51046 0.329998 0.453097 -0.455135 -0.323344 0.456108 -0.444093 -0.443789 0.458582 -0.435253 -0.537235 0.459697 -0.428326 -0.609761 0.460034 -0.425479 -0.643357 0.45655 -0.261009 -0.613274 0.456993 -0.228589 -0.541079 0.445942 -0.25488 -0.623118 0.445373 -0.221018 -0.549246 0.457171 -0.202873 -0.44521 0.445058 -0.194374 -0.451394 0.456556 -0.178236 -0.214557 0.44422 -0.169001 -0.215819 0.445584 -0.280042 0.288587 0.435938 -0.277365 0.298823 0.457352 -0.185446 -0.331181 0.445209 -0.176495 -0.33481 0.44597 -0.340366 0.305019 0.436354 -0.33701 0.315119 0.44201 -0.40153 0.32289 0.432399 -0.400817 0.333665 0.432261 -0.501036 0.342046 0.446302 -0.407817 -0.673534 0.455715 -0.407412 -0.662429 0.457478 -0.440553 -0.65337 0.447319 -0.447242 -0.663841 0.430521 -0.524504 0.315611 0.443923 -0.480594 -0.196822 0.447513 -0.469495 -0.324299 0.443923 -0.480594 -0.196822 0.430399 -0.487889 -0.197341 0.434213 -0.476715 -0.327185 0.447513 -0.469495 -0.324299 0.450951 -0.458807 -0.445656 0.438109 -0.466038 -0.450772 0.450951 -0.458807 -0.445656 0.453958 -0.450477 -0.538739 0.44155 -0.457917 -0.545071 0.453958 -0.450477 -0.538739 0.455606 -0.443865 -0.613468 0.443687 -0.451241 -0.621711 0.455606 -0.443865 -0.613468 0.443687 -0.451241 -0.621711 0.386194 -0.272274 0.321923 0.413912 -0.274104 0.313618 0.411183 -0.236906 0.300873 0.3832 -0.234418 0.309016 0.386699 -0.336762 0.339499 0.414397 -0.339996 0.331511 0.408907 -0.213251 0.25172 0.380178 -0.210267 0.25957 0.429741 -0.164552 -0.2168 0.401213 -0.158519 -0.217384 0.430352 -0.172086 -0.338389 0.401869 -0.16625 -0.341964 0.429869 -0.190262 -0.457627 0.40145 -0.184815 -0.463515 0.399984 -0.450269 -0.686696 0.428284 -0.449095 -0.677578 0.427372 -0.452916 -0.632426 0.398453 -0.454243 -0.641012 0.428284 -0.449095 -0.677578 0.399984 -0.450269 -0.686696 0.396944 -0.409153 -0.698404 0.424663 -0.408678 -0.689433 0.427019 -0.251418 -0.635626 0.398974 -0.247636 -0.644456 0.40066 -0.212357 -0.566149 0.42898 -0.217213 -0.55831 0.382374 -0.401492 0.358347 0.410323 -0.401457 0.349517 0.39719 -0.461148 -0.560758 0.426039 -0.459654 -0.553506 0.422967 -0.467903 -0.456911 0.394036 -0.46959 -0.462625 0.419637 -0.478722 -0.330482 0.390638 -0.480682 -0.333698 0.415929 -0.490101 -0.19792 0.386832 -0.492375 -0.197772 0.411183 -0.236906 0.300873 0.413912 -0.274104 0.313618 0.414397 -0.339996 0.331511 0.410323 -0.401457 0.349517 0.428284 -0.449095 -0.677578 0.424663 -0.408678 -0.689433 0.447319 -0.447242 -0.663841 0.459821 -0.289249 -0.618788 0.235417 -0.269077 -0.673334 0.235263 -0.298826 -0.688264 0.112666 -0.298361 -0.688663 0.112666 -0.268202 -0.674596 0.234815 -0.332047 -0.694534 0.112666 -0.331538 -0.69483 0.455894 -0.343936 -0.658585 0.456046 -0.311392 -0.650874 0.459417 -0.317386 -0.637371 0.456301 -0.282622 -0.632582 0.397174 -0.33786 -0.694022 0.397466 -0.304782 -0.686601 0.425296 -0.306759 -0.677459 0.424943 -0.34013 -0.685117 0.398091 -0.276308 -0.669289 0.426038 -0.278248 -0.659642 -0.00777745 -0.268201 -0.674597 -0.00777745 -0.331537 -0.69483 0.446147 -0.279274 -0.644056 0.44635 -0.341269 -0.669507 0.426038 -0.278248 -0.659642 0.427019 -0.251418 -0.635626 0.424943 -0.34013 -0.685117 -0.00777745 -0.298361 -0.688663 0.44631 -0.308427 -0.661941 0.425296 -0.306759 -0.677459 -0.250972 -0.138718 -0.213244 -0.250972 -0.21153 0.259636 -0.128221 -0.21153 0.259636 -0.128221 -0.127347 -0.214714 -0.250972 -0.146782 -0.34448 -0.128221 -0.135411 -0.345949 -0.250972 -0.165395 -0.466024 -0.128221 -0.154024 -0.467494 -0.250972 -0.193291 -0.569619 -0.128221 -0.181919 -0.571088 -0.250972 -0.23229 -0.647724 -0.128221 -0.226922 -0.648387 -0.128221 -0.403246 -0.699115 -0.128221 -0.449979 -0.687627 -0.250972 -0.409038 -0.698367 -0.250972 -0.449757 -0.687256 -0.251036 -0.461148 -0.560758 -0.128262 -0.461148 -0.560758 -0.128258 -0.469479 -0.463919 -0.25103 -0.469479 -0.463919 -0.128252 -0.480683 -0.333686 -0.128246 -0.493024 -0.190237 -0.251021 -0.480683 -0.333686 -0.251011 -0.493024 -0.190237 -0.251042 -0.45419 -0.641631 -0.128265 -0.45419 -0.641631 -0.128221 -0.449979 -0.687627 -0.250972 -0.449757 -0.687256 -0.250972 -0.398381 0.356909 -0.128221 -0.395997 0.355825 -0.125715 -0.337171 0.33961 -0.254611 -0.337171 0.33961 -0.122915 -0.272274 0.321923 -0.258634 -0.272274 0.321923 -0.121731 -0.234418 0.309016 -0.260333 -0.234418 0.309016 -0.471153 -0.232526 -0.210345 -0.473421 -0.229756 -0.3293 -0.472567 -0.264434 -0.328291 -0.470997 -0.267335 -0.207574 -0.471619 -0.318911 -0.326692 -0.470328 -0.323021 -0.203164 -0.470011 -0.404944 -0.32417 -0.468247 -0.404059 -0.196812 -0.476419 -0.217281 -0.44058 -0.474081 -0.261637 -0.444658 -0.47285 -0.314988 -0.444622 -0.471675 -0.405779 -0.444391 -0.473851 -0.311801 -0.540407 -0.476311 -0.24217 -0.534458 -0.472996 -0.406443 -0.539844 -0.473956 -0.406924 -0.609159 -0.474601 -0.309412 -0.612197 -0.462018 -0.238392 0.227594 -0.46261 -0.248748 0.260659 -0.457964 -0.244358 0.276096 -0.455576 -0.224875 0.23301 -0.446334 -0.240806 0.288106 -0.443624 -0.217679 0.240576 -0.462018 -0.238392 0.227594 -0.47567 -0.193164 -0.213232 -0.46473 -0.284059 0.275697 -0.464939 -0.344408 0.29208 -0.461002 -0.404189 0.309651 -0.476488 -0.200138 -0.328524 -0.475689 -0.272908 -0.603302 -0.474499 -0.407197 -0.648356 -0.474601 -0.309413 -0.6122 -0.474737 -0.350062 -0.645134 -0.46532 -0.466382 -0.196649 -0.450871 -0.51046 0.329998 -0.468652 -0.455135 -0.323344 -0.471663 -0.444093 -0.443789 -0.474137 -0.435253 -0.537235 -0.475252 -0.428326 -0.609761 -0.47559 -0.425479 -0.643357 -0.472548 -0.228589 -0.541079 -0.472105 -0.261009 -0.613274 -0.460928 -0.221018 -0.549246 -0.461497 -0.25488 -0.623118 -0.472726 -0.202873 -0.44521 -0.460613 -0.194374 -0.451394 -0.459775 -0.169001 -0.215819 -0.472111 -0.178236 -0.214557 -0.461139 -0.280042 0.288587 -0.451493 -0.277365 0.298823 -0.460763 -0.176495 -0.33481 -0.472907 -0.185446 -0.331181 -0.461524 -0.340366 0.305019 -0.451909 -0.33701 0.315119 -0.457565 -0.40153 0.32289 -0.447953 -0.400817 0.333665 -0.450871 -0.51046 0.329998 -0.447817 -0.501036 0.342046 -0.457565 -0.40153 0.32289 -0.461857 -0.407817 -0.673534 -0.462874 -0.447242 -0.663841 -0.473032 -0.440553 -0.65337 -0.47127 -0.407412 -0.662429 -0.459478 -0.480594 -0.196822 -0.446076 -0.524504 0.315611 -0.463068 -0.469495 -0.324299 -0.459478 -0.480594 -0.196822 -0.463068 -0.469495 -0.324299 -0.449768 -0.476715 -0.327185 -0.445953 -0.487889 -0.197341 -0.466506 -0.458807 -0.445656 -0.466506 -0.458807 -0.445656 -0.453664 -0.466038 -0.450772 -0.469513 -0.450477 -0.538739 -0.469513 -0.450477 -0.538739 -0.457104 -0.457917 -0.545071 -0.471161 -0.443865 -0.613468 -0.471161 -0.443865 -0.613468 -0.459242 -0.451241 -0.621711 -0.459242 -0.451241 -0.621711 -0.401749 -0.272274 0.321923 -0.398754 -0.234418 0.309016 -0.426738 -0.236906 0.300873 -0.429467 -0.274104 0.313618 -0.429952 -0.339996 0.331511 -0.402254 -0.336762 0.339499 -0.395733 -0.210267 0.25957 -0.424462 -0.213251 0.25172 -0.416768 -0.158519 -0.217384 -0.445296 -0.164552 -0.2168 -0.417424 -0.16625 -0.341964 -0.445907 -0.172086 -0.338389 -0.417005 -0.184815 -0.463515 -0.445424 -0.190262 -0.457627 -0.415539 -0.450269 -0.686696 -0.414008 -0.454243 -0.641012 -0.442927 -0.452916 -0.632426 -0.443839 -0.449095 -0.677578 -0.443839 -0.449095 -0.677578 -0.440218 -0.408678 -0.689433 -0.412499 -0.409153 -0.698404 -0.415539 -0.450269 -0.686696 -0.442574 -0.251418 -0.635626 -0.444535 -0.217213 -0.55831 -0.416214 -0.212357 -0.566149 -0.414528 -0.247636 -0.644456 -0.397929 -0.401492 0.358347 -0.425878 -0.401457 0.349517 -0.412745 -0.461148 -0.560758 -0.409591 -0.46959 -0.462625 -0.438522 -0.467903 -0.456911 -0.441593 -0.459654 -0.553506 -0.406192 -0.480682 -0.333698 -0.435192 -0.478722 -0.330482 -0.402387 -0.492375 -0.197772 -0.431484 -0.490101 -0.19792 -0.426738 -0.236906 0.300873 -0.429467 -0.274104 0.313618 -0.429952 -0.339996 0.331511 -0.425878 -0.401457 0.349517 -0.443839 -0.449095 -0.677578 -0.440218 -0.408678 -0.689433 -0.462874 -0.447242 -0.663841 -0.475376 -0.289249 -0.618788 -0.250972 -0.269077 -0.673334 -0.128221 -0.268202 -0.674596 -0.128221 -0.298361 -0.688663 -0.250818 -0.298826 -0.688264 -0.128221 -0.331538 -0.69483 -0.25037 -0.332047 -0.694534 -0.471449 -0.343936 -0.658585 -0.474972 -0.317386 -0.637371 -0.471601 -0.311392 -0.650874 -0.471856 -0.282622 -0.632582 -0.412729 -0.33786 -0.694022 -0.440498 -0.34013 -0.685117 -0.440851 -0.306759 -0.677459 -0.413021 -0.304782 -0.686601 -0.441593 -0.278248 -0.659642 -0.413646 -0.276308 -0.669289 -0.461702 -0.279274 -0.644056 -0.461905 -0.341269 -0.669507 -0.441593 -0.278248 -0.659642 -0.442574 -0.251418 -0.635626 -0.440498 -0.34013 -0.685117 -0.461865 -0.308427 -0.661941 -0.440851 -0.306759 -0.677459 0.112668 -0.540057 0.356472 0.112667 -0.532911 0.374474 -0.00777745 -0.532886 0.374407 -0.00777745 -0.540051 0.356402 0.112667 -0.532911 0.374474 0.112666 -0.514221 0.379558 -0.00777745 -0.514174 0.379442 -0.00777745 -0.532886 0.374407 0.430521 -0.524504 0.315611 0.430756 -0.518185 0.335679 0.413944 -0.527841 0.35274 0.401005 -0.536263 0.340106 0.430756 -0.518185 0.335679 0.420962 -0.509211 0.355056 0.413944 -0.527841 0.35274 0.371383 -0.514308 0.379859 0.36977 -0.532962 0.374647 0.398532 -0.530161 0.364593 0.400032 -0.511672 0.370311 0.36977 -0.532962 0.374647 0.369526 -0.540073 0.356656 0.398383 -0.537118 0.345586 0.398532 -0.530161 0.364593 -0.250972 -0.514274 0.379687 -0.250972 -0.532939 0.37455 -0.128222 -0.532911 0.374474 -0.128221 -0.514221 0.379558 -0.250972 -0.532939 0.37455 -0.250974 -0.540063 0.356549 -0.128222 -0.540057 0.356472 -0.128222 -0.532911 0.374474 -0.447817 -0.501036 0.342046 -0.446311 -0.518185 0.335679 -0.431518 -0.526947 0.353068 -0.425436 -0.509149 0.362966 -0.434368 -0.5329 0.332966 -0.385081 -0.540073 0.356656 -0.385325 -0.532962 0.374647 -0.414087 -0.530161 0.364593 -0.413938 -0.537118 0.345586 -0.385325 -0.532962 0.374647 -0.386939 -0.514308 0.379859 -0.415587 -0.511672 0.370311 -0.414087 -0.530161 0.364593 0.235417 -0.514274 0.379687 0.235419 -0.540063 0.356549 -0.00777745 -0.540051 0.3564 0.400032 -0.511672 0.370311 -0.00777745 -0.493024 -0.190237 -0.00777745 -0.540051 0.3564 -0.00777745 -0.540051 0.356402 -0.434368 -0.5329 0.332966 -0.446076 -0.524504 0.315611 -0.415587 -0.511672 0.370311 0.235417 -0.532939 0.37455 0.235417 -0.532939 0.37455 0.398532 -0.530161 0.364593 -0.414087 -0.530161 0.364593 -0.431518 -0.526947 0.353068 -0.5456 0.227539 -0.338429 -0.546084 0.226651 -0.363797 -0.5457 0.208385 -0.362409 -0.545424 0.209067 -0.336056 -0.545067 0.179989 -0.360404 -0.544356 0.179191 -0.333306 -0.546724 0.227495 -0.387604 -0.545963 0.207267 -0.387548 -0.545709 0.180266 -0.386142 -0.546336 0.205368 -0.423254 -0.546475 0.18038 -0.421598 -0.543652 0.228297 0.435784 -0.543778 0.226226 0.44294 -0.541323 0.227577 0.447601 -0.540805 0.231574 0.438075 -0.545356 0.227362 0.355772 -0.546174 0.234545 0.353965 -0.546564 0.235512 -0.339409 -0.54527 0.208682 0.358849 -0.546739 0.232703 -0.363906 -0.546569 0.213161 -0.421709 -0.543942 0.178997 0.362489 -0.546547 0.180346 -0.428773 -0.546336 0.205368 -0.423255 -0.546365 0.196239 -0.429875 -0.544521 0.230798 -0.389685 -0.544387 0.215659 -0.425446 -0.543907 0.23808 0.353726 -0.544388 0.239087 -0.340039 -0.54456 0.236169 -0.365199 -0.544275 0.206193 0.450562 -0.542094 0.207145 0.454803 -0.541273 0.17774 0.459955 -0.539124 0.17932 0.464098 -0.544587 0.176546 -0.432363 -0.544244 0.197191 -0.434433 -0.541262 0.175562 0.362301 -0.541651 0.175777 -0.333314 -0.542429 0.17654 -0.360996 -0.543173 0.176711 -0.387323 -0.544182 0.176597 -0.423712 -0.536809 0.207263 0.458936 -0.5309 0.20798 0.460609 -0.530153 0.229444 0.453123 -0.536123 0.228882 0.451409 -0.530153 0.229444 0.453123 -0.529508 0.234312 0.44234 -0.535638 0.233655 0.440693 -0.536123 0.228882 0.451409 -0.539487 0.240314 0.353733 -0.533394 0.241479 0.353797 -0.533996 0.242589 -0.340617 -0.540083 0.241345 -0.340436 -0.534136 0.239506 -0.367086 -0.540214 0.238342 -0.36627 -0.534047 0.233865 -0.392792 -0.540111 0.23282 -0.391487 -0.533734 0.174341 -0.437756 -0.533407 0.174344 -0.427999 -0.539578 0.174774 -0.426185 -0.539773 0.174742 -0.435827 -0.533518 0.217792 -0.43071 -0.539502 0.217136 -0.428794 -0.533744 0.177623 0.468571 -0.527631 0.177101 0.470634 -0.532465 0.174593 -0.389908 -0.538638 0.175038 -0.388708 -0.53174 0.174506 -0.362366 -0.537927 0.174949 -0.361699 -0.530928 0.173746 -0.333298 -0.537136 0.17421 -0.333351 -0.498491 0.244958 0.354407 -0.498491 0.246641 -0.339917 -0.498491 0.237769 -0.393506 -0.498491 0.220903 -0.431549 -0.498491 0.243405 -0.367801 -0.498491 0.199164 -0.440559 -0.498491 0.174379 -0.437878 -0.533734 0.174341 -0.437756 -0.533134 0.198001 -0.440397 -0.498491 0.174461 -0.362361 -0.498491 0.173681 -0.331686 -0.498491 0.174275 -0.428128 -0.498491 0.17452 -0.390181 -0.498491 0.174379 -0.437878 -0.498491 0.177151 0.470595 -0.498491 0.207938 0.460635 -0.498491 0.229482 0.453121 -0.498491 0.23409 0.442364 -0.498491 0.229482 0.453121 -0.544521 0.230798 -0.389685 -0.544387 0.215659 -0.425446 -0.541323 0.227577 0.447601 -0.540805 0.231574 0.438075 -0.543907 0.23808 0.353726 -0.544388 0.239087 -0.340039 -0.536809 0.207263 0.458936 -0.536123 0.228882 0.451409 -0.54456 0.236169 -0.365199 -0.542429 0.17654 -0.360996 -0.541651 0.175777 -0.333314 -0.543173 0.176711 -0.387323 -0.544182 0.176597 -0.423712 -0.53906 0.197663 -0.43848 -0.539773 0.174742 -0.435827 -0.544587 0.176546 -0.432363 -0.546502 0.209473 -0.424849 -0.546415 0.203247 -0.428535 -0.544277 0.204282 -0.433083 -0.544333 0.21073 -0.429409 -0.53906 0.197663 -0.43848 -0.539135 0.204823 -0.437169 -0.533196 0.205095 -0.439134 -0.533196 0.205095 -0.439134 -0.539135 0.204823 -0.437169 -0.539293 0.211111 -0.433649 -0.53333 0.211368 -0.435722 -0.539773 0.174742 -0.435827 -0.498491 0.212771 -0.43665 -0.539502 0.217136 -0.428794 -0.539293 0.211111 -0.433649 -0.498491 0.206269 -0.439543 -0.498491 0.206269 -0.439543 -0.539135 0.204823 -0.437169 -0.538798 0.175591 0.462887 -0.533424 0.173663 0.467529 -0.533744 0.177623 0.468571 -0.538798 0.175591 0.462887 -0.538747 0.17417 0.458599 -0.533392 0.172115 0.46354 -0.533424 0.173663 0.467529 -0.527235 0.17152 0.465931 -0.527287 0.173104 0.469702 -0.527287 0.173104 0.469702 -0.533424 0.173663 0.467529 -0.536634 0.173929 0.362931 -0.541262 0.175562 0.362301 -0.530433 0.173447 0.363297 -0.498491 0.173398 0.36469 -0.538747 0.17417 0.458599 -0.498491 0.171572 0.465906 -0.498491 0.173153 0.469679 -0.498491 0.173153 0.469679 -0.451382 0.227539 -0.338429 -0.451558 0.209067 -0.336056 -0.451283 0.208385 -0.362409 -0.450898 0.226651 -0.363797 -0.452627 0.179191 -0.333306 -0.451916 0.179989 -0.360404 -0.45102 0.207267 -0.387548 -0.450258 0.227495 -0.387604 -0.451273 0.180266 -0.386142 -0.450507 0.18038 -0.421598 -0.450646 0.205368 -0.423254 -0.453331 0.228297 0.435784 -0.456177 0.231574 0.438075 -0.45566 0.227577 0.447601 -0.453205 0.226226 0.44294 -0.450809 0.234545 0.353965 -0.451626 0.227362 0.355772 -0.450418 0.235512 -0.339409 -0.451712 0.208682 0.358849 -0.450244 0.232703 -0.363906 -0.450414 0.213161 -0.421709 -0.45304 0.178997 0.362489 -0.450435 0.180346 -0.428773 -0.450617 0.196239 -0.429875 -0.450646 0.205368 -0.423255 -0.452596 0.215659 -0.425446 -0.452461 0.230798 -0.389685 -0.453075 0.23808 0.353726 -0.452595 0.239087 -0.340039 -0.452422 0.236169 -0.365199 -0.454888 0.207145 0.454803 -0.452708 0.206193 0.450562 -0.457858 0.17932 0.464098 -0.45571 0.17774 0.459955 -0.452395 0.176546 -0.432363 -0.452738 0.197191 -0.434433 -0.455721 0.175562 0.362301 -0.455332 0.175777 -0.333314 -0.454554 0.17654 -0.360996 -0.453809 0.176711 -0.387323 -0.452801 0.176597 -0.423712 -0.460173 0.207263 0.458936 -0.460859 0.228882 0.451409 -0.46683 0.229444 0.453123 -0.466083 0.20798 0.460609 -0.46683 0.229444 0.453123 -0.460859 0.228882 0.451409 -0.461345 0.233655 0.440693 -0.467475 0.234312 0.44234 -0.463588 0.241479 0.353797 -0.457495 0.240314 0.353733 -0.456899 0.241345 -0.340436 -0.462986 0.242589 -0.340617 -0.456769 0.238342 -0.36627 -0.462847 0.239506 -0.367086 -0.456872 0.23282 -0.391487 -0.462936 0.233865 -0.392792 -0.463248 0.174341 -0.437756 -0.45721 0.174742 -0.435827 -0.457405 0.174774 -0.426185 -0.463575 0.174344 -0.427999 -0.45748 0.217136 -0.428794 -0.463464 0.217792 -0.43071 -0.469351 0.177101 0.470634 -0.463238 0.177623 0.468571 -0.458344 0.175038 -0.388708 -0.464518 0.174593 -0.389908 -0.459055 0.174949 -0.361699 -0.465243 0.174506 -0.362366 -0.459846 0.17421 -0.333351 -0.466055 0.173746 -0.333298 -0.463848 0.198001 -0.440397 -0.463248 0.174341 -0.437756 -0.452461 0.230798 -0.389685 -0.452596 0.215659 -0.425446 -0.45566 0.227577 0.447601 -0.456177 0.231574 0.438075 -0.453075 0.23808 0.353726 -0.452595 0.239087 -0.340039 -0.460173 0.207263 0.458936 -0.460859 0.228882 0.451409 -0.452422 0.236169 -0.365199 -0.454554 0.17654 -0.360996 -0.455332 0.175777 -0.333314 -0.453809 0.176711 -0.387323 -0.452801 0.176597 -0.423712 -0.457923 0.197663 -0.43848 -0.45721 0.174742 -0.435827 -0.452395 0.176546 -0.432363 -0.450481 0.209473 -0.424849 -0.452705 0.204282 -0.433083 -0.450567 0.203247 -0.428535 -0.45265 0.21073 -0.429409 -0.463786 0.205095 -0.439134 -0.457848 0.204823 -0.437169 -0.457923 0.197663 -0.43848 -0.463786 0.205095 -0.439134 -0.463653 0.211368 -0.435722 -0.457689 0.211111 -0.433649 -0.457848 0.204823 -0.437169 -0.45721 0.174742 -0.435827 -0.457689 0.211111 -0.433649 -0.45748 0.217136 -0.428794 -0.457848 0.204823 -0.437169 -0.463238 0.177623 0.468571 -0.463558 0.173663 0.467529 -0.458184 0.175591 0.462887 -0.458184 0.175591 0.462887 -0.463558 0.173663 0.467529 -0.46359 0.172115 0.46354 -0.458235 0.17417 0.458599 -0.469748 0.17152 0.465931 -0.469696 0.173104 0.469702 -0.469696 0.173104 0.469702 -0.463558 0.173663 0.467529 -0.455721 0.175562 0.362301 -0.460348 0.173929 0.362931 -0.46655 0.173447 0.363297 -0.458235 0.17417 0.458599 0.497632 -0.508603 -0.462276 0.491308 -0.514926 -0.462276 0.491308 -0.514926 0.563109 0.497632 -0.508603 0.563109 0.488993 -0.523565 -0.462276 0.488993 -0.523565 0.563109 0.491308 -0.532203 -0.462276 0.491308 -0.532203 0.563109 0.491308 -0.532203 -0.462276 0.497632 -0.538526 -0.462276 0.497632 -0.538526 0.563109 0.491308 -0.532203 0.563109 0.50627 -0.540841 -0.462276 0.50627 -0.540841 0.563109 0.514908 -0.538526 -0.462276 0.514908 -0.538526 0.563109 0.521232 -0.532203 -0.462276 0.521232 -0.532203 0.563109 0.521232 -0.532203 -0.462276 0.523546 -0.523565 -0.462276 0.523546 -0.523565 0.563109 0.521232 -0.532203 0.563109 0.521232 -0.514926 -0.462276 0.521232 -0.514926 0.563109 0.514908 -0.508603 -0.462276 0.514908 -0.508603 0.563109 0.513181 -0.136142 0.563109 0.513181 -0.136142 -0.462276 0.50627 -0.136102 -0.462276 0.50627 -0.136102 0.563109 0.499359 -0.136142 -0.462276 0.499359 -0.136142 0.563109 0.514908 -0.137879 -0.462276 0.514908 -0.137879 0.563109 0.497632 -0.137879 0.563109 0.497632 -0.137879 -0.462276 0.514908 -0.137879 -0.462276 0.514908 -0.137879 0.563109 0.497632 -0.137879 -0.462276 0.497632 -0.137879 0.563109 0.533372 0.165009 -0.393924 0.521026 0.175909 -0.395272 0.521026 0.181401 -0.357937 0.533372 0.169872 -0.357939 0.521026 0.175909 -0.395272 0.50115 0.181215 -0.39599 0.50115 0.186937 -0.358161 0.521026 0.181401 -0.357937 0.50115 0.181215 -0.39599 0.481275 0.175909 -0.395272 0.481275 0.181401 -0.357937 0.50115 0.186937 -0.358161 0.481275 0.175909 -0.395272 0.468929 0.165009 -0.393924 0.468929 0.169872 -0.357939 0.481275 0.181401 -0.357937 0.480427 0.153748 -0.392333 0.477221 0.141694 -0.390976 0.477221 0.145698 -0.356836 0.480427 0.158611 -0.356349 0.480427 0.129641 -0.389618 0.480427 0.132785 -0.357324 0.489186 0.120817 -0.388625 0.489186 0.123332 -0.357681 0.50115 0.117587 -0.388261 0.50115 0.119873 -0.357811 0.513115 0.120817 -0.388625 0.513115 0.123333 -0.357681 0.513115 0.120817 -0.388625 0.521874 0.129641 -0.389618 0.521874 0.132786 -0.357324 0.513115 0.123333 -0.357681 0.52508 0.141694 -0.390976 0.52508 0.145698 -0.356836 0.521874 0.153748 -0.392333 0.521874 0.158611 -0.356349 0.513115 0.168064 -0.355992 0.513115 0.168064 0.052104 0.521874 0.158611 0.052104 0.50115 0.171524 -0.355861 0.50115 0.171524 0.052104 0.489186 0.168064 -0.355992 0.489186 0.168064 0.052104 0.489186 0.168064 -0.355992 0.480427 0.158611 0.052104 0.489186 0.168064 0.052104 0.477221 0.145698 0.052104 0.480427 0.132785 0.052104 0.489186 0.123332 0.052104 0.50115 0.119873 0.052104 0.513115 0.123333 0.052104 0.521874 0.132786 0.052104 0.513115 0.123333 0.052104 0.52508 0.145698 0.052104 0.51478 -0.319655 0.593371 0.523231 -0.317274 0.58431 0.521874 -0.30275 0.58431 0.513115 -0.30275 0.593371 0.503235 -0.322907 0.596688 0.50115 -0.30275 0.596688 0.491691 -0.326159 0.593371 0.489186 -0.30275 0.593371 0.48324 -0.32854 0.58431 0.491691 -0.326159 0.593371 0.489186 -0.30275 0.593371 0.480427 -0.30275 0.58431 0.480146 -0.329411 0.571933 0.477221 -0.30275 0.571933 0.48324 -0.32854 0.559555 0.480427 -0.30275 0.559555 0.491691 -0.326159 0.550494 0.489186 -0.30275 0.550494 0.503235 -0.322907 0.547177 0.50115 -0.30275 0.547177 0.51478 -0.319655 0.550494 0.513115 -0.30275 0.550494 0.523231 -0.317274 0.559555 0.51478 -0.319655 0.550494 0.513115 -0.30275 0.550494 0.521874 -0.30275 0.559555 0.526325 -0.316403 0.571933 0.52508 -0.30275 0.571933 0.52099 0.175722 0.464614 0.533329 0.165074 0.46263 0.533329 0.169922 0.424917 0.52099 0.181433 0.424919 0.50115 0.180923 0.465568 0.52099 0.175722 0.464614 0.52099 0.181433 0.424919 0.50115 0.186951 0.425147 0.48131 0.175722 0.464614 0.48131 0.181433 0.424919 0.468972 0.165074 0.46263 0.468972 0.169922 0.424917 0.477221 0.14203 0.458866 0.480427 0.153763 0.461087 0.480427 0.158611 0.423374 0.477221 0.145698 0.423861 0.480427 0.130296 0.456646 0.480427 0.132785 0.424349 0.489186 0.121707 0.45502 0.489186 0.123332 0.424706 0.50115 0.118563 0.454425 0.50115 0.119873 0.424836 0.513115 0.121707 0.45502 0.513115 0.123333 0.424706 0.521874 0.130296 0.456646 0.513115 0.121707 0.45502 0.513115 0.123333 0.424706 0.521874 0.132786 0.424349 0.52508 0.14203 0.458866 0.52508 0.145698 0.423861 0.521874 0.153763 0.461087 0.521874 0.158611 0.423374 0.513115 0.168064 0.423017 0.50115 0.171524 0.422887 0.489186 0.168064 0.423017 0.489186 0.168064 0.423017 0.521874 0.0904086 -0.472144 0.513115 0.0932899 -0.479463 0.513115 0.12391 -0.462263 0.521874 0.117118 -0.456794 0.50115 0.0943443 -0.482142 0.50115 0.126435 -0.464259 0.489186 0.0932899 -0.479463 0.489186 0.12391 -0.462263 0.489186 0.0932899 -0.479463 0.480427 0.0904086 -0.472144 0.480427 0.117118 -0.456794 0.489186 0.12391 -0.462263 0.477221 0.0864731 -0.462146 0.477221 0.107933 -0.449411 0.480427 0.0825373 -0.452148 0.480427 0.0988147 -0.442242 0.489186 0.0796561 -0.444829 0.489186 0.0922932 -0.43716 0.50115 0.0786016 -0.44215 0.50115 0.0899715 -0.435337 0.513115 0.0796561 -0.444829 0.513115 0.0922932 -0.43716 0.513115 0.0796561 -0.444829 0.521874 0.0825373 -0.452148 0.521874 0.0988147 -0.442242 0.513115 0.0922932 -0.43716 0.52508 0.0864731 -0.462146 0.52508 0.107933 -0.449411 0.521874 0.145618 -0.418237 0.513115 0.153336 -0.422887 0.513115 0.162572 -0.393327 0.50115 0.156165 -0.424585 0.50115 0.165802 -0.393691 0.489186 0.153336 -0.422887 0.489186 0.162572 -0.393327 0.489186 0.153336 -0.422887 0.480427 0.145618 -0.418237 0.489186 0.162572 -0.393327 0.477221 0.135036 -0.412021 0.480427 0.124387 -0.406017 0.489186 0.116587 -0.401667 0.50115 0.113741 -0.400059 0.513115 0.116587 -0.401667 0.513115 0.116587 -0.401667 0.521874 0.124387 -0.406017 0.52508 0.135036 -0.412021 0.521874 0.134302 -0.438666 0.513115 0.142019 -0.443215 0.50115 0.144853 -0.444877 0.489186 0.142019 -0.443215 0.489186 0.142019 -0.443215 0.480427 0.134302 -0.438666 0.477221 0.123779 -0.432505 0.480427 0.113263 -0.426449 0.489186 0.10561 -0.422063 0.50115 0.102829 -0.42046 0.513115 0.10561 -0.422063 0.513115 0.10561 -0.422063 0.521874 0.113263 -0.426449 0.52508 0.123779 -0.432505 0.521874 0.0527215 -0.480103 0.521874 0.0743695 -0.477364 0.52508 0.0744837 -0.465589 0.52508 0.0527685 -0.467725 0.513115 0.0527619 -0.489165 0.513115 0.07425 -0.486115 0.50115 0.0527957 -0.492481 0.50115 0.0741957 -0.489341 0.489186 0.0527619 -0.489165 0.489186 0.07425 -0.486115 0.489186 0.07425 -0.486115 0.489186 0.0527619 -0.489165 0.480427 0.0527215 -0.480103 0.480427 0.0743695 -0.477364 0.477221 0.0527685 -0.467725 0.477221 0.0744837 -0.465589 0.480427 0.0528777 -0.455348 0.480427 0.0745777 -0.454121 0.489186 0.0529412 -0.446286 0.489186 0.0746548 -0.446056 0.50115 0.0529571 -0.442969 0.50115 0.0746753 -0.443216 0.513115 0.0529478 -0.446286 0.513115 0.0746483 -0.446057 0.513115 0.0746483 -0.446057 0.513115 0.0529478 -0.446286 0.521874 0.0528777 -0.455348 0.521874 0.0745777 -0.454121 0.521874 -0.30275 -0.480103 0.513115 -0.30275 -0.489165 0.50115 -0.30275 -0.492481 0.489186 -0.30275 -0.489165 0.489186 -0.30275 -0.489165 0.480427 -0.30275 -0.480103 0.477221 -0.30275 -0.467725 0.480427 -0.30275 -0.455348 0.489186 -0.30275 -0.446286 0.50115 -0.30275 -0.442969 0.513115 -0.30275 -0.446286 0.513115 -0.30275 -0.446286 0.521874 -0.30275 -0.455348 0.52508 -0.30275 -0.467725 0.50115 0.0786016 -0.44215 0.513115 0.0796561 -0.444829 0.513115 0.0945771 0.583302 0.521874 0.0913426 0.575897 0.521874 0.113889 0.563129 0.513115 0.12004 0.569265 0.50115 0.095761 0.586012 0.50115 0.12231 0.571516 0.489186 0.0945771 0.583302 0.489186 0.120057 0.569256 0.480427 0.0913426 0.575897 0.489186 0.0945771 0.583302 0.489186 0.120057 0.569256 0.480427 0.113889 0.563129 0.477221 0.0869246 0.565781 0.477221 0.10555 0.554835 0.480427 0.0825061 0.555665 0.480427 0.09737 0.546637 0.489186 0.0792716 0.54826 0.489186 0.0915594 0.540686 0.50115 0.0780879 0.54555 0.50115 0.0894888 0.538514 0.513115 0.0792716 0.54826 0.50115 0.0780879 0.54555 0.50115 0.0894888 0.538514 0.510646 0.0937251 0.53926 0.521874 0.0825061 0.555665 0.513115 0.0792716 0.54826 0.510646 0.0937251 0.53926 0.5233 0.0995357 0.544167 0.52508 0.0869246 0.565781 0.527549 0.107716 0.55626 0.521999 0.152498 0.489613 0.513115 0.162353 0.462712 0.513186 0.160905 0.491493 0.526399 0.141813 0.486117 0.521322 0.130137 0.483062 0.513186 0.120944 0.482597 0.501147 0.117822 0.481928 0.513186 0.120944 0.482597 0.489108 0.120944 0.482597 0.480294 0.12944 0.484459 0.477068 0.14099 0.487035 0.480294 0.152498 0.489613 0.489108 0.160904 0.491502 0.489186 0.162353 0.462712 0.501147 0.163978 0.492187 0.50115 0.165497 0.463308 0.489186 0.162353 0.462712 0.489108 0.160904 0.491502 0.521874 0.142485 0.530596 0.521874 0.130857 0.549217 0.527932 0.124378 0.540498 0.527549 0.135722 0.520244 0.513115 0.137191 0.555609 0.513115 0.14899 0.537105 0.50115 0.139511 0.557953 0.50115 0.15136 0.539496 0.489186 0.137193 0.555611 0.489186 0.148982 0.537122 0.489186 0.137193 0.555611 0.480427 0.130857 0.549217 0.489186 0.148982 0.537122 0.480427 0.142485 0.530596 0.477221 0.122213 0.540498 0.477221 0.133556 0.52167 0.480427 0.113586 0.5318 0.480427 0.12454 0.512727 0.489186 0.107293 0.525452 0.489186 0.117844 0.506207 0.50115 0.104995 0.523135 0.50115 0.115362 0.503839 0.513115 0.107293 0.525452 0.510646 0.0937251 0.53926 0.513115 0.117844 0.506207 0.513115 0.107293 0.525452 0.521874 0.115752 0.528948 0.513115 0.117844 0.506207 0.520448 0.126706 0.510258 0.5233 0.0592939 0.586779 0.521874 0.0748914 0.58472 0.510646 0.0748263 0.592218 0.511689 0.0593275 0.595841 0.522968 0.0588094 0.571933 0.523251 0.0744509 0.570862 0.500133 0.0743278 0.595832 0.498299 0.0593505 0.596688 0.489186 0.0743579 0.592828 0.487423 0.0588591 0.594389 0.487423 0.0588591 0.594389 0.489186 0.0743579 0.592828 0.482189 0.0744231 0.582886 0.481444 0.0588256 0.586072 0.478983 0.0744832 0.568751 0.479256 0.0588416 0.571933 0.480427 0.0745306 0.555793 0.481444 0.0589063 0.557792 0.487423 0.0745751 0.548252 0.488168 0.0589581 0.548731 0.502206 0.0745628 0.544308 0.499115 0.0589722 0.547177 0.513115 0.0745429 0.547084 0.514944 0.0589258 0.549401 0.514944 0.0589258 0.549401 0.513115 0.0745429 0.547084 0.520045 0.0744984 0.556736 0.520818 0.058874 0.557662 0.521874 0.153748 -0.392333 0.522347 0.156463 -0.39155 0.52312 0.161326 -0.354766 0.521874 0.158611 -0.356349 0.521874 0.158611 -0.356349 0.52312 0.161326 -0.354766 0.514694 0.171204 -0.354189 0.513115 0.168064 -0.355992 0.513115 0.162572 -0.393327 0.51575 0.165712 -0.391816 0.522347 0.156463 -0.39155 0.521874 0.153748 -0.392333 0.513115 0.168064 -0.355992 0.514694 0.171204 -0.354189 0.50298 0.175089 -0.355223 0.50115 0.171524 -0.355861 0.50115 0.165802 -0.393691 0.503263 0.169367 -0.394145 0.51575 0.165712 -0.391816 0.513115 0.162572 -0.393327 0.50115 0.171524 -0.355861 0.50298 0.175089 -0.355223 0.489411 0.171528 -0.355297 0.489186 0.168064 -0.355992 0.489186 0.162572 -0.393327 0.488648 0.166036 -0.391843 0.503263 0.169367 -0.394145 0.50115 0.165802 -0.393691 0.489186 0.168064 -0.355992 0.489411 0.171528 -0.355297 0.478125 0.160807 -0.356659 0.480427 0.158611 -0.356349 0.480427 0.158611 -0.356349 0.478125 0.160807 -0.356659 0.478125 0.156787 -0.390488 0.480427 0.153748 -0.392333 0.480427 0.153748 -0.392333 0.478125 0.156787 -0.390488 0.488648 0.166036 -0.391843 0.489186 0.162572 -0.393327 0.513115 0.168064 0.423017 0.514687 0.170691 0.423391 0.524167 0.160817 0.423675 0.521874 0.158611 0.423374 0.521874 0.158611 0.423374 0.524167 0.160817 0.423675 0.524167 0.155969 0.461388 0.521874 0.153763 0.461087 0.521874 0.153763 0.461087 0.524167 0.155969 0.461388 0.514687 0.16498 0.463086 0.513115 0.162353 0.462712 0.50115 0.171524 0.422887 0.50115 0.174572 0.423333 0.514687 0.170691 0.423391 0.513115 0.168064 0.423017 0.513115 0.162353 0.462712 0.514687 0.16498 0.463086 0.50115 0.168545 0.463754 0.50115 0.165497 0.463308 0.489186 0.168064 0.423017 0.487614 0.170691 0.423391 0.50115 0.174572 0.423333 0.50115 0.171524 0.422887 0.50115 0.165497 0.463308 0.50115 0.168545 0.463754 0.487614 0.16498 0.463086 0.489186 0.162353 0.462712 0.480427 0.153763 0.461087 0.478134 0.155969 0.461388 0.478134 0.160817 0.423675 0.480427 0.158611 0.423374 0.480427 0.158611 0.423374 0.478134 0.160817 0.423675 0.487614 0.170691 0.423391 0.489186 0.168064 0.423017 0.489186 0.162353 0.462712 0.487614 0.16498 0.463086 0.478134 0.155969 0.461388 0.480427 0.153763 0.461087 0.522347 0.156463 -0.39155 0.533372 0.165009 -0.393924 0.533372 0.169872 -0.357939 0.52312 0.161326 -0.354766 0.52312 0.161326 -0.354766 0.533372 0.169872 -0.357939 0.521026 0.181401 -0.357937 0.514694 0.171204 -0.354189 0.51575 0.165712 -0.391816 0.521026 0.175909 -0.395272 0.533372 0.165009 -0.393924 0.522347 0.156463 -0.39155 0.514694 0.171204 -0.354189 0.521026 0.181401 -0.357937 0.50115 0.186937 -0.358161 0.50298 0.175089 -0.355223 0.503263 0.169367 -0.394145 0.50115 0.181215 -0.39599 0.521026 0.175909 -0.395272 0.51575 0.165712 -0.391816 0.50298 0.175089 -0.355223 0.50115 0.186937 -0.358161 0.481275 0.181401 -0.357937 0.489411 0.171528 -0.355297 0.488648 0.166036 -0.391843 0.481275 0.175909 -0.395272 0.50115 0.181215 -0.39599 0.503263 0.169367 -0.394145 0.489411 0.171528 -0.355297 0.481275 0.181401 -0.357937 0.468929 0.169872 -0.357939 0.478125 0.160807 -0.356659 0.478125 0.160807 -0.356659 0.468929 0.169872 -0.357939 0.468929 0.165009 -0.393924 0.478125 0.156787 -0.390488 0.478125 0.156787 -0.390488 0.468929 0.165009 -0.393924 0.481275 0.175909 -0.395272 0.488648 0.166036 -0.391843 0.514687 0.170691 0.423391 0.52099 0.181433 0.424919 0.533329 0.169922 0.424917 0.524167 0.160817 0.423675 0.524167 0.160817 0.423675 0.533329 0.169922 0.424917 0.533329 0.165074 0.46263 0.524167 0.155969 0.461388 0.524167 0.155969 0.461388 0.533329 0.165074 0.46263 0.52099 0.175722 0.464614 0.514687 0.16498 0.463086 0.50115 0.174572 0.423333 0.50115 0.186951 0.425147 0.52099 0.181433 0.424919 0.514687 0.170691 0.423391 0.514687 0.16498 0.463086 0.52099 0.175722 0.464614 0.50115 0.180923 0.465568 0.50115 0.168545 0.463754 0.487614 0.170691 0.423391 0.48131 0.181433 0.424919 0.50115 0.186951 0.425147 0.50115 0.174572 0.423333 0.50115 0.168545 0.463754 0.50115 0.180923 0.465568 0.48131 0.175722 0.464614 0.487614 0.16498 0.463086 0.478134 0.155969 0.461388 0.468972 0.165074 0.46263 0.468972 0.169922 0.424917 0.478134 0.160817 0.423675 0.478134 0.160817 0.423675 0.468972 0.169922 0.424917 0.48131 0.181433 0.424919 0.487614 0.170691 0.423391 0.487614 0.16498 0.463086 0.48131 0.175722 0.464614 0.468972 0.165074 0.46263 0.478134 0.155969 0.461388 0.522436 0.149885 0.509197 0.51343 0.157654 0.51318 0.501127 0.16049 0.514645 0.488824 0.15765 0.513193 0.488824 0.15765 0.513193 0.479818 0.149885 0.509197 0.476521 0.139239 0.503735 0.479818 0.128531 0.498267 0.488824 0.120625 0.494289 0.501127 0.11771 0.492849 0.51343 0.120625 0.494289 0.51343 0.120625 0.494289 0.521409 0.129897 0.496359 0.527511 0.140679 0.502569 0.540806 -0.988893 -0.480103 0.544011 -0.988874 -0.467725 0.532821 -1 -0.467725 0.531072 -1 -0.474475 0.526461 -1 -0.479302 0.532048 -0.988945 -0.489165 0.526461 -1 -0.479302 0.520564 -1 -0.481036 0.520283 -0.989019 -0.492481 0.532048 -0.988945 -0.489165 0.514356 -1 -0.479399 0.50832 -0.989095 -0.489165 0.509459 -1 -0.47454 0.499366 -0.989148 -0.480103 0.509459 -1 -0.47454 0.507654 -1 -0.467725 0.496161 -0.989167 -0.467725 0.499366 -0.989148 -0.480103 0.509441 -1 -0.460827 0.499366 -0.989148 -0.455348 0.514184 -1 -0.455973 0.508123 -0.989095 -0.446286 0.514184 -1 -0.455973 0.520389 -1 -0.454322 0.520086 -0.989019 -0.442969 0.508123 -0.989095 -0.446286 0.526515 -1 -0.456106 0.532048 -0.988945 -0.446286 0.526515 -1 -0.456106 0.531107 -1 -0.460957 0.540806 -0.988893 -0.455348 0.532048 -0.988945 -0.446286 0.520283 -0.989019 -0.492481 0.50832 -0.989095 -0.489165 0.50832 -0.989095 -0.489165 0.520086 -0.989019 -0.442969 0.532048 -0.988945 -0.446286 0.531072 -1 -0.474475 0.520406 -1 -0.467725 0.507654 -1 -0.467725 0.509441 -1 -0.460827 0.531107 -1 -0.460957 0.532821 -1 -0.467725 0.606299 -0.989019 0.58431 0.597567 -0.989236 0.593371 0.593254 -1 0.583878 0.597757 -1 0.578761 0.599351 -1 0.571933 0.609494 -0.988935 0.571933 0.597567 -0.989236 0.593371 0.58564 -0.989541 0.596688 0.586933 -1 0.586008 0.593254 -1 0.583878 0.573717 -0.989872 0.593371 0.580279 -1 0.584439 0.564987 -0.990105 0.58431 0.57513 -1 0.579309 0.564987 -0.990105 0.58431 0.56179 -0.99018 0.571933 0.57322 -1 0.571933 0.57513 -1 0.579309 0.564987 -0.990105 0.559555 0.575268 -1 0.564633 0.564987 -0.990105 0.559555 0.573717 -0.989872 0.550494 0.580429 -1 0.559678 0.575268 -1 0.564633 0.58564 -0.989541 0.547177 0.586933 -1 0.558216 0.597567 -0.989236 0.550494 0.593094 -1 0.560255 0.597567 -0.989236 0.550494 0.606299 -0.989019 0.559555 0.597605 -1 0.56519 0.593094 -1 0.560255 0.58564 -0.989541 0.547177 0.597567 -0.989236 0.550494 0.573717 -0.989872 0.550494 0.573717 -0.989872 0.593371 0.58564 -0.989541 0.596688 0.573717 -0.989872 0.593371 0.586933 -1 0.571932 0.597757 -1 0.578761 0.57322 -1 0.571933 0.597605 -1 0.56519 0.599351 -1 0.571933 </float_array>
          <technique_common>
            <accessor count="2428" offset="0" source="#meshId0-positions-array" stride="3">
              <param name="X" type="float" />
              <param name="Y" type="float" />
              <param name="Z" type="float" />
            </accessor>
          </technique_common>
        </source>
        <source id="meshId0-normals" name="meshId0-normals">
          <float_array id="meshId0-normals-array" count="7284"> -0.999094 -0.0425393 0.000912929 -0.999046 -0.0398126 0.0179351 -0.999617 -0.0213323 0.0176537 -0.999656 -0.0262019 0.000957632 -0.994543 -0.102855 0.0174519 -0.99362 -0.112778 0.000913411 -0.994889 0.096874 -0.028466 -0.999732 -0.0166087 0.0161571 -0.995882 -0.088953 0.017521 -0.99986 -0.0100399 0.0133697 -0.995265 -0.095899 0.015843 -0.973544 0.223272 0.0485897 -0.998664 0.0353238 0.0377053 -0.71861 0.419326 0.554766 -0.566364 0.817437 0.105016 -0.999545 -0.0301101 0.00182342 -0.994222 0.107254 0.00437853 -0.989304 0.145869 0.000534192 -0.999567 -0.0293494 0.00221684 -0.982343 0.18523 -0.0263244 -0.99422 0.0948452 -0.0503019 -0.992447 -0.122644 0.00270637 -0.982039 -0.0870381 -0.167402 -0.999984 0.00345264 0.00458068 -0.986942 0.00530381 -0.16099 -0.677988 0.695671 -0.237432 -0.644336 0.682213 -0.345567 -0.658788 0.752256 0.0104742 -0.646544 0.762876 -0.00140967 -0.667206 0.735081 -0.120384 -0.998509 -0.0385715 0.0386206 -0.752345 0.182975 0.632849 -0.989534 -0.137775 0.0429098 -0.725456 0.116337 0.678366 -0.732271 -0.33419 -0.593377 -0.731501 -0.00991779 -0.681769 -0.565352 -0.82485 0.00048262 -0.568097 -0.822962 -0.000207698 -0.576014 -0.817438 0.00142358 -0.602214 -0.798199 0.0147416 -0.560021 -0.828276 0.0183302 -0.459595 0.261435 0.848778 -0.0516817 0.314789 0.947754 -0.0440043 0.559815 0.827449 -0.434911 0.516732 0.737456 -0.0440043 0.559815 0.827449 -0.0605793 0.988781 0.136537 -0.264601 0.95661 0.122 -0.434911 0.516732 0.737456 -0.309993 0.950673 0.0112085 -0.114042 0.993402 0.0121627 -0.119645 0.992813 -0.00257821 -0.309247 0.950979 -0.002331 -0.124538 0.978684 -0.163305 -0.324037 0.933159 -0.155612 -0.121876 0.93733 -0.326434 -0.346 0.887085 -0.305557 -0.0458509 -0.450112 -0.891794 -0.0109534 -0.99993 0.0044879 -0.175234 -0.984472 0.010394 -0.449705 -0.41246 -0.792239 -0.114012 0.869419 -0.480741 -0.348891 0.829584 -0.435965 -0.431013 0.179326 0.884347 -0.0423108 0.252653 0.966631 -0.0124647 -0.999918 0.00310325 -0.195898 -0.980599 0.00707605 -0.0124534 -0.999824 -0.0140055 -0.187707 -0.982174 -0.00999092 -0.014064 -0.9999 -0.0015159 -0.188726 -0.982029 -0.0010707 -7.11397e-08 0.999916 0.0129571 -8.67665e-08 0.999997 -0.00229233 1.23854e-07 0.944965 -0.327172 2.39648e-07 0.877483 -0.479609 -5.58403e-08 0.986436 -0.164144 2.41189e-07 -0.0468431 -0.998902 2.51795e-07 -0.455633 -0.890168 -0.0458509 -0.450112 -0.891794 -0.047134 -0.0491074 -0.997681 1.13504e-08 -0.999895 -0.0144987 -8.81758e-11 -0.999999 -0.00141656 8.79812e-10 -0.999992 0.0040993 1.53875e-09 -0.999996 0.00275057 2.51795e-07 -0.455633 -0.890168 -8.23011e-08 0.255091 0.966917 -6.08793e-08 0.317198 0.948359 -6.60532e-08 0.568095 0.822963 2.85298e-08 0.990556 0.137108 -6.60532e-08 0.568095 0.822963 -0.677988 0.695671 -0.237432 -0.644336 0.682213 -0.345567 -0.71861 0.419326 0.554766 -0.566364 0.817437 0.105016 -0.658788 0.752256 0.0104742 -0.646544 0.762876 -0.00140967 -0.459595 0.261435 0.848778 -0.434911 0.516732 0.737456 -0.667206 0.735081 -0.120384 -0.576014 -0.817438 0.00142358 -0.568097 -0.822962 -0.000207698 -0.602214 -0.798199 0.0147416 -0.560021 -0.828276 0.0183302 -0.453468 -0.028568 -0.890815 -0.449705 -0.41246 -0.792239 -0.732271 -0.33419 -0.593377 -0.943036 0.182771 -0.27799 -0.951228 0.105782 -0.289787 -0.754302 0.22351 -0.617311 -0.740778 0.372288 -0.559151 -0.453468 -0.028568 -0.890815 -0.468991 0.290472 -0.834071 -0.0668729 0.30418 -0.950264 -0.0668729 0.30418 -0.950264 -0.468991 0.290472 -0.834071 -0.448239 0.490169 -0.74754 -0.0832698 0.51702 -0.851913 -0.449705 -0.41246 -0.792239 3.20873e-07 0.515622 -0.856816 -0.348891 0.829584 -0.435965 -0.448239 0.490169 -0.74754 2.12569e-07 0.305954 -0.952046 2.12569e-07 0.305954 -0.952046 -0.468991 0.290472 -0.834071 -0.672273 -0.565053 0.478293 -0.471015 -0.608006 0.639119 -0.431013 0.179326 0.884347 -0.672273 -0.565053 0.478293 -0.548652 -0.83602 0.00719561 -0.166637 -0.98601 0.00411977 -0.471015 -0.608006 0.639119 -0.0117294 -0.999929 -0.0021555 -0.0503517 -0.632829 0.772652 -0.0503517 -0.632829 0.772652 -0.471015 -0.608006 0.639119 -0.185398 -0.982662 -0.00163981 -0.565352 -0.82485 0.00048262 -0.0133397 -0.999908 -0.00245811 -1.0334e-09 -0.999996 -0.00270747 -0.548652 -0.83602 0.00719561 1.45043e-10 -0.999994 -0.00357859 -1.12196e-07 -0.64227 0.766479 -1.12196e-07 -0.64227 0.766479 0.999095 -0.0425353 0.000913092 0.999656 -0.0262048 0.000957622 0.999617 -0.0213354 0.0176537 0.999046 -0.0398254 0.017936 0.99362 -0.112776 0.000913364 0.994544 -0.102851 0.0174517 0.999731 -0.0166075 0.0161595 0.99489 0.0968666 -0.0284645 0.995882 -0.0889465 0.0175243 0.995265 -0.0958943 0.0158452 0.99986 -0.010038 0.0133713 0.97355 0.223249 0.0485891 0.566361 0.81744 0.105015 0.718604 0.419329 0.554772 0.998664 0.0353404 0.0377048 0.994222 0.107253 0.00437859 0.999545 -0.0301071 0.0018234 0.989304 0.145867 0.000534551 0.999567 -0.0293519 0.00221687 0.98234 0.185245 -0.0263212 0.994221 0.0948372 -0.0503002 0.992447 -0.122644 0.00270651 0.982037 -0.0870514 -0.167411 0.986941 0.00530416 -0.160997 0.999984 0.00345359 0.00457858 0.644335 0.682214 -0.345566 0.677994 0.695666 -0.237432 0.658796 0.752249 0.0104743 0.646551 0.762869 -0.00140952 0.66721 0.735077 -0.120383 0.752347 0.182975 0.632846 0.998509 -0.0385779 0.03862 0.725461 0.116336 0.67836 0.989533 -0.137783 0.0429082 0.732271 -0.334192 -0.593375 0.731499 -0.00991416 -0.68177 0.565354 -0.824848 0.000482632 0.568098 -0.822961 -0.000207649 0.576013 -0.817439 0.00142577 0.602214 -0.798199 0.0147416 0.560012 -0.828281 0.0183289 0.459594 0.261438 0.848778 0.434911 0.516724 0.737462 0.0440039 0.559813 0.827449 0.0516816 0.314788 0.947754 0.0440039 0.559813 0.827449 0.434911 0.516724 0.737462 0.264596 0.956612 0.121998 0.0605794 0.988781 0.136537 0.114042 0.993402 0.0121629 0.309997 0.950672 0.0112087 0.309252 0.950977 -0.00233113 0.119645 0.992813 -0.00257825 0.324034 0.933159 -0.155613 0.124537 0.978684 -0.163306 0.345994 0.887087 -0.305557 0.121876 0.93733 -0.326433 0.0458515 -0.450114 -0.891793 0.449701 -0.412454 -0.792244 0.175233 -0.984472 0.0103961 0.0109535 -0.99993 0.00448939 0.348886 0.829586 -0.435965 0.114013 0.869419 -0.480741 0.0423109 0.252652 0.966632 0.431013 0.179328 0.884347 0.195896 -0.980599 0.00707594 0.0124646 -0.999918 0.00310378 0.187706 -0.982175 -0.00999016 0.0124536 -0.999824 -0.0140045 0.188721 -0.98203 -0.00107067 0.014064 -0.9999 -0.00151587 0.0471335 -0.0491064 -0.997681 0.0458515 -0.450114 -0.891793 0.677994 0.695666 -0.237432 0.644335 0.682214 -0.345566 0.718604 0.419329 0.554772 0.566361 0.81744 0.105015 0.658796 0.752249 0.0104743 0.646551 0.762869 -0.00140952 0.459594 0.261438 0.848778 0.434911 0.516724 0.737462 0.66721 0.735077 -0.120383 0.576013 -0.817439 0.00142577 0.568098 -0.822961 -0.000207649 0.602214 -0.798199 0.0147416 0.560012 -0.828281 0.0183289 0.453462 -0.0285702 -0.890818 0.449701 -0.412454 -0.792244 0.732271 -0.334192 -0.593375 0.943041 0.182764 -0.277976 0.7543 0.223506 -0.617313 0.951227 0.105784 -0.289787 0.740775 0.372287 -0.559156 0.066875 0.30418 -0.950264 0.46899 0.290461 -0.834075 0.453462 -0.0285702 -0.890818 0.066875 0.30418 -0.950264 0.0832703 0.517019 -0.851914 0.448238 0.490168 -0.747541 0.46899 0.290461 -0.834075 0.449701 -0.412454 -0.792244 0.448238 0.490168 -0.747541 0.348886 0.829586 -0.435965 0.46899 0.290461 -0.834075 0.431013 0.179328 0.884347 0.471013 -0.608012 0.639115 0.672278 -0.565058 0.478279 0.672278 -0.565058 0.478279 0.471013 -0.608012 0.639115 0.166636 -0.98601 0.00411927 0.548657 -0.836017 0.00719583 0.0117295 -0.999929 -0.00215491 0.0503526 -0.632824 0.772656 0.0503526 -0.632824 0.772656 0.471013 -0.608012 0.639115 0.565354 -0.824848 0.000482632 0.185394 -0.982663 -0.00163995 0.0133397 -0.999908 -0.00245814 0.548657 -0.836017 0.00719583 -0.671836 0.733422 -0.103581 -0.671836 0.733422 -0.103581 -0.671836 0.733422 -0.103581 -0.671836 0.733422 -0.103581 -0.263581 0.954078 -0.142341 -0.263581 0.954078 -0.142341 -0.263581 0.954078 -0.142341 -0.263581 0.954078 -0.142341 0.263586 0.954076 -0.142343 0.263586 0.954076 -0.142343 0.263586 0.954076 -0.142343 0.263586 0.954076 -0.142343 0.671845 0.733414 -0.103578 0.671845 0.733414 -0.103578 0.671845 0.733414 -0.103578 0.671845 0.733414 -0.103578 0.905437 0.410264 -0.108932 0.888338 0.459188 -0.00117738 0.999995 -0.00313492 -0.000455766 0.999612 0.0263778 -0.00891753 0.879804 -0.475325 0.00319225 0.885078 -0.458993 0.0772117 0.526129 -0.85039 0.00506573 0.526961 -0.839656 0.131494 -9.28584e-06 -0.999985 0.00558449 -3.70782e-06 -0.988835 0.149018 -0.526121 -0.850395 0.00506599 -0.526952 -0.839661 0.131496 -0.526952 -0.839661 0.131496 -0.526121 -0.850395 0.00506599 -0.879801 -0.475331 0.00319242 -0.885074 -0.459002 0.0772122 -0.999995 -0.00313673 -0.000455726 -0.999612 0.0263743 -0.00891692 -0.888338 0.459188 -0.0011773 -0.905435 0.410271 -0.108931 -0.881817 0.471592 0 -0.528898 0.848685 0 -0.531739 0.846908 0 -5.1177e-06 1 0 -5.03188e-06 1 0 0.528905 0.848681 0 0.531746 0.846904 0 0.531746 0.846904 0 0.528905 0.848681 0 0.881817 0.471592 0 1 -0.000154703 0 0.881687 -0.471834 0 0.528769 -0.848766 0 -9.62907e-06 -1 0 -0.528761 -0.848771 0 -0.528761 -0.848771 0 -0.881686 -0.471837 0 -1 -0.000150626 0 -0.529702 0.0651816 0.845675 -0.441121 -0.00173864 0.897446 -0.889295 0.000823601 0.457333 -0.873892 0.107489 0.474087 -0.0241023 0.00299662 0.999705 0.0296083 -0.00279519 0.999558 0.494945 -0.0608759 0.866789 0.522605 -0.00681393 0.852548 0.863151 -0.106201 0.493651 0.907613 -0.00583866 0.419768 0.522605 -0.00681393 0.852548 0.494945 -0.0608759 0.866789 0.992514 -0.122127 7.75249e-09 0.999994 -0.0033378 -4.64736e-06 0.863151 -0.106201 -0.493651 0.904701 -0.00574601 -0.426009 0.49493 -0.0608744 -0.866798 0.515523 -0.00691034 -0.856848 -0.0241022 0.00299661 -0.999705 -0.011216 -0.00241946 -0.999934 -0.529691 0.0651798 -0.845683 -0.474238 -0.000207595 -0.880397 -0.873894 0.10749 -0.474084 -0.908992 0.00379365 -0.416796 -0.474238 -0.000207595 -0.880397 -0.529691 0.0651798 -0.845683 -0.992522 0.122066 -8.12586e-08 -0.999001 0.0053601 -0.0443722 -0.669189 0.736274 0.100433 -0.669189 0.736274 0.100433 -0.669189 0.736274 0.100433 -0.669189 0.736274 0.100433 -0.262115 0.954843 0.139896 -0.262115 0.954843 0.139896 -0.262115 0.954843 0.139896 -0.262115 0.954843 0.139896 0.262114 0.954843 0.1399 0.262114 0.954843 0.1399 0.262114 0.954843 0.1399 0.262114 0.954843 0.1399 0.6692 0.736264 0.100434 0.6692 0.736264 0.100434 0.6692 0.736264 0.100434 0.6692 0.736264 0.100434 0.999994 0.00338928 0.00110813 0.999996 -0.00275221 0.00055828 0.888829 0.458237 0.00124342 0.916297 0.39984 0.0229565 0.869784 -0.492648 -0.0278117 0.879695 -0.47553 -0.00270349 0.505623 -0.861919 -0.037951 0.525783 -0.850611 -0.00368228 -1.57243e-05 -0.999239 -0.0389999 -9.34156e-06 -0.999993 -0.00371751 -0.511269 -0.858746 -0.0340527 -0.525777 -0.850615 -0.00368255 -0.867305 -0.497213 -0.0236886 -0.879695 -0.475531 -0.00270365 -0.525777 -0.850615 -0.00368255 -0.511269 -0.858746 -0.0340527 -0.999985 -0.00394287 -0.00375122 -0.999996 -0.00274087 0.000558239 -0.907541 0.419657 0.016039 -0.888831 0.458234 0.00124335 -0.531744 0.846905 0 -3.43743e-06 1 0 0.531753 0.8469 0 0.531753 0.8469 0 -0.82166 0.247383 -0.513495 -0.834169 0.330511 -0.441502 -0.464356 0.531222 -0.708645 -0.44971 0.386465 -0.805237 -3.14108e-07 0.600045 -0.799966 -1.97471e-07 0.43235 -0.901706 0.464364 0.531217 -0.708643 0.449718 0.386462 -0.805234 0.449718 0.386462 -0.805234 0.464364 0.531217 -0.708643 0.834171 0.330509 -0.441501 0.821661 0.247382 -0.513494 0.998831 0.0229273 -0.0425543 0.997917 0.0282599 -0.0579952 0.873039 -0.315427 0.371898 0.876393 -0.21268 0.432091 0.49446 -0.568861 0.657196 0.493318 -0.390896 0.77707 -4.9909e-07 -0.659683 0.751544 -1.63196e-05 -0.454219 0.89089 -0.494454 -0.568859 0.657202 -0.493315 -0.390848 0.777096 -0.493315 -0.390848 0.777096 -0.494454 -0.568859 0.657202 -0.873041 -0.315425 0.371896 -0.876388 -0.212668 0.432107 -0.998831 0.022921 -0.0425506 -0.997917 0.028252 -0.0579912 -0.85542 0.478426 -0.198408 -0.474944 0.839953 -0.262501 -0.491466 0.804647 -0.333173 -1.62011e-06 0.954568 -0.297992 -1.19408e-07 0.924166 -0.38199 0.474954 0.839948 -0.262501 0.491473 0.804643 -0.333171 0.491473 0.804643 -0.333171 0.474954 0.839948 -0.262501 0.855424 0.478419 -0.198407 0.99955 0.0286578 -0.00881858 0.880752 -0.432316 0.193334 0.516042 -0.780485 0.352908 -4.38514e-06 -0.910314 0.413918 -0.516037 -0.780486 0.352913 -0.516037 -0.780486 0.352913 -0.88075 -0.432321 0.193334 -0.99955 0.0286556 -0.00881779 -0.495188 0.696867 -0.518811 -0.857789 0.412414 -0.306778 4.48465e-07 0.801973 -0.59736 0.495196 0.696863 -0.518809 0.857789 0.412414 -0.306776 0.495196 0.696863 -0.518809 0.999669 0.0185879 -0.0177919 0.876901 -0.394036 0.275281 0.507778 -0.709777 0.48824 -2.70793e-06 -0.826453 0.563006 -0.507774 -0.709776 0.488246 -0.876901 -0.394036 0.275281 -0.507774 -0.709776 0.488246 -0.999669 0.0185862 -0.0177903 -0.8725 0.00366475 -0.488599 -1 0.000350404 2.7249e-05 -0.999676 0.013412 -0.0216301 -0.848615 0.114475 -0.516477 -0.47851 0.200624 -0.854856 -0.511461 0.00678028 -0.859279 8.52806e-09 0.233047 -0.972465 1.51064e-08 0.00804309 -0.999968 0.478518 0.200623 -0.854851 0.51147 0.00678034 -0.859275 0.478518 0.200623 -0.854851 0.848616 0.114474 -0.516476 0.872501 0.00366463 -0.488599 0.51147 0.00678034 -0.859275 0.999676 0.0134108 -0.0216306 1 0.000349847 2.72198e-05 0.868324 -0.0483233 0.493637 0.872389 -0.00127809 0.488811 0.494795 -0.0538228 0.867342 0.5111 -0.000696689 0.859521 3.89489e-05 -0.0448393 0.998994 -4.03478e-05 2.25198e-05 1 -0.494784 -0.0538051 0.867349 -0.51109 -0.000696181 0.859527 -0.494784 -0.0538051 0.867349 -0.868344 -0.048326 0.493603 -0.872371 -0.00127687 0.488844 -0.51109 -0.000696181 0.859527 -0.872408 0.0158702 -0.488521 -0.511705 0.00929961 -0.859111 0.00314046 -0.000100471 -0.999995 0.513829 -0.00941559 -0.857841 0.513829 -0.00941559 -0.857841 0.872705 -0.0158843 -0.487989 0.999835 -0.0181472 9.66655e-06 0.873807 -0.0158681 0.486013 0.51502 -0.00937415 0.857127 0.00310044 -8.55256e-05 0.999995 -0.510514 0.00926328 0.85982 -0.510514 0.00926328 0.85982 -0.872395 0.0158682 0.488543 -0.999834 0.0181985 9.50285e-06 -1.63196e-05 -0.454219 0.89089 -0.493315 -0.390848 0.777096 -0.454252 0.39796 0.797047 -0.476669 0.48126 0.735646 -0.791834 0.331307 0.513065 -0.811009 0.242398 0.532454 -0.00556961 0.451407 0.892301 -5.17904e-05 0.544671 0.83865 0.475959 0.395824 0.785358 0.476688 0.481291 0.735614 0.851309 0.210589 0.480547 0.846464 0.295046 0.443223 0.476688 0.481291 0.735614 0.475959 0.395824 0.785358 0.997379 -0.00840162 0.0718712 0.999577 0.0110387 0.026921 0.898498 -0.18999 -0.395734 0.870272 -0.302305 -0.388895 0.505908 -0.308319 -0.805603 0.497408 -0.54442 -0.67542 0.00869951 -0.344677 -0.938681 -0.00158971 -0.626587 -0.77935 -0.515391 -0.3511 -0.781729 -0.459257 -0.5667 -0.684057 -0.00158971 -0.626587 -0.77935 0.00869951 -0.344677 -0.938681 -0.867284 -0.288378 -0.40578 -0.83724 -0.354498 -0.416365 -0.459257 -0.5667 -0.684057 -0.515391 -0.3511 -0.781729 -0.99638 -0.0555548 0.0643546 -0.996559 0.0105958 0.0822107 -0.816947 0.576015 0.028348 -0.476744 0.875593 0.0777997 -0.499106 0.865545 0.0415363 -0.999541 0.0211167 -0.0217205 -0.854607 -0.518869 -0.0205259 -0.515094 -0.856928 -0.0188099 -6.98974e-05 -0.999661 -0.0260481 -0.515094 -0.856928 -0.0188099 0.496339 -0.867615 -0.0298631 0.868822 -0.494132 -0.031338 0.99958 0.026858 -0.0108437 0.846728 0.530971 0.0334793 0.476619 0.875695 0.0774101 0.499061 0.865576 0.0414243 1.48671e-06 0.995444 0.0953496 0.476619 0.875695 0.0774101 0.499061 0.865576 0.0414243 1.45069e-05 0.998697 0.0510405 -0.78876 0.553857 0.266644 -0.999773 0.0152131 -0.0149343 -0.998561 0.0509148 0.0168575 -0.792028 0.459677 0.401732 -0.496193 0.645451 0.580677 -0.481759 0.787177 0.385046 -0.000194448 0.740901 0.671615 -0.000152763 0.897596 0.440819 0.496189 0.645459 0.580671 0.481688 0.786993 0.38551 0.85878 0.384728 0.338352 0.496189 0.645459 0.580671 0.850363 0.472346 0.231889 0.481688 0.786993 0.38551 0.999673 0.0191093 0.0170166 0.999643 0.017695 0.0200189 0.879051 -0.372528 -0.297475 0.871363 -0.453585 -0.18705 0.513018 -0.68238 -0.52074 0.501603 -0.799683 -0.330002 -0.00142207 -0.808212 -0.58889 -0.000116647 -0.925 -0.379968 -0.459257 -0.5667 -0.684057 -0.514168 -0.680272 -0.522362 -0.551083 -0.766246 -0.330416 -0.842405 -0.417657 -0.340464 -0.514168 -0.680272 -0.522362 -0.839919 -0.500022 -0.210983 -0.551083 -0.766246 -0.330416 -0.88699 0.00304257 0.461779 -0.435718 0.00303946 0.900078 -0.40737 0.278924 0.869627 -0.832099 0.183222 0.523489 -0.999753 -0.0117567 -0.0188756 -0.998943 0.00306268 -0.0458553 0.0286917 0.00227821 0.999586 0.00507825 0.290841 0.956758 0.520298 0.00203228 0.853983 0.498323 0.26894 0.824224 0.520298 0.00203228 0.853983 0.909063 0.00480747 0.416632 0.890104 0.127658 0.437514 0.498323 0.26894 0.824224 0.999991 0.00373689 0.00191306 0.997755 -0.0302971 0.0597308 0.906449 -0.00275605 -0.422306 0.919593 -0.0675439 -0.387023 0.511991 -0.00735441 -0.85896 0.504139 -0.040881 -0.862654 -0.0103753 -0.00777928 -0.999916 -0.0149709 -0.0617762 -0.997978 -0.476582 -0.00587067 -0.879111 -0.480299 -0.0626238 -0.874867 -0.476582 -0.00587067 -0.879111 -0.910789 0.000672854 -0.412873 -0.924192 -0.0654631 -0.376278 -0.480299 -0.0626238 -0.874867 -0.948848 -0.314116 0.0319042 -0.948848 -0.314116 0.0319042 -0.948848 -0.314116 0.0319042 -0.948848 -0.314116 0.0319042 0.338515 -0.343308 0.876098 0.338515 -0.343308 0.876098 0.338515 -0.343308 0.876098 0.338515 -0.343308 0.876098 -0.31059 0.199136 -0.929451 -0.31059 0.199136 -0.929451 -0.31059 0.199136 -0.929451 -0.31059 0.199136 -0.929451 0.124139 -0.283177 0.951 0.124139 -0.283177 0.951 0.124139 -0.283177 0.951 0.124139 -0.283177 0.951 -0.127445 0.0656388 -0.989671 -0.127445 0.0656388 -0.989671 -0.127445 0.0656388 -0.989671 -0.127445 0.0656388 -0.989671 -0.0470153 -0.199448 0.97878 -0.0470153 -0.199448 0.97878 -0.0470153 -0.199448 0.97878 -0.0470153 -0.199448 0.97878 0.14079 0.174323 -0.974572 0.14079 0.174323 -0.974572 0.14079 0.174323 -0.974572 0.14079 0.174323 -0.974572 0.0125958 -0.0724836 0.99729 0.0125958 -0.0724836 0.99729 0.0125958 -0.0724836 0.99729 0.0125958 -0.0724836 0.99729 0.73555 -0.672053 0.0855069 0.73555 -0.672053 0.0855069 0.73555 -0.672053 0.0855069 0.73555 -0.672053 0.0855069 0.376132 0.286842 -0.881049 0.376132 0.286842 -0.881049 0.376132 0.286842 -0.881049 0.376132 0.286842 -0.881049 -0.098426 0.0599469 -0.993337 -0.098426 0.0599469 -0.993337 -0.098426 0.0599469 -0.993337 -0.098426 0.0599469 -0.993337 -0.696503 -0.711698 -0.0914887 -0.696503 -0.711698 -0.0914887 -0.696503 -0.711698 -0.0914887 -0.696503 -0.711698 -0.0914887 -0.0264627 -0.158937 0.986934 -0.0264627 -0.158937 0.986934 -0.0264627 -0.158937 0.986934 -0.0264627 -0.158937 0.986934 -0.0449272 0.130721 -0.990401 -0.0449272 0.130721 -0.990401 -0.0449272 0.130721 -0.990401 -0.0449272 0.130721 -0.990401 -0.0106106 -0.145932 0.989238 -0.0106106 -0.145932 0.989238 -0.0106106 -0.145932 0.989238 -0.0106106 -0.145932 0.989238 0.0449393 0.130716 -0.990401 0.0449393 0.130716 -0.990401 0.0449393 0.130716 -0.990401 0.0449393 0.130716 -0.990401 0.0106121 -0.145931 0.989238 0.0106121 -0.145931 0.989238 0.0106121 -0.145931 0.989238 0.0106121 -0.145931 0.989238 0.696498 -0.711703 -0.091488 0.696498 -0.711703 -0.091488 0.696498 -0.711703 -0.091488 0.696498 -0.711703 -0.091488 0.0984236 0.0599564 -0.993337 0.0984236 0.0599564 -0.993337 0.0984236 0.0599564 -0.993337 0.0984236 0.0599564 -0.993337 0.0264605 -0.158933 0.986935 0.0264605 -0.158933 0.986935 0.0264605 -0.158933 0.986935 0.0264605 -0.158933 0.986935 -0.638391 -0.76379 0.0953024 -0.638391 -0.76379 0.0953024 -0.63839 -0.76379 0.0953024 -0.63839 -0.76379 0.0953024 -0.205759 0.173566 0.963088 -0.205759 0.173566 0.963088 -0.205759 0.173566 0.963088 -0.205759 0.173566 0.963088 0.124108 -0.194614 -0.972997 0.124108 -0.194614 -0.972997 0.124108 -0.194614 -0.972997 0.124108 -0.194614 -0.972997 -0.0457242 0.281363 0.958511 -0.0457242 0.281363 0.958511 -0.0457242 0.281363 0.958511 -0.0457242 0.281363 0.958511 -0.0257548 -0.237196 -0.97112 -0.0257548 -0.237196 -0.97112 -0.0257548 -0.237196 -0.97112 -0.0257548 -0.237196 -0.97112 0.0565345 0.223924 0.972966 0.0565345 0.223924 0.972966 0.0565345 0.223924 0.972966 0.0565345 0.223924 0.972966 0.023388 -0.245531 -0.969106 0.023388 -0.245531 -0.969106 0.023388 -0.245531 -0.969106 0.023388 -0.245531 -0.969106 0.134028 0.0817863 0.987597 0.134028 0.0817863 0.987597 0.134028 0.0817863 0.987597 0.134028 0.0817863 0.987597 0.694319 -0.713913 0.0908316 0.694319 -0.713913 0.0908315 0.694319 -0.713913 0.0908316 0.694319 -0.713913 0.0908316 -0.114683 -0.25882 -0.959093 -0.114683 -0.25882 -0.959093 -0.114683 -0.25882 -0.959093 -0.114683 -0.25882 -0.959093 -0.0843606 0.0729527 -0.993761 -0.0843606 0.0729527 -0.993761 -0.0843606 0.0729527 -0.993761 -0.0843606 0.0729527 -0.993761 -0.708197 -0.700253 -0.0900159 -0.708197 -0.700253 -0.0900159 -0.708197 -0.700253 -0.0900159 -0.708197 -0.700253 -0.0900159 -0.024952 -0.15722 0.987248 -0.024952 -0.15722 0.987248 -0.024952 -0.15722 0.987248 -0.024952 -0.15722 0.987248 -0.0327273 0.134214 -0.990412 -0.0327273 0.134214 -0.990412 -0.0327273 0.134214 -0.990412 -0.0327273 0.134214 -0.990412 -0.00981686 -0.145654 0.989287 -0.00981686 -0.145654 0.989287 -0.00981686 -0.145654 0.989287 -0.00981686 -0.145654 0.989287 0.0327355 0.134212 -0.990412 0.0327355 0.134212 -0.990412 0.0327354 0.134212 -0.990412 0.0327355 0.134212 -0.990412 0.00981697 -0.145653 0.989287 0.00981697 -0.145653 0.989287 0.00981697 -0.145653 0.989287 0.00981697 -0.145653 0.989287 0.708178 -0.700271 -0.0900198 0.708178 -0.700271 -0.0900198 0.708178 -0.700271 -0.0900198 0.708178 -0.700271 -0.0900198 0.0843519 0.0729608 -0.993761 0.0843519 0.0729608 -0.993761 0.0843519 0.0729608 -0.993761 0.0843519 0.0729608 -0.993761 0.0249505 -0.157225 0.987248 0.0249505 -0.157225 0.987248 0.0249505 -0.157225 0.987248 0.0249505 -0.157225 0.987248 -0.790628 0.595693 0.141622 -0.470859 0.853171 0.224478 0.000168803 0.965942 0.258759 0.471176 0.852954 0.224639 0.471176 0.852954 0.224639 0.841895 0.523566 0.130739 0.999359 0.0342481 0.0104608 0.8735 -0.479917 -0.0817204 0.501658 -0.857445 -0.114575 0.000297158 -0.993307 -0.115507 -0.55536 -0.826122 -0.0953797 -0.55536 -0.826122 -0.0953797 -0.84306 -0.532832 -0.0730693 -0.999747 0.0220274 -0.00463116 -0.87399 0.0128239 -0.485775 -0.531791 -0.794792 -0.29241 -0.608795 -0.793328 -0.000720385 -0.999869 0.0162178 -1.02319e-05 -0.517257 0.00326986 -0.855824 -0.317997 -0.797717 -0.512373 -0.317997 -0.797717 -0.512373 -0.517257 0.00326986 -0.855824 -0.00367403 -0.0107789 -0.999935 -0.00719687 -0.802047 -0.597217 0.508149 -0.0251322 -0.860903 0.296466 -0.80609 -0.512179 0.870102 -0.0350874 -0.491621 0.510339 -0.808243 -0.293765 0.510339 -0.808243 -0.293765 0.870102 -0.0350874 -0.491621 0.999254 -0.0386185 -1.75672e-06 0.588065 -0.808814 -0.000462749 0.871864 -0.0350565 0.488492 0.513568 -0.807983 0.28881 0.510016 -0.0249646 0.859803 0.299757 -0.805304 0.5115 0.299757 -0.805304 0.5115 0.510016 -0.0249646 0.859803 -0.00363388 -0.0107795 0.999935 -0.00766661 -0.801345 0.598153 -0.515467 0.00318583 0.856903 -0.31644 -0.79721 0.514122 -0.31644 -0.79721 0.514122 -0.515467 0.00318583 0.856903 -0.873991 0.0128544 0.485771 -0.53309 -0.794249 0.291519 -0.00367403 -0.0107789 -0.999935 0.508149 -0.0251322 -0.860903 0.508149 -0.0251322 -0.860903 -0.00363388 -0.0107795 0.999935 -0.515467 0.00318583 0.856903 -0.531791 -0.794792 -0.29241 1.92541e-09 -1 -4.7577e-07 0.588065 -0.808814 -0.000462749 0.513568 -0.807983 0.28881 -0.53309 -0.794249 0.291519 -0.608795 -0.793328 -0.000720385 -0.873246 0.0964743 0.477635 -0.559288 -0.77704 0.288802 -0.341746 -0.789038 0.510519 -0.524924 0.0537853 0.849448 -0.993799 0.111196 -4.48007e-05 -0.63389 -0.773417 -0.00325174 -0.524924 0.0537853 0.849448 -0.341746 -0.789038 0.510519 -0.0321208 -0.806358 0.590555 -0.0170406 -0.00863674 0.999817 0.270635 -0.823946 0.497864 0.499553 -0.0722983 0.863261 0.474335 -0.835829 0.276399 0.863538 -0.117212 0.490472 0.863538 -0.117212 0.490472 0.474335 -0.835829 0.276399 0.542389 -0.840124 -0.00251305 0.991118 -0.132987 -3.52204e-05 0.470037 -0.837219 -0.279518 0.863495 -0.11731 -0.490525 0.863495 -0.11731 -0.490525 0.470037 -0.837219 -0.279518 0.265405 -0.826767 -0.496001 0.499485 -0.0724694 -0.863286 -0.0325108 -0.810252 -0.585179 -0.0170557 -0.00884219 -0.999815 -0.336409 -0.792825 -0.50819 -0.524886 0.053599 -0.849483 -0.524886 0.053599 -0.849483 -0.336409 -0.792825 -0.50819 -0.554118 -0.779339 -0.292549 -0.87322 0.0963653 -0.477704 -0.0170557 -0.00884219 -0.999815 -0.524886 0.053599 -0.849483 0.499485 -0.0724694 -0.863286 0.499553 -0.0722983 0.863261 -0.0170406 -0.00863674 0.999817 0.499553 -0.0722983 0.863261 -0.559288 -0.77704 0.288802 0 -1 -3.94035e-07 0.542389 -0.840124 -0.00251305 -0.554118 -0.779339 -0.292549 -0.63389 -0.773417 -0.00325174 0 0.0632671 -0.997997 0 0.0632671 -0.997997 0 -0.0632671 -0.997997 0 -0.0632671 -0.997997 0 -0.0632671 -0.997997 0 -0.981343 -0.192266 0 -0.981343 -0.192266 0 -0.0632671 -0.997997 0 -0.0505264 0.998723 0 -0.0505264 0.998723 0 0.0505377 0.998722 0 0.0505377 0.998722 0 0.0505377 0.998722 0 0.981367 0.192141 0 0.981367 0.192141 0 0.0505377 0.998722 0 0.981548 -0.191216 0 0.981548 -0.191216 0 0.0632671 -0.997997 0 0.0632671 -0.997997 0 -0.981367 0.19214 0 -0.981367 0.19214 0 -0.0505264 0.998723 0 -0.0505264 0.998723 0 0.0632659 -0.997997 0 0.0632659 -0.997997 0 -0.0632659 -0.997997 0 -0.0632659 -0.997997 0 -0.0632659 -0.997997 0 -0.981343 -0.192267 0 -0.981343 -0.192267 0 -0.0632659 -0.997997 0 -0.0505258 0.998723 0 -0.0505258 0.998723 0 0.0505371 0.998722 0 0.0505371 0.998722 0 0.0505371 0.998722 0 0.981367 0.192141 0 0.981367 0.192141 0 0.0505371 0.998722 0 0.981548 -0.191216 0 0.981548 -0.191216 0 0.0632659 -0.997997 0 0.0632659 -0.997997 0 -0.981367 0.19214 0 -0.981367 0.19214 0 -0.0505258 0.998723 0 -0.0505258 0.998723 -0.999859 0.0167688 0 -0.866015 0.500018 0 -0.866015 0.500018 0 -0.999859 0.0167688 0 -1 0 0 -1 0 0 -0.866015 -0.500018 0 -0.866015 -0.500018 0 -0.866015 -0.500018 0 -0.5 -0.866025 0 -0.5 -0.866025 0 -0.866015 -0.500018 0 0 -1 0 0 -1 0 0.499995 -0.866029 0 0.499995 -0.866029 0 0.866026 -0.499999 0 0.866026 -0.499999 0 0.866026 -0.499999 0 1 1.53404e-08 0 1 1.53404e-08 0 0.866026 -0.499999 0 0.866026 0.499999 0 0.866026 0.499999 0 0.999859 0.0167688 0 0.999859 0.0167688 0 0.201481 0.979492 0 0.201481 0.979492 0 -2.99608e-10 1 0 -2.99608e-10 1 0 -0.201486 0.979491 0 -0.201486 0.979491 0 0.999989 0.0046375 0 0.999989 0.0046375 0 -0.999989 0.00463864 0 -0.999989 0.00463864 0 0.999989 0.0046375 0 0.999989 0.0046375 0 -0.999989 0.00463864 0 -0.999989 0.00463864 0 0 0.0632658 -0.997997 0 0.0632658 -0.997997 0 -0.0632659 -0.997997 0 -0.0632659 -0.997997 0 -0.0632659 -0.997997 0 -0.981343 -0.192266 0 -0.981343 -0.192266 0 -0.0632659 -0.997997 0 -0.0505258 0.998723 0 -0.0505258 0.998723 0 0.0505371 0.998722 0 0.0505371 0.998722 0 0.0505371 0.998722 0 0.981366 0.192146 0 0.981366 0.192146 0 0.0505371 0.998722 0 0.981547 -0.19122 0 0.981547 -0.19122 0 0.0632658 -0.997997 0 0.0632658 -0.997997 0 -0.981367 0.19214 0 -0.981367 0.19214 0 -0.0505258 0.998723 0 -0.0505258 0.998723 -0.0157869 -0.119173 0.992748 -0.763238 -0.0751575 0.641732 -0.730609 -0.0934192 0.676375 -0.0141246 -0.139008 0.990191 -0.763238 -0.0751575 0.641732 -0.99844 0.000383669 0.055828 -0.997186 -0.0184088 0.0726786 -0.730609 -0.0934192 0.676375 -0.780215 0.601294 0.172367 -0.757626 0.645493 -0.0966527 -0.96239 0.0454638 -0.267841 -0.0335135 0.915535 0.400839 -0.0414155 0.984336 0.17137 -0.54611 0.604537 -0.579913 -0.77522 0.0925435 -0.624876 -0.0345202 0.982096 -0.185189 -0.0409804 -0.965109 -0.258624 -0.757781 -0.558254 -0.337816 -0.523526 -0.406627 -0.748716 -0.032875 -0.849138 -0.527146 -0.757781 -0.558254 -0.337816 -0.966421 0.0239021 -0.255851 -0.782493 0.0700723 -0.618704 -0.326015 0.431471 -0.841158 -0.576616 0.113811 -0.809049 -0.0239778 0.702539 -0.711241 -0.312071 -0.182553 -0.932355 -0.0220017 -0.44398 -0.895767 -0.577523 0.0970973 -0.810579 -0.27121 0.354258 -0.894956 -0.508703 0.115667 -0.853137 -0.0172727 0.560252 -0.828142 -0.262439 -0.0935791 -0.9604 -0.0165153 -0.281825 -0.959324 -0.509871 0.106849 -0.85359 -0.153342 0.250022 -0.956021 -0.252981 0.126478 -0.959168 -0.00679665 0.337717 -0.941223 -0.155231 0.0140949 -0.987778 -0.00708563 -0.0690624 -0.997587 -0.25533 0.12358 -0.958924 -0.647171 0.393944 0.65267 -0.0230376 0.479315 0.87734 -0.647171 0.393944 0.65267 -0.0230376 0.479315 0.87734 -7.02106e-06 0.129487 -0.991581 7.40914e-06 0.129507 -0.991578 -0.0334916 -0.999047 -0.0280014 -0.766945 -0.639015 -0.0587859 -0.766945 -0.639015 -0.0587859 -0.708489 -0.551461 0.44038 -0.708489 -0.551461 0.44038 -0.019808 -0.743377 0.668579 -0.0141246 -0.139008 0.990191 -0.730609 -0.0934192 0.676375 0 -0.119216 0.992868 0 0.487733 0.872993 0 -0.139278 0.990253 0 -0.747989 0.663711 0 -0.139278 0.990253 0 -0.999313 -0.0370501 0 -0.967695 -0.252123 0 -0.795423 -0.606055 0 -0.415028 -0.909809 0 -0.278074 -0.96056 0 -0.0454208 -0.998968 0 0.129509 -0.991578 0 0.129529 -0.991576 0 0.311061 -0.95039 0 0.556055 -0.831145 0 0.678609 -0.7345 0 0.956616 -0.291352 0 0.985176 0.171548 0 0.918656 0.395059 0 0.487733 0.872993 0.0157869 -0.119173 0.992748 0.0141246 -0.139008 0.990191 0.730608 -0.0934194 0.676376 0.763236 -0.0751577 0.641733 0.763236 -0.0751577 0.641733 0.730608 -0.0934194 0.676376 0.997185 -0.0184091 0.0726804 0.99844 0.000383357 0.0558297 0.96239 0.0454636 -0.26784 0.757626 0.645493 -0.0966523 0.780214 0.601295 0.172368 0.0414157 0.984336 0.171372 0.0335135 0.915536 0.400839 0.775218 0.0925438 -0.624878 0.546109 0.604537 -0.579914 0.0345201 0.982097 -0.185188 0.0409804 -0.965109 -0.258624 0.0328749 -0.849139 -0.527146 0.523526 -0.406627 -0.748716 0.75778 -0.558256 -0.337816 0.75778 -0.558256 -0.337816 0.782492 0.0700725 -0.618705 0.966421 0.0239018 -0.255849 0.576614 0.113811 -0.809051 0.326015 0.431472 -0.841158 0.0239778 0.702539 -0.711241 0.0220017 -0.44398 -0.895767 0.312071 -0.182553 -0.932355 0.577521 0.0970975 -0.810581 0.508704 0.115667 -0.853136 0.27121 0.354258 -0.894956 0.0172727 0.560252 -0.828142 0.0165153 -0.281825 -0.959324 0.262439 -0.0935789 -0.9604 0.509872 0.106849 -0.853589 0.252982 0.126478 -0.959168 0.153342 0.250023 -0.95602 0.00679662 0.337718 -0.941223 0.00708561 -0.0690624 -0.997587 0.155231 0.0140952 -0.987778 0.25533 0.123579 -0.958924 0.647169 0.393946 0.65267 0.647169 0.393946 0.65267 0.0230375 0.479315 0.87734 0.0230375 0.479315 0.87734 7.02107e-06 0.129487 -0.991581 -7.41049e-06 0.129507 -0.991578 0.766944 -0.639015 -0.0587848 0.0334917 -0.999047 -0.0280013 0.766944 -0.639015 -0.0587848 0.708486 -0.551464 0.440381 0.708486 -0.551464 0.440381 0.019808 -0.743378 0.668578 0.0141246 -0.139008 0.990191 0.730608 -0.0934194 0.676376 0.0653057 0.992715 0.101256 0.027817 0.992418 0.119721 0.0202532 0.980439 0.195778 0.0483402 0.983553 0.174032 0.106757 0.988757 -0.104706 0.0470173 0.993374 -0.104865 0.106543 0.97379 -0.200953 0.0468932 0.978271 -0.201957 0.0974106 0.933445 -0.345242 0.0403895 0.929898 -0.365592 0.0733911 0.809876 -0.581992 0.0252818 0.778884 -0.626658 5.50534e-09 0.992193 0.124714 6.30269e-09 0.979862 0.199676 3.17172e-09 0.994477 -0.104951 3.50685e-09 0.979322 -0.202307 -3.36632e-08 0.927517 -0.37378 -5.26956e-08 0.76813 -0.640294 0.00160588 -0.0588624 -0.998265 -6.05587e-05 -0.756714 -0.653746 7.00272e-15 -0.748436 -0.663207 1.81333e-14 -0.0607022 -0.998156 0.00240671 -0.0645749 -0.99791 -0.000204678 -0.776179 -0.630513 1.65242e-07 -0.99632 -0.0857137 2.71175e-07 -0.99632 -0.085713 -1.32924e-07 -0.99632 -0.0857132 -8.8543e-08 -0.99632 -0.0857134 1.22473e-09 -0.99632 -0.0857132 3.96299e-09 -0.99632 -0.0857133 -5.9182e-08 -0.99632 -0.0857133 1.01349e-07 -0.99632 -0.0857129 5.18125e-10 -0.99632 -0.085713 -1.70612e-09 -0.99632 -0.0857133 5.77332e-07 -0.99632 -0.085713 6.54165e-07 -0.99632 -0.085713 -0.000125959 -0.996099 -0.0882425 0.000190197 -0.996103 -0.0881963 -3.20858e-10 -0.996148 -0.0876947 -6.05587e-05 -0.756714 -0.653746 -0.000204678 -0.776179 -0.630513 7.00272e-15 -0.748436 -0.663207 -0.00266812 0.221515 0.975153 -0.000832514 0.267813 0.963471 -0.0007544 0.264327 0.964433 -0.00239023 0.220345 0.975419 -1.79563e-07 0.285376 0.958416 -1.00807e-07 0.285577 0.958356 -0.00140393 0.711461 0.702724 -2.82958e-08 0.713336 0.700822 5.13077e-14 0.719232 0.69477 0 0.285128 0.958489 -9.85958e-09 0.262822 0.964844 -2.93707e-10 0.220021 0.975495 0.999636 -0.0205887 0.0174487 0.999885 0.00675046 0.0135919 0.999687 -0.0212042 0.013282 0.998122 -0.0591446 0.015929 0.999774 -0.0177842 0.0116595 0.999705 -0.0212369 0.0117622 0.999652 -0.0221088 0.0144167 0.998439 -0.0538244 0.0149111 0.999401 -0.0318292 0.0135541 0.998647 0.0515742 -0.00658641 0.999768 -0.017828 0.0121051 0.999846 -0.0101875 0.0142824 0.99977 -0.0179331 0.0117505 0.999396 0.0327822 -0.0115568 0.999906 -0.000119662 0.0137422 0.999901 0.00535271 0.0130138 0.999832 -0.0145697 0.0111602 0.997999 0.0525831 0.0351087 0.755641 0.646401 0.105702 0.794697 0.481768 0.369266 0.998812 0.0414311 0.0256648 0.39236 0.909613 0.136593 0.565233 0.610127 0.555209 0.997999 0.0525831 0.0351087 0.996334 0.079114 0.0325548 0.999741 0.0103405 0.0202907 0.999516 -0.0254856 0.017839 0.997866 -0.0611493 0.0228826 0.99969 0.0248592 0.000970809 0.999343 0.0258946 -0.0253523 0.998337 0.00592242 -0.057339 0.998922 0.000698605 -0.0464245 0.999871 -0.00856334 0.0135938 0.99317 -0.115799 0.0142848 0.994069 -0.106358 0.0226758 0.994144 -0.107299 0.0128055 0.995193 -0.0970506 0.0130974 0.99641 -0.0838225 0.011833 0.996963 -0.0773809 0.00882528 0.997363 -0.0554979 -0.046761 0.838675 0.472649 -0.270604 0.838881 0.515854 -0.173704 0.533537 0.726262 -0.433453 0.496189 0.820576 -0.283641 0.832489 0.543212 -0.109008 0.470378 0.864416 -0.177568 0.794642 0.603378 0.066928 0.423791 0.902365 0.0783565 0.874481 0.171036 0.453905 0.631436 0.242305 0.736598 0.831674 0.552562 -0.0547086 0.458236 0.883951 -0.0930074 0.880142 0.10468 0.463025 0.632195 0.195032 0.749861 0.875161 0.0377221 0.48236 0.639417 0.121631 0.759179 0.864403 -0.0167577 0.50252 0.650051 -0.0328532 -0.75918 0.872053 -0.0162344 -0.489141 0.844514 -0.466419 -0.263153 0.547601 -0.674797 -0.494755 0.652712 -0.756464 -0.0415884 0.679164 -0.732738 -0.0428034 0.755675 -0.653946 -0.0361902 0.679164 -0.732738 -0.0428034 0.316729 -0.945882 -0.0706428 0.326431 -0.942484 -0.0718849 0.755675 -0.653946 -0.0361902 0.772382 -0.634273 -0.0335125 0.329252 -0.941565 -0.0710562 0.772382 -0.634273 -0.0335125 0.797058 -0.603044 -0.032184 0.337617 -0.938568 -0.0714461 0.797058 -0.603044 -0.032184 0.805002 -0.592496 -0.0303268 0.320405 -0.944717 -0.0696483 0.805002 -0.592496 -0.0303268 0.320405 -0.944717 -0.0696483 0.050769 0.285611 0.957 0.425512 0.269976 0.863743 0.360948 0.67059 0.648093 0.0400321 0.702962 0.7101 0.0503187 0.267937 0.962122 0.430762 0.23246 0.872013 0.211415 0.966411 0.14613 0.0707549 0.984676 0.159395 0.21715 0.973079 0.0772272 0.0903241 0.992282 0.0849635 0.244351 0.964205 -0.102965 0.130941 0.985807 -0.10507 0.26128 0.945111 -0.19621 0.132498 0.970534 -0.201267 0.0355736 -0.782613 -0.621492 0.342131 -0.720036 -0.603734 0.0988564 -0.991644 -0.0828836 0.00966413 -0.996129 -0.0873655 0.342131 -0.720036 -0.603734 0.0355736 -0.782613 -0.621492 0.0452732 -0.065282 -0.996839 0.437576 -0.0479342 -0.897903 0.340274 0.79675 -0.499404 0.115968 0.823094 -0.555939 0.12987 0.933268 -0.334879 0.292904 0.901877 -0.317529 0.0495905 0.217951 0.974699 0.436261 0.163406 0.884859 0.011009 -0.996286 -0.085399 0.100662 -0.991501 -0.0824241 0.100859 -0.991513 -0.0820291 0.0113379 -0.996287 -0.0853402 0.102121 -0.991362 -0.0823009 0.011779 -0.99628 -0.0853649 0.0943526 -0.992104 -0.0826232 0.0127328 -0.99627 -0.0853436 0.360948 0.67059 0.648093 0.425512 0.269976 0.863743 0.430762 0.23246 0.872013 0.436261 0.163406 0.884859 0.342131 -0.720036 -0.603734 0.437576 -0.0479342 -0.897903 0.547601 -0.674797 -0.494755 0.989375 0.0797784 -0.121543 0.0341718 0.533545 -0.845081 0.0167474 0.33264 -0.942905 0.00304713 0.308212 -0.951313 0.00777592 0.49827 -0.866987 0.00566505 0.0995006 -0.995021 0.00255252 0.0971695 -0.995265 0.880712 0.0540571 -0.470558 0.883294 0.182436 -0.431867 0.990918 0.0465697 -0.126144 0.878028 0.284322 -0.385004 0.0502046 0.102178 -0.993499 0.0681476 0.34663 -0.935523 0.439379 0.331643 -0.834841 0.445191 0.0998011 -0.889857 0.0857236 0.5575 -0.825739 0.414404 0.535827 -0.735635 -1.30615e-08 0.491114 -0.871095 -5.74832e-08 0.0991608 -0.995071 0.621032 0.466805 -0.629613 0.651656 0.0884788 -0.753336 0.414404 0.535827 -0.735635 0.340274 0.79675 -0.499404 0.445191 0.0998011 -0.889857 -9.91806e-08 0.304316 -0.952571 0.645429 0.293849 -0.705035 0.439379 0.331643 -0.834841 -0.0653057 0.992715 0.101256 -0.0483402 0.983553 0.174032 -0.0202532 0.980439 0.195778 -0.0278169 0.992418 0.119721 -0.106757 0.988757 -0.104706 -0.0470172 0.993374 -0.104865 -0.106543 0.97379 -0.200953 -0.0468932 0.978271 -0.201957 -0.0974106 0.933444 -0.345243 -0.0403896 0.929898 -0.365592 -0.0733911 0.809876 -0.581992 -0.0252818 0.778884 -0.626658 -0.00160598 -0.0588623 -0.998265 6.05874e-05 -0.756715 -0.653745 -0.00240675 -0.064575 -0.99791 0.000204731 -0.776179 -0.630513 -1.68405e-07 -0.99632 -0.0857137 8.85425e-08 -0.99632 -0.0857134 1.30887e-07 -0.99632 -0.0857132 -2.72849e-07 -0.99632 -0.085713 5.74916e-08 -0.99632 -0.0857132 -1.01766e-07 -0.99632 -0.085713 -5.75862e-07 -0.99632 -0.085713 -6.55005e-07 -0.99632 -0.085713 0.000125964 -0.996099 -0.0882426 -0.000190194 -0.996103 -0.0881961 6.05874e-05 -0.756715 -0.653745 0.000204731 -0.776179 -0.630513 0.00266813 0.221516 0.975153 0.00239023 0.220345 0.975419 0.000754381 0.264327 0.964433 0.000832511 0.267813 0.963471 9.45416e-08 0.285577 0.958356 1.73883e-07 0.285376 0.958416 2.08274e-08 0.713336 0.700822 0.00140393 0.711462 0.702724 -0.999636 -0.020584 0.0174487 -0.998122 -0.0591445 0.0159295 -0.999687 -0.021204 0.0132823 -0.999885 0.00675375 0.0135919 -0.999774 -0.0177868 0.0116594 -0.999705 -0.0212413 0.0117622 -0.999652 -0.0221098 0.0144163 -0.998439 -0.053825 0.0149112 -0.998648 0.0515744 -0.00658626 -0.999401 -0.0318285 0.0135541 -0.999768 -0.0178294 0.0121051 -0.999846 -0.0101885 0.0142826 -0.99977 -0.0179331 0.0117509 -0.999396 0.0327838 -0.0115568 -0.999906 -0.000121036 0.0137428 -0.999901 0.00535003 0.0130136 -0.999832 -0.0145706 0.0111604 -0.997999 0.0525816 0.0351085 -0.998811 0.0414424 0.0256646 -0.794698 0.481766 0.369267 -0.755642 0.646399 0.105703 -0.565236 0.610123 0.55521 -0.392359 0.909613 0.136593 -0.997999 0.0525816 0.0351085 -0.996334 0.0791121 0.0325547 -0.999741 0.0103424 0.0202905 -0.999516 -0.0254911 0.0178389 -0.997866 -0.0611486 0.0228824 -0.999691 0.0248544 0.000971044 -0.999343 0.0258979 -0.0253512 -0.998337 0.00591786 -0.0573385 -0.999871 -0.00856498 0.0135918 -0.998922 0.00069633 -0.0464242 -0.99317 -0.115796 0.0142848 -0.99407 -0.106354 0.0226757 -0.994145 -0.107296 0.012805 -0.995193 -0.0970493 0.0130977 -0.99641 -0.0838241 0.011833 -0.996962 -0.0773852 0.00882403 -0.997363 -0.055504 -0.0467609 -0.838878 0.515859 -0.173704 -0.838672 0.472656 -0.270604 -0.496189 0.820575 -0.283642 -0.533536 0.726262 -0.433454 -0.832487 0.543215 -0.109008 -0.470376 0.864417 -0.177567 -0.42379 0.902365 0.0783565 -0.794643 0.603376 0.0669283 -0.874481 0.171038 0.453904 -0.631435 0.242304 0.7366 -0.458234 0.883952 -0.0930071 -0.831675 0.552561 -0.0547087 -0.880143 0.10468 0.463024 -0.632193 0.195031 0.749863 -0.849221 0.0415938 0.526397 -0.641468 0.117001 0.758175 -0.99407 -0.106354 0.0226757 -0.824169 -0.00360178 0.566333 -0.849221 0.0415938 0.526397 -0.650051 -0.0328533 -0.75918 -0.547604 -0.674792 -0.494759 -0.844519 -0.466411 -0.263152 -0.872056 -0.0162354 -0.489137 -0.772354 -0.634286 -0.0339237 -0.759832 -0.649296 -0.0327188 -0.755677 -0.653944 -0.0361904 -0.772354 -0.634286 -0.0339237 -0.755677 -0.653944 -0.0361904 -0.326432 -0.942483 -0.0718848 -0.313728 -0.946698 -0.0730629 -0.772382 -0.634273 -0.0335126 -0.772382 -0.634273 -0.0335126 -0.329252 -0.941565 -0.0710562 -0.79706 -0.603043 -0.0321847 -0.79706 -0.603043 -0.0321847 -0.337618 -0.938568 -0.0714461 -0.805007 -0.59249 -0.0303271 -0.805007 -0.59249 -0.0303271 -0.320407 -0.944716 -0.0696483 -0.320407 -0.944716 -0.0696483 -0.050769 0.285611 0.957 -0.0400321 0.702963 0.710099 -0.360948 0.670591 0.648093 -0.425512 0.269975 0.863744 -0.430761 0.23246 0.872013 -0.0503187 0.267937 0.962121 -0.0707549 0.984676 0.159395 -0.211415 0.966411 0.14613 -0.0903241 0.992282 0.0849635 -0.217149 0.973079 0.077227 -0.130941 0.985807 -0.10507 -0.24435 0.964205 -0.102965 -0.132498 0.970534 -0.201267 -0.26128 0.945111 -0.19621 -0.0355735 -0.782612 -0.621492 -0.00966418 -0.996129 -0.0873655 -0.0988559 -0.991644 -0.0828832 -0.34213 -0.720036 -0.603734 -0.34213 -0.720036 -0.603734 -0.437575 -0.0479332 -0.897904 -0.0452732 -0.0652818 -0.996839 -0.0355735 -0.782612 -0.621492 -0.340274 0.796749 -0.499405 -0.292905 0.901877 -0.31753 -0.12987 0.933268 -0.33488 -0.115968 0.823094 -0.555939 -0.0495905 0.217951 0.974699 -0.421749 0.169423 0.890743 -0.0110091 -0.996286 -0.085399 -0.0113379 -0.996287 -0.0853403 -0.100859 -0.991513 -0.0820291 -0.100661 -0.991501 -0.0824238 -0.0117791 -0.99628 -0.0853649 -0.102121 -0.991362 -0.0823007 -0.0127328 -0.99627 -0.0853437 -0.103633 -0.991207 -0.0822698 -0.360948 0.670591 0.648093 -0.425512 0.269975 0.863744 -0.430761 0.23246 0.872013 -0.421749 0.169423 0.890743 -0.34213 -0.720036 -0.603734 -0.437575 -0.0479332 -0.897904 -0.547604 -0.674792 -0.494759 -0.989376 0.0797673 -0.121541 -0.0341719 0.533545 -0.845081 -0.00777592 0.49827 -0.866987 -0.00304726 0.308212 -0.951313 -0.0167475 0.33264 -0.942905 -0.00255268 0.0971696 -0.995265 -0.00566515 0.0995006 -0.995021 -0.880714 0.0540554 -0.470554 -0.990918 0.0465759 -0.126143 -0.883294 0.182441 -0.431866 -0.878028 0.284323 -0.385004 -0.0502044 0.102178 -0.993499 -0.44519 0.099802 -0.889857 -0.439379 0.331644 -0.834841 -0.0681477 0.346629 -0.935523 -0.414403 0.535828 -0.735635 -0.0857239 0.5575 -0.825739 -0.621029 0.46681 -0.629612 -0.651656 0.0884791 -0.753337 -0.414403 0.535828 -0.735635 -0.340274 0.796749 -0.499405 -0.44519 0.099802 -0.889857 -0.645427 0.293854 -0.705035 -0.439379 0.331644 -0.834841 -1.17135e-05 -0.997515 -0.0704605 -0.000670004 -0.666365 0.745626 4.76871e-11 -0.665691 0.746227 6.34639e-10 -0.997515 -0.0704512 -0.000670004 -0.666365 0.745626 -0.00255766 0.134853 0.990862 8.74946e-09 0.137233 0.990539 4.76871e-11 -0.665691 0.746227 0.652712 -0.756464 -0.0415884 0.683508 -0.66343 0.304431 0.623109 -0.638134 0.452239 0.264091 -0.962498 -0.0620784 0.683508 -0.66343 0.304431 0.640626 0.0220808 0.767535 0.623109 -0.638134 0.452239 0.0430805 0.126589 0.991019 0.0509024 -0.657761 0.751505 0.395077 -0.624059 0.67414 0.421335 0.0731986 0.903946 0.0509024 -0.657761 0.751505 0.0107153 -0.99748 -0.0701356 0.0867939 -0.993852 -0.0687335 0.395077 -0.624059 0.67414 0.00293464 0.130759 0.99141 0.000746907 -0.667161 0.744913 0.000669991 -0.666365 0.745625 0.00255768 0.134853 0.990862 0.000746907 -0.667161 0.744913 1.18522e-05 -0.997475 -0.0710217 1.17127e-05 -0.997515 -0.0704605 0.000669991 -0.666365 0.745625 -0.824169 -0.00360178 0.566333 -0.791031 -0.419196 0.445583 -0.643635 -0.541896 0.540447 -0.632774 0.0342416 0.773579 -0.242617 -0.968193 -0.0611564 -0.0107153 -0.99748 -0.0701356 -0.0509021 -0.657761 0.751505 -0.375584 -0.659562 0.651087 -0.0998156 -0.992692 -0.0678144 -0.0509021 -0.657761 0.751505 -0.0430805 0.126589 0.991019 -0.396758 0.077086 0.914681 -0.375584 -0.659562 0.651087 -0.00293463 0.130759 0.99141 -1.18535e-05 -0.997475 -0.0710218 6.54112e-10 -0.99632 -0.0857129 0.421335 0.0731986 0.903946 5.18125e-10 -0.99632 -0.085713 6.54112e-10 -0.99632 -0.0857129 6.34639e-10 -0.997515 -0.0704512 -0.242617 -0.968193 -0.0611564 -0.759832 -0.649296 -0.0327188 -0.396758 0.077086 0.914681 -0.000746916 -0.667161 0.744914 -0.000746916 -0.667161 0.744914 0.395077 -0.624059 0.67414 -0.375584 -0.659562 0.651087 -0.643635 -0.541896 0.540447 -0.999094 -0.0425403 0.000912999 -0.999046 -0.0398111 0.0179357 -0.999617 -0.0213311 0.0176537 -0.999656 -0.0262042 0.000957635 -0.994543 -0.102854 0.0174517 -0.99362 -0.112775 0.000913426 -0.994888 0.0968847 -0.028465 -0.999731 -0.016609 0.0161594 -0.995881 -0.0889556 0.0175234 -0.99986 -0.0100387 0.0133708 -0.995265 -0.0958999 0.0158443 -0.973545 0.223271 0.048589 -0.998665 0.035318 0.0377056 -0.71861 0.419325 0.554767 -0.566357 0.817442 0.105015 -0.999545 -0.0301094 0.00182347 -0.994222 0.10725 0.00437858 -0.989304 0.14587 0.000534453 -0.999567 -0.0293533 0.00221688 -0.98234 0.185246 -0.0263224 -0.994219 0.0948595 -0.0503016 -0.992448 -0.12264 0.00270644 -0.982037 -0.0870416 -0.167411 -0.999984 0.00345648 0.00456895 -0.98694 0.00530631 -0.160999 -0.677988 0.695671 -0.237433 -0.644343 0.682205 -0.34557 -0.658771 0.752271 0.010474 -0.646526 0.762891 -0.00140951 -0.667196 0.73509 -0.120384 -0.998509 -0.038573 0.0386203 -0.752347 0.182976 0.632846 -0.989534 -0.137771 0.0429091 -0.725458 0.116338 0.678363 -0.732273 -0.33419 -0.593375 -0.731499 -0.00991594 -0.68177 -0.565359 -0.824845 0.000482641 -0.568104 -0.822957 -0.000207672 -0.576002 -0.817447 0.0014243 -0.602206 -0.798205 0.0147414 -0.560018 -0.828277 0.0183301 -0.459598 0.261432 0.848778 -0.0516816 0.314789 0.947754 -0.0440047 0.559815 0.827448 -0.434915 0.516724 0.737459 -0.0440047 0.559815 0.827448 -0.0605793 0.988781 0.136537 -0.264597 0.956611 0.121999 -0.434915 0.516724 0.737459 -0.309986 0.950675 0.0112084 -0.114042 0.993402 0.0121628 -0.119645 0.992813 -0.00257834 -0.30924 0.950981 -0.00233095 -0.124538 0.978684 -0.163305 -0.324036 0.933159 -0.155612 -0.121876 0.93733 -0.326432 -0.346002 0.887083 -0.305559 -0.0458512 -0.450113 -0.891794 -0.0109536 -0.99993 0.00448792 -0.175238 -0.984471 0.0103943 -0.449705 -0.41246 -0.792239 -0.114013 0.869419 -0.480741 -0.348887 0.829587 -0.435963 -0.431015 0.179323 0.884347 -0.0423111 0.252653 0.966631 -0.0124648 -0.999918 0.00310325 -0.195896 -0.980599 0.00707601 -0.0124534 -0.999824 -0.0140047 -0.187704 -0.982175 -0.00998944 -0.0140641 -0.9999 -0.00151585 -0.188727 -0.982029 -0.00107068 2.41311e-08 0.999916 0.0129571 8.7593e-09 0.999997 -0.00229239 4.30796e-08 0.944965 -0.327172 1.8119e-07 0.877482 -0.47961 -2.21127e-07 0.986437 -0.164143 2.4033e-07 -0.0468429 -0.998902 2.51186e-07 -0.455632 -0.890168 -0.0458512 -0.450113 -0.891794 -0.0471337 -0.049108 -0.997681 1.28083e-08 -0.999895 -0.0144988 2.38073e-09 -0.999999 -0.00141652 6.98823e-10 -0.999992 0.00409894 1.50916e-09 -0.999996 0.0027503 2.51186e-07 -0.455632 -0.890168 -8.21054e-08 0.255093 0.966917 -6.08264e-08 0.317199 0.948359 -6.38676e-08 0.568095 0.822963 -1.55617e-08 0.990556 0.137108 -6.38676e-08 0.568095 0.822963 -0.677988 0.695671 -0.237433 -0.644343 0.682205 -0.34557 -0.71861 0.419325 0.554767 -0.566357 0.817442 0.105015 -0.658771 0.752271 0.010474 -0.646526 0.762891 -0.00140951 -0.459598 0.261432 0.848778 -0.434915 0.516724 0.737459 -0.667196 0.73509 -0.120384 -0.576002 -0.817447 0.0014243 -0.568104 -0.822957 -0.000207672 -0.602206 -0.798205 0.0147414 -0.560018 -0.828277 0.0183301 -0.453466 -0.0285693 -0.890816 -0.449705 -0.41246 -0.792239 -0.732273 -0.33419 -0.593375 -0.943038 0.182753 -0.277993 -0.951226 0.105799 -0.289785 -0.754301 0.223512 -0.61731 -0.740773 0.372297 -0.559152 -0.453466 -0.0285693 -0.890816 -0.46899 0.290464 -0.834074 -0.0668735 0.304178 -0.950265 -0.0668735 0.304178 -0.950265 -0.46899 0.290464 -0.834074 -0.448237 0.490174 -0.747538 -0.0832703 0.517017 -0.851915 -0.449705 -0.41246 -0.792239 2.94611e-07 0.51562 -0.856817 -0.348887 0.829587 -0.435963 -0.448237 0.490174 -0.747538 2.02292e-07 0.305953 -0.952047 2.02292e-07 0.305953 -0.952047 -0.46899 0.290464 -0.834074 -0.672273 -0.565055 0.478291 -0.471019 -0.607996 0.639125 -0.431015 0.179323 0.884347 -0.672273 -0.565055 0.478291 -0.548663 -0.836013 0.00719604 -0.166639 -0.986009 0.0041193 -0.471019 -0.607996 0.639125 -0.0117293 -0.999929 -0.00215561 -0.05035 -0.632826 0.772656 -0.05035 -0.632826 0.772656 -0.471019 -0.607996 0.639125 -0.185399 -0.982662 -0.00163988 -0.565359 -0.824845 0.000482641 -0.0133398 -0.999908 -0.00245813 1.22732e-09 -0.999996 -0.00270746 -0.548663 -0.836013 0.00719604 6.21614e-10 -0.999994 -0.00357865 -1.09164e-07 -0.642271 0.766478 -1.09164e-07 -0.642271 0.766478 0.999094 -0.0425413 0.000912998 0.999656 -0.0262071 0.000957633 0.999617 -0.0213332 0.0176537 0.999046 -0.0398229 0.0179357 0.993619 -0.112782 0.000913424 0.994544 -0.102849 0.017452 0.999731 -0.0166073 0.0161594 0.994889 0.0968795 -0.0284648 0.995882 -0.0889518 0.0175235 0.995265 -0.0958971 0.0158439 0.99986 -0.0100336 0.0133708 0.97355 0.223249 0.0485895 0.566363 0.817438 0.105016 0.718614 0.419311 0.554772 0.998664 0.03533 0.0377056 0.994224 0.107239 0.00437861 0.999545 -0.0301094 0.00182346 0.989305 0.145858 0.000534461 0.999567 -0.0293553 0.00221688 0.982341 0.185238 -0.0263229 0.994219 0.094856 -0.050301 0.992447 -0.122646 0.00270643 0.982037 -0.0870458 -0.167411 0.98694 0.00530909 -0.160999 0.999984 0.00346126 0.00456899 0.644346 0.682199 -0.345575 0.677988 0.69567 -0.237434 0.658788 0.752255 0.0104741 0.646543 0.762876 -0.00140959 0.667193 0.735093 -0.120382 0.752348 0.182963 0.632848 0.998509 -0.0385696 0.0386203 0.725457 0.116336 0.678365 0.989535 -0.137767 0.042909 0.732273 -0.334188 -0.593376 0.731499 -0.00991427 -0.68177 0.565358 -0.824846 0.000482628 0.568103 -0.822957 -0.000207658 0.576012 -0.81744 0.00142623 0.602204 -0.798206 0.0147419 0.560009 -0.828284 0.0183291 0.459597 0.261427 0.848779 0.434914 0.516721 0.737461 0.0440041 0.559814 0.827449 0.0516814 0.314788 0.947754 0.0440041 0.559814 0.827449 0.434914 0.516721 0.737461 0.264597 0.956611 0.121999 0.0605793 0.988781 0.136538 0.114042 0.993402 0.0121628 0.309993 0.950673 0.0112084 0.309247 0.950979 -0.00233111 0.119645 0.992813 -0.00257822 0.324031 0.933161 -0.155611 0.124537 0.978684 -0.163305 0.346 0.887084 -0.305558 0.121876 0.93733 -0.326432 0.0458515 -0.450111 -0.891794 0.449705 -0.412454 -0.792242 0.175236 -0.984471 0.0103945 0.0109535 -0.99993 0.00448831 0.34889 0.829585 -0.435964 0.114013 0.86942 -0.48074 0.042311 0.252653 0.966632 0.431015 0.17932 0.884347 0.195895 -0.980599 0.00707576 0.0124648 -0.999918 0.00310308 0.187703 -0.982175 -0.00998931 0.0124536 -0.999824 -0.0140051 0.188727 -0.982029 -0.00107069 0.014064 -0.9999 -0.00151587 0.0471338 -0.0491073 -0.997681 0.0458515 -0.450111 -0.891794 0.677988 0.69567 -0.237434 0.644346 0.682199 -0.345575 0.718614 0.419311 0.554772 0.566363 0.817438 0.105016 0.658788 0.752255 0.0104741 0.646543 0.762876 -0.00140959 0.459597 0.261427 0.848779 0.434914 0.516721 0.737461 0.667193 0.735093 -0.120382 0.576012 -0.81744 0.00142623 0.568103 -0.822957 -0.000207658 0.602204 -0.798206 0.0147419 0.560009 -0.828284 0.0183291 0.453466 -0.0285717 -0.890816 0.449705 -0.412454 -0.792242 0.732273 -0.334188 -0.593376 0.943037 0.182758 -0.277994 0.754303 0.223501 -0.617312 0.951226 0.105798 -0.289786 0.740777 0.372279 -0.559158 0.0668753 0.304179 -0.950265 0.468994 0.290457 -0.834074 0.453466 -0.0285717 -0.890816 0.0668753 0.304179 -0.950265 0.0832697 0.517021 -0.851913 0.448241 0.490171 -0.747537 0.468994 0.290457 -0.834074 0.449705 -0.412454 -0.792242 0.448241 0.490171 -0.747537 0.34889 0.829585 -0.435964 0.468994 0.290457 -0.834074 0.431015 0.17932 0.884347 0.471009 -0.608012 0.639118 0.672265 -0.565068 0.478286 0.672265 -0.565068 0.478286 0.471009 -0.608012 0.639118 0.166632 -0.986011 0.00411978 0.54865 -0.836021 0.00719561 0.0117293 -0.999929 -0.00215501 0.0503522 -0.632822 0.772658 0.0503522 -0.632822 0.772658 0.471009 -0.608012 0.639118 0.565358 -0.824846 0.000482628 0.185398 -0.982662 -0.00163992 0.0133397 -0.999908 -0.00245815 0.54865 -0.836021 0.00719561 -0.999859 0.0167691 0 -0.866013 0.500022 0 -0.866013 0.500022 0 -0.999859 0.0167691 0 -1 0 0 -1 0 0 -0.866013 -0.500022 0 -0.866013 -0.500022 0 -0.866013 -0.500022 0 -0.499997 -0.866027 0 -0.499997 -0.866027 0 -0.866013 -0.500022 0 0 -1 0 0 -1 0 0.499997 -0.866027 0 0.499997 -0.866027 0 0.866026 -0.499999 0 0.866026 -0.499999 0 0.866026 -0.499999 0 1 0 0 1 0 0 0.866026 -0.499999 0 0.866026 0.499999 0 0.866026 0.499999 0 0.999859 0.0167691 0 0.999859 0.0167691 0 0.201486 0.979491 0 0.201486 0.979491 0 0 1 0 0 1 0 -0.201486 0.979491 0 -0.201486 0.979491 0 0.999989 0.00463721 0 0.999989 0.00463721 0 -0.999989 0.00463779 0 -0.999989 0.00463779 0 0.999989 0.00463721 0 0.999989 0.00463721 0 -0.999989 0.00463779 0 -0.999989 0.00463779 0 0.671834 0.733423 -0.103581 0.671834 0.733424 -0.103581 0.671834 0.733423 -0.103581 0.671834 0.733424 -0.103581 0.263582 0.954077 -0.142342 0.263582 0.954077 -0.142342 0.263582 0.954077 -0.142342 0.263582 0.954077 -0.142342 -0.263587 0.954076 -0.142343 -0.263587 0.954076 -0.142343 -0.263587 0.954076 -0.142343 -0.263587 0.954076 -0.142343 -0.671846 0.733413 -0.103578 -0.671846 0.733413 -0.103578 -0.671846 0.733413 -0.103578 -0.671846 0.733413 -0.103578 -0.905436 0.410269 -0.108932 -0.999612 0.026374 -0.00891763 -0.999995 -0.0031438 -0.000455767 -0.888339 0.459186 -0.00117738 -0.885076 -0.458999 0.0772113 -0.879806 -0.475323 0.00319228 -0.52696 -0.839657 0.131493 -0.526129 -0.85039 0.00506575 4.90761e-06 -0.988835 0.149015 9.23408e-06 -0.999985 0.00558451 0.526951 -0.839662 0.131496 0.526125 -0.850392 0.00506603 0.526951 -0.839662 0.131496 0.885075 -0.459 0.0772122 0.879802 -0.475329 0.00319242 0.526125 -0.850392 0.00506603 0.999612 0.0263747 -0.00891691 0.999995 -0.0031388 -0.000455726 0.905438 0.410263 -0.108932 0.888337 0.45919 -0.0011773 0.531735 0.846911 0 0.528896 0.848687 0 0.881816 0.471594 0 4.34069e-06 1 0 5.32183e-06 1 0 -0.531745 0.846904 0 -0.528905 0.848681 0 -0.531745 0.846904 0 -0.881816 0.471593 0 -0.528905 0.848681 0 -1 -0.000154925 0 -0.881688 -0.471832 0 -0.528767 -0.848767 0 9.89755e-06 -1 0 0.528763 -0.848769 0 0.881685 -0.471838 0 0.528763 -0.848769 0 1 -0.000153598 0 0.529703 0.0651816 0.845675 0.873892 0.107489 0.474087 0.889296 0.000823559 0.457332 0.441121 -0.00173872 0.897446 0.0241035 0.00299663 0.999705 -0.0296083 -0.00279525 0.999558 -0.494944 -0.0608759 0.86679 -0.522605 -0.00681371 0.852548 -0.863151 -0.106201 0.493652 -0.494944 -0.0608759 0.86679 -0.522605 -0.00681371 0.852548 -0.907613 -0.00583868 0.419768 -0.992515 -0.122127 1.62802e-07 -0.999994 -0.00333782 -4.63406e-06 -0.863151 -0.106201 -0.493651 -0.904701 -0.00574576 -0.426009 -0.49493 -0.0608742 -0.866798 -0.515523 -0.00691034 -0.856848 0.0241018 0.00299664 -0.999705 0.011216 -0.00241955 -0.999934 0.529691 0.0651797 -0.845683 0.474238 -0.000207657 -0.880397 0.873894 0.107489 -0.474084 0.529691 0.0651797 -0.845683 0.474238 -0.000207657 -0.880397 0.908992 0.00379343 -0.416795 0.992522 0.122065 -1.05636e-07 0.999001 0.00535997 -0.0443721 0.66919 0.736273 0.100434 0.66919 0.736273 0.100434 0.66919 0.736273 0.100434 0.66919 0.736273 0.100434 2.79581e-06 0.989436 0.144967 0.262119 0.954842 0.139898 0.262119 0.954842 0.139898 3.69346e-06 0.989436 0.144967 -0.450059 0.884033 0.126221 -0.444103 0.886964 0.126758 -0.669198 0.736265 0.100433 -0.669198 0.736265 0.100433 -0.999994 0.0033922 0.00110813 -0.916301 0.399832 0.0229567 -0.888827 0.458242 0.00124342 -0.999996 -0.00274235 0.00055828 -0.869787 -0.492643 -0.0278119 -0.879696 -0.475529 -0.0027035 -0.505624 -0.861919 -0.0379514 -0.52578 -0.850613 -0.00368225 1.57429e-05 -0.999239 -0.0389999 1.00645e-05 -0.999993 -0.00371747 0.511266 -0.858748 -0.0340522 0.525777 -0.850615 -0.00368254 0.867302 -0.497219 -0.0236885 0.511266 -0.858748 -0.0340522 0.525777 -0.850615 -0.00368254 0.879693 -0.475535 -0.00270364 0.999985 -0.00394509 -0.00375122 0.999996 -0.00274497 0.000558238 0.907539 0.419662 0.0160388 0.88883 0.458236 0.00124335 0.531744 0.846905 0 4.65422e-06 1 0 -0.531753 0.846899 0 -0.531753 0.846899 0 0.821659 0.247384 -0.513495 0.449709 0.386467 -0.805236 0.464356 0.531221 -0.708645 0.83417 0.330508 -0.441503 9.87354e-08 0.432351 -0.901705 1.77797e-08 0.600048 -0.799964 -0.449716 0.386466 -0.805233 -0.464363 0.53122 -0.708641 -0.449716 0.386466 -0.805233 -0.82166 0.247383 -0.513494 -0.834171 0.330508 -0.441501 -0.464363 0.53122 -0.708641 -0.997917 0.0282536 -0.0579948 -0.998831 0.0229248 -0.0425542 -0.876393 -0.21268 0.432091 -0.87304 -0.315425 0.371898 -0.493318 -0.390895 0.77707 -0.494461 -0.568859 0.657197 1.46435e-05 -0.45422 0.890889 7.53832e-07 -0.659682 0.751545 0.493314 -0.39085 0.777096 0.494453 -0.568861 0.657202 0.493314 -0.39085 0.777096 0.876388 -0.212667 0.432106 0.873042 -0.315422 0.371896 0.494453 -0.568861 0.657202 0.997917 0.0282527 -0.057991 0.998831 0.0229256 -0.0425503 0.855423 0.47842 -0.198408 0.491467 0.804646 -0.333174 0.474949 0.839949 -0.262504 1.63192e-06 0.924166 -0.381991 2.89307e-06 0.954568 -0.297994 -0.491475 0.804642 -0.333172 -0.474955 0.839947 -0.262502 -0.491475 0.804642 -0.333172 -0.855422 0.478422 -0.198407 -0.474955 0.839947 -0.262502 -0.99955 0.0286563 -0.00881855 -0.880749 -0.432323 0.193334 -0.516043 -0.780484 0.352909 2.64084e-06 -0.910314 0.413918 0.516034 -0.780489 0.352911 0.516034 -0.780489 0.352911 0.88075 -0.43232 0.193334 0.99955 0.0286559 -0.00881769 0.85779 0.412411 -0.306778 0.495188 0.696867 -0.518811 1.61742e-07 0.801975 -0.597358 -0.495196 0.696863 -0.518809 -0.495196 0.696863 -0.518809 -0.857791 0.412411 -0.306777 -0.999669 0.01859 -0.0177918 -0.876902 -0.394035 0.275282 -0.507779 -0.709776 0.48824 1.66799e-06 -0.826452 0.563008 0.50777 -0.70978 0.488244 0.50777 -0.70978 0.488244 0.876903 -0.394033 0.275281 0.999669 0.0185898 -0.01779 0.872501 0.00366459 -0.488599 0.848615 0.114475 -0.516477 0.999676 0.0134077 -0.0216296 1 0.000349967 2.69796e-05 0.511461 0.00678038 -0.85928 0.47851 0.200626 -0.854855 -3.02129e-08 0.00804323 -0.999968 -1.27921e-08 0.233049 -0.972465 -0.51147 0.00678035 -0.859275 -0.478518 0.200625 -0.854851 -0.478518 0.200625 -0.854851 -0.51147 0.00678035 -0.859275 -0.872501 0.00366466 -0.488599 -0.848616 0.114475 -0.516476 -1 0.000350332 2.69433e-05 -0.999676 0.0134122 -0.0216301 -0.872389 -0.00127753 0.488811 -0.868324 -0.048317 0.493638 -0.5111 -0.000696447 0.859521 -0.494794 -0.0538218 0.867342 4.03629e-05 2.25316e-05 1 -3.9354e-05 -0.0448393 0.998994 0.51109 -0.000696263 0.859527 0.494784 -0.0538067 0.867349 0.494784 -0.0538067 0.867349 0.51109 -0.000696263 0.859527 0.87237 -0.00127713 0.488844 0.868344 -0.0483293 0.493603 0.872408 0.0158703 -0.488521 0.511705 0.00929968 -0.859111 -0.00314124 -0.000100471 -0.999995 -0.513829 -0.00941552 -0.857841 -0.513829 -0.00941552 -0.857841 -0.872705 -0.0158842 -0.487989 -0.999835 -0.018147 9.69824e-06 -0.873807 -0.0158679 0.486014 -0.51502 -0.00937407 0.857127 -0.00310064 -8.55259e-05 0.999995 0.510514 0.00926333 0.85982 0.510514 0.00926333 0.85982 0.872395 0.0158683 0.488544 0.999834 0.0181986 9.60791e-06 1.46435e-05 -0.45422 0.890889 0.493314 -0.39085 0.777096 0.454252 0.397961 0.797046 0.81101 0.242395 0.532454 0.791833 0.331308 0.513065 0.476669 0.481258 0.735647 0.00556942 0.451407 0.892301 5.12136e-05 0.54467 0.838651 -0.47596 0.395822 0.785358 -0.476689 0.481289 0.735614 -0.851309 0.210592 0.480546 -0.47596 0.395822 0.785358 -0.476689 0.481289 0.735614 -0.846464 0.295045 0.443223 -0.997379 -0.00839997 0.0718715 -0.999577 0.0110389 0.0269211 -0.898498 -0.18999 -0.395734 -0.87027 -0.30231 -0.388895 -0.505908 -0.308316 -0.805604 -0.497407 -0.544423 -0.675418 -0.00870075 -0.344676 -0.938682 0.00158954 -0.626589 -0.779348 0.515392 -0.351098 -0.78173 -0.00870075 -0.344676 -0.938682 0.00158954 -0.626589 -0.779348 0.459257 -0.5667 -0.684057 0.867282 -0.288381 -0.40578 0.515392 -0.351098 -0.78173 0.459257 -0.5667 -0.684057 0.837239 -0.354501 -0.416365 0.996379 -0.0555615 0.0643547 0.996559 0.0105934 0.0822109 0.816946 0.576018 0.0283474 0.499097 0.86555 0.0415359 0.476739 0.875595 0.0777986 0.999541 0.0211187 -0.0217204 0.854605 -0.518874 -0.0205256 0.515091 -0.856929 -0.018809 6.97428e-05 -0.999661 -0.0260483 0.515091 -0.856929 -0.018809 -0.496338 -0.867615 -0.0298642 -0.868826 -0.494125 -0.0313386 -0.99958 0.0268588 -0.0108438 -0.846732 0.530966 0.0334794 -0.476618 0.875696 0.0774093 -0.499064 0.865575 0.041424 -2.46625e-06 0.995444 0.0953481 -1.49263e-05 0.998697 0.0510399 -0.499064 0.865575 0.041424 -0.476618 0.875696 0.0774093 0.788763 0.553854 0.266645 0.792027 0.45968 0.401732 0.998561 0.0509121 0.0168574 0.999773 0.015211 -0.0149354 0.496192 0.645453 0.580675 0.481757 0.787179 0.385045 0.00019452 0.740901 0.671614 0.000152709 0.897597 0.440818 -0.496192 0.645455 0.580674 -0.481692 0.78699 0.385512 -0.496192 0.645455 0.580674 -0.858781 0.384723 0.338354 -0.481692 0.78699 0.385512 -0.850364 0.472343 0.23189 -0.999673 0.0191132 0.0170165 -0.999643 0.0176988 0.0200186 -0.879051 -0.372528 -0.297475 -0.871365 -0.453581 -0.18705 -0.513017 -0.682381 -0.52074 -0.501601 -0.799684 -0.330002 0.00142234 -0.808212 -0.58889 0.00011652 -0.924998 -0.379971 0.514168 -0.680272 -0.522361 0.459257 -0.5667 -0.684057 0.551086 -0.766243 -0.330417 0.514168 -0.680272 -0.522361 0.842406 -0.417658 -0.340463 0.551086 -0.766243 -0.330417 0.839921 -0.500019 -0.210983 0.88699 0.00304296 0.461779 0.832099 0.183225 0.523488 0.40737 0.27893 0.869625 0.435718 0.00303936 0.900078 0.998943 0.00306269 -0.0458552 0.999753 -0.0117585 -0.0188758 -0.00507814 0.290843 0.956757 -0.0286917 0.00227822 0.999586 -0.498324 0.268937 0.824225 -0.520298 0.0020322 0.853983 -0.520298 0.0020322 0.853983 -0.498324 0.268937 0.824225 -0.890105 0.127655 0.437514 -0.909063 0.00480676 0.416632 -0.997755 -0.0302982 0.0597315 -0.999991 0.00373626 0.00191308 -0.919593 -0.0675424 -0.387023 -0.906449 -0.00275633 -0.422306 -0.504139 -0.0408815 -0.862654 -0.51199 -0.00735476 -0.85896 0.0149702 -0.0617762 -0.997978 0.0103753 -0.00777943 -0.999916 0.480298 -0.0626244 -0.874867 0.476582 -0.00587065 -0.879111 0.476582 -0.00587065 -0.879111 0.480298 -0.0626244 -0.874867 0.924191 -0.0654674 -0.376278 0.910789 0.000672457 -0.412872 0.948836 -0.314154 0.0319041 0.948836 -0.314154 0.0319041 0.948836 -0.314154 0.0319041 0.948836 -0.314154 0.0319041 -0.338521 -0.343297 0.8761 -0.338521 -0.343297 0.8761 -0.33852 -0.343297 0.8761 -0.338521 -0.343297 0.8761 0.310595 0.199131 -0.92945 0.310595 0.199131 -0.92945 0.310595 0.199131 -0.92945 0.310595 0.199131 -0.92945 -0.12414 -0.283176 0.951 -0.12414 -0.283176 0.951 -0.12414 -0.283176 0.951 -0.12414 -0.283176 0.951 0.127445 0.065626 -0.989672 0.127445 0.065626 -0.989672 0.127445 0.065626 -0.989672 0.127445 0.065626 -0.989672 0.0470151 -0.199447 0.97878 0.0470151 -0.199447 0.97878 0.0470151 -0.199447 0.97878 0.0470151 -0.199447 0.97878 -0.140785 0.174322 -0.974572 -0.140785 0.174322 -0.974572 -0.140785 0.174322 -0.974572 -0.140785 0.174322 -0.974572 -0.0125848 -0.0724859 0.99729 -0.0125848 -0.0724859 0.99729 -0.0125848 -0.0724859 0.99729 -0.0125848 -0.0724859 0.99729 -0.735547 -0.672056 0.0855065 -0.735547 -0.672056 0.0855065 -0.735547 -0.672056 0.0855065 -0.735547 -0.672056 0.0855065 -0.376137 0.286839 -0.881047 -0.376137 0.286839 -0.881047 -0.376137 0.286839 -0.881047 -0.376137 0.286839 -0.881047 0.0984286 0.0599451 -0.993337 0.0984286 0.0599451 -0.993337 0.0984286 0.0599451 -0.993337 0.0984286 0.0599451 -0.993337 0.696507 -0.711694 -0.0914892 0.696507 -0.711694 -0.0914892 0.696507 -0.711694 -0.0914892 0.696507 -0.711694 -0.0914892 0.0264641 -0.158935 0.986934 0.0264641 -0.158935 0.986934 0.0264641 -0.158935 0.986934 0.0264641 -0.158935 0.986934 0.0449272 0.13072 -0.990401 0.0449272 0.13072 -0.990401 0.0449272 0.13072 -0.990401 0.0449272 0.13072 -0.990401 0.0106119 -0.145932 0.989238 0.0106119 -0.145932 0.989238 0.0106119 -0.145932 0.989238 0.0106119 -0.145932 0.989238 -0.044939 0.130717 -0.990401 -0.044939 0.130717 -0.990401 -0.044939 0.130717 -0.990401 -0.044939 0.130717 -0.990401 -0.0106121 -0.145934 0.989237 -0.0106121 -0.145934 0.989237 -0.0106121 -0.145934 0.989237 -0.0106121 -0.145934 0.989237 -0.696506 -0.711695 -0.0914893 -0.696506 -0.711695 -0.0914893 -0.696506 -0.711695 -0.0914893 -0.696506 -0.711695 -0.0914893 -0.0984244 0.0599522 -0.993337 -0.0984244 0.0599522 -0.993337 -0.0984244 0.0599522 -0.993337 -0.0984244 0.0599522 -0.993337 -0.0264592 -0.158939 0.986934 -0.0264592 -0.158939 0.986934 -0.0264592 -0.158939 0.986934 -0.0264592 -0.158939 0.986934 0.638391 -0.76379 0.0953026 0.638391 -0.76379 0.0953026 0.638391 -0.76379 0.0953026 0.638391 -0.76379 0.0953026 0.205759 0.173566 0.963088 0.205759 0.173566 0.963088 0.205759 0.173566 0.963088 0.205759 0.173566 0.963088 -0.124107 -0.194621 -0.972995 -0.124107 -0.194621 -0.972995 -0.124107 -0.194621 -0.972995 -0.124107 -0.194621 -0.972995 0.0457242 0.28136 0.958512 0.0457242 0.28136 0.958512 0.0457242 0.28136 0.958512 0.0457242 0.28136 0.958512 0.0257549 -0.237191 -0.971122 0.0257549 -0.237191 -0.971122 0.0257549 -0.237191 -0.971122 0.0257549 -0.237191 -0.971122 -0.0565345 0.223923 0.972966 -0.0565345 0.223923 0.972966 -0.0565345 0.223923 0.972966 -0.0565345 0.223923 0.972966 -0.023387 -0.245528 -0.969107 -0.023387 -0.245528 -0.969107 -0.023387 -0.245528 -0.969107 -0.023387 -0.245528 -0.969107 -0.134028 0.0817884 0.987597 -0.134028 0.0817883 0.987597 -0.134028 0.0817884 0.987597 -0.134028 0.0817884 0.987597 -0.694324 -0.713907 0.0908323 -0.694324 -0.713907 0.0908323 -0.694324 -0.713907 0.0908323 -0.694324 -0.713907 0.0908323 0.114681 -0.258819 -0.959094 0.114681 -0.258819 -0.959094 0.114681 -0.258819 -0.959094 0.114681 -0.258819 -0.959094 0.0843604 0.0729538 -0.993761 0.0843604 0.0729538 -0.993761 0.0843604 0.0729538 -0.993761 0.0843604 0.0729538 -0.993761 0.708199 -0.700251 -0.0900161 0.708199 -0.700251 -0.0900161 0.708199 -0.700251 -0.0900161 0.708199 -0.700251 -0.0900161 0.0249508 -0.157222 0.987248 0.0249508 -0.157222 0.987248 0.0249508 -0.157222 0.987248 0.0249508 -0.157222 0.987248 0.0327267 0.134215 -0.990412 0.0327267 0.134215 -0.990412 0.0327267 0.134215 -0.990412 0.0327267 0.134215 -0.990412 0.00981791 -0.145651 0.989287 0.00981791 -0.145651 0.989287 0.00981791 -0.145651 0.989287 0.00981791 -0.145651 0.989287 -0.0327357 0.134213 -0.990412 -0.0327357 0.134213 -0.990412 -0.0327357 0.134213 -0.990412 -0.0327357 0.134213 -0.990412 -0.00981697 -0.145653 0.989287 -0.00981697 -0.145653 0.989287 -0.00981697 -0.145653 0.989287 -0.00981697 -0.145653 0.989287 -0.708177 -0.700273 -0.0900196 -0.708177 -0.700273 -0.0900196 -0.708177 -0.700273 -0.0900196 -0.708177 -0.700273 -0.0900196 -0.0843528 0.0729599 -0.993761 -0.0843528 0.0729599 -0.993761 -0.0843528 0.0729599 -0.993761 -0.0843528 0.0729599 -0.993761 -0.0249504 -0.157222 0.987248 -0.0249504 -0.157222 0.987248 -0.0249504 -0.157222 0.987248 -0.0249504 -0.157222 0.987248 0.790631 0.59569 0.141621 0.470858 0.853172 0.224479 -0.000169878 0.965942 0.258758 -0.471174 0.852956 0.224638 -0.471174 0.852956 0.224638 -0.841895 0.523565 0.13074 -0.999358 0.0342562 0.0104607 -0.873502 -0.479913 -0.0817206 -0.501654 -0.857447 -0.114575 -0.000297522 -0.993307 -0.115507 0.555359 -0.826123 -0.0953789 0.555359 -0.826123 -0.0953789 0.843061 -0.532831 -0.073069 0.999747 0.0220246 -0.00463221 0.87399 0.0128239 -0.485775 0.999869 0.0162181 -9.9064e-06 0.608794 -0.793328 -0.000718663 0.531787 -0.794796 -0.292407 0.317991 -0.797725 -0.512364 0.517256 0.00326973 -0.855824 0.317991 -0.797725 -0.512364 0.00719622 -0.802051 -0.597212 0.00367284 -0.0107788 -0.999935 0.517256 0.00326973 -0.855824 -0.296468 -0.806086 -0.512183 -0.508149 -0.0251319 -0.860902 -0.510336 -0.808245 -0.293763 -0.870102 -0.0350872 -0.491621 -0.510336 -0.808245 -0.293763 -0.588058 -0.808819 -0.000459756 -0.999254 -0.0386183 -1.51252e-06 -0.870102 -0.0350872 -0.491621 -0.513562 -0.807988 0.288808 -0.871864 -0.0350564 0.488493 -0.299755 -0.805306 0.511497 -0.510015 -0.0249646 0.859803 -0.299755 -0.805306 0.511497 0.00766774 -0.801342 0.598158 0.00363358 -0.0107797 0.999935 -0.510015 -0.0249646 0.859803 0.31644 -0.79721 0.514122 0.515467 0.00318574 0.856904 0.31644 -0.79721 0.514122 0.533088 -0.794252 0.291517 0.873991 0.0128547 0.485772 0.515467 0.00318574 0.856904 0.00367284 -0.0107788 -0.999935 -0.508149 -0.0251319 -0.860902 -0.508149 -0.0251319 -0.860902 0.00363358 -0.0107797 0.999935 0.515467 0.00318574 0.856904 0.531787 -0.794796 -0.292407 -1.92155e-09 -1 4.79721e-07 -0.588058 -0.808819 -0.000459756 -0.513562 -0.807988 0.288808 0.533088 -0.794252 0.291517 0.608794 -0.793328 -0.000718663 0.873246 0.0964742 0.477635 0.524924 0.0537853 0.849448 0.341746 -0.789037 0.51052 0.55929 -0.777036 0.288805 0.633887 -0.773418 -0.00325208 0.993799 0.111195 -4.48089e-05 0.524924 0.0537853 0.849448 0.0170418 -0.00863672 0.999817 0.032121 -0.806361 0.59055 0.341746 -0.789037 0.51052 -0.499552 -0.0722983 0.863262 -0.270636 -0.823947 0.497863 -0.863538 -0.117212 0.490472 -0.474342 -0.835824 0.276402 -0.863538 -0.117212 0.490472 -0.991118 -0.132986 -3.50439e-05 -0.542398 -0.840118 -0.00251318 -0.474342 -0.835824 0.276402 -0.863495 -0.11731 -0.490525 -0.470037 -0.837219 -0.279518 -0.863495 -0.11731 -0.490525 -0.499485 -0.0724695 -0.863286 -0.265403 -0.826767 -0.496002 -0.470037 -0.837219 -0.279518 0.0170553 -0.00884226 -0.999815 0.0325098 -0.810254 -0.585176 0.524886 0.053599 -0.849484 0.336412 -0.792822 -0.508193 0.524886 0.053599 -0.849484 0.87322 0.0963653 -0.477704 0.554125 -0.779332 -0.292553 0.336412 -0.792822 -0.508193 0.0170553 -0.00884226 -0.999815 0.524886 0.053599 -0.849484 -0.499485 -0.0724695 -0.863286 -0.499552 -0.0722983 0.863262 0.0170418 -0.00863672 0.999817 -0.499552 -0.0722983 0.863262 0 -1 -6.26929e-07 0.55929 -0.777036 0.288805 -0.542398 -0.840118 -0.00251318 0.554125 -0.779332 -0.292553 0.633887 -0.773418 -0.00325208 </float_array>
          <technique_common>
            <accessor count="2428" offset="0" source="#meshId0-normals-array" stride="3">
              <param name="X" type="float" />
              <param name="Y" type="float" />
              <param name="Z" type="float" />
            </accessor>
          </technique_common>
        </source>
        <source id="meshId0-tangents" name="meshId0-tangents">
          <float_array id="meshId0-tangents-array" count="7284"> -0.0425393 0.999095 -1.18194e-05 -0.0398267 0.999207 -0.00042589 -0.0213358 0.999772 -9.47316e-06 -0.0262019 0.999657 5.64463e-06 -0.10295 0.994676 -0.00463806 -0.112778 0.99362 -0.000190209 0.0970452 0.995269 -0.00469214 -0.0166125 0.999862 -0.000101834 -0.0890437 0.996018 -0.00446363 -0.00987067 0.999871 0.0126654 -0.0959594 0.995381 -0.0030938 0.224089 0.974495 0.012 0.0358344 0.999274 0.0129527 0.465909 0.882546 -0.0635722 0.819535 0.572072 -0.0331181 -0.0301103 0.999547 -7.87854e-05 0.107257 0.994231 0.000645468 0.145869 0.989304 0.000121379 -0.0293494 0.999569 3.11065e-05 0.185323 0.982677 -0.00110678 0.0952958 0.995427 -0.00663039 -0.122647 0.99245 -0.000773945 -0.0917884 0.99556 0.0208371 0.00368324 0.998675 0.0513278 0.00564001 0.999983 -0.00163145 0.702348 0.708384 0.069996 0.692483 0.712229 0.114884 0.752273 0.658844 -0.00293613 0.762876 0.646545 0.000610131 0.736946 0.674943 0.0369093 -0.0384686 0.999254 0.00340358 0.24082 0.970553 0.00567745 -0.138235 0.990368 -0.00793878 0.0697493 0.992964 -0.0956987 -0.335021 0.935367 -0.113357 0.0121758 0.999545 -0.0276045 -0.82485 0.565352 1.37257e-05 -0.822962 0.568097 3.52174e-05 -0.817439 0.576015 0.000356157 -0.798236 0.602327 0.00460657 -0.828299 0.560223 0.00842306 0.00620963 -0.954723 0.29743 -8.1263e-05 -0.949023 0.315206 -0.0114281 -0.828479 0.559904 -0.105911 -0.842634 0.527969 -0.993094 -0.114677 0.0247717 -0.997757 -0.0638869 0.0199709 -0.959213 -0.274125 0.0690294 -0.849744 -0.506513 -0.146222 -0.94891 -0.310106 0.0583495 -0.993121 -0.11432 0.0253284 -0.992445 -0.119529 0.0276824 -0.949333 -0.308566 0.0596105 -0.992213 -0.122525 0.0223784 -0.946037 -0.318949 0.0573266 -0.992203 -0.123688 0.0152854 -0.93678 -0.344756 0.0598849 -0.998452 0.048784 0.0267121 -0.999922 0.010926 -0.0060897 -0.983888 0.17473 -0.0378744 -0.883167 0.337768 0.325468 -0.991307 -0.131541 -0.00279324 -0.931919 -0.356256 0.0678811 -0.0739162 -0.983777 0.163463 -0.0114522 -0.967557 0.252394 -0.999901 0.0124443 -0.00650103 -0.979995 0.195508 -0.0372321 -0.999897 0.0125522 -0.00699484 -0.981484 0.187951 -0.0369307 -0.999878 0.0140741 -0.00684068 -0.981378 0.18864 -0.0362143 -1 -3.43567e-07 2.13313e-05 -1 -4.15121e-08 2.15996e-05 -1 -1.00022e-06 -3.27848e-06 -1 1.36585e-06 1.9991e-06 -1 -4.47062e-07 -2.36335e-06 1.63578e-08 0.998902 -0.0468431 4.8579e-07 0.890168 -0.455633 -0.0172137 0.892956 -0.449814 -0.0040553 0.998792 -0.0489706 -1 -5.57878e-08 3.06798e-06 -1 -1.69719e-08 1.20308e-05 -1 -9.48051e-09 -2.08057e-06 -1 -3.92341e-09 -8.51161e-07 -1 -1.15431e-07 -2.23828e-07 -3.75945e-06 -0.966917 0.255091 1.45317e-05 -0.948359 0.317198 1.92403e-05 -0.822963 0.568095 -1 -4.9464e-07 3.78279e-06 -1 -1.99342e-06 1.29558e-06 -0.732922 -0.664462 0.145998 -0.75671 -0.634085 0.159142 -0.599071 -0.7784 -0.187637 -0.815735 -0.574176 0.0699899 -0.749293 -0.657316 0.0806026 -0.760178 -0.6441 0.0852259 0.392497 0.91709 -0.0699472 0.569252 0.79233 -0.219468 -0.744854 -0.657265 0.11487 -0.81589 0.574814 -0.0625519 -0.821428 0.567054 -0.0608843 -0.797012 0.600051 -0.0686263 -0.827103 0.55768 -0.0699573 0.0329215 0.998267 -0.0487727 -0.296623 0.905615 -0.303112 -0.618255 0.691575 0.373478 0.185284 0.98253 0.0174439 0.107985 0.994117 0.00842311 0.284479 0.958682 -0.00050002 0.447688 0.894187 0.00224903 -0.026402 0.999478 -0.0186129 0.0656916 0.953227 0.295032 0.00896452 0.952541 0.304278 -0.971323 -0.237639 -0.00771373 -0.807001 -0.524673 0.271048 -0.852197 -0.486801 0.191794 -0.978848 -0.202748 -0.0273695 -0.155632 0.909606 -0.385222 -1 3.75679e-06 1.88545e-06 0.864869 0.464182 0.191146 0.649984 0.752814 0.103885 -1.87114e-06 0.952046 0.305954 -1 5.90885e-06 1.67476e-06 0.413669 0.906624 0.0831372 -0.58918 0.799564 0.116468 -0.579337 0.75958 0.295646 -0.0167646 0.978293 -0.206547 -0.712781 0.668577 -0.212009 -0.833962 0.546653 -0.0753537 -0.984277 0.166093 -0.0600924 -0.863577 0.465615 -0.193487 -0.999801 0.0117625 -0.0160827 -0.996284 0.0859519 0.00547241 0.0237702 -0.774174 -0.632527 0.212175 -0.781338 -0.586934 -0.981969 0.185329 -0.037288 -0.823301 0.564254 -0.0615889 -0.999886 0.0133569 -0.00708837 -1 9.08491e-09 -2.97167e-06 -0.836029 0.548679 0.00245255 -1 5.45406e-08 -1.53182e-05 -1 -1.0793e-05 -9.19039e-06 5.73202e-08 -0.766479 -0.64227 0.0425354 0.999095 -3.7826e-05 0.0262048 0.999657 1.14722e-05 0.0213389 0.999772 -1.0015e-05 0.0398399 0.999206 -0.000449522 0.112777 0.99362 -0.000239602 0.102946 0.994676 -0.00463797 0.0166114 0.999862 -0.000105411 -0.0970362 0.99527 -0.00463562 0.089037 0.996018 -0.00445539 0.0959551 0.995381 -0.00312293 0.0105246 0.999266 -0.0368337 -0.22406 0.974503 0.0118581 -0.819538 0.572068 -0.0331044 -0.465908 0.882546 -0.0635823 -0.0358517 0.999273 0.0129714 -0.107257 0.994231 0.000649593 0.0301073 0.999547 -7.57611e-05 -0.145867 0.989304 0.000122403 0.029352 0.999569 2.12399e-05 -0.185338 0.982674 -0.00109406 -0.0952898 0.995427 -0.00667139 0.122646 0.99245 -0.00074248 0.0918007 0.99556 0.0208284 -0.00563868 0.999983 -0.00162101 -0.00319774 0.998495 -0.054755 -0.69249 0.712224 0.114867 -0.702316 0.708404 0.0701108 -0.752266 0.658853 -0.00292838 -0.762869 0.646553 0.000675665 -0.736935 0.674951 0.0369706 -0.240823 0.970553 0.00568206 0.0384828 0.999254 0.0032027 -0.0697652 0.992964 -0.0956795 0.13824 0.990368 -0.00786215 0.33502 0.935366 -0.113363 -0.01217 0.999545 -0.0275929 0.824848 0.565354 6.50169e-05 0.822961 0.568098 -4.7949e-05 0.817439 0.576014 0.000355282 0.798236 0.602327 0.00460459 0.828305 0.560214 0.00838873 -0.00619437 -0.954725 0.297425 0.105922 -0.842642 0.527954 0.0114462 -0.82848 0.559902 0.000102693 -0.949024 0.315204 -0.993095 0.11467 -0.0247674 -0.849736 0.506529 0.146209 -0.959213 0.274122 -0.0690532 -0.997757 0.0638888 -0.0199835 -0.993121 0.11432 -0.0253478 -0.948907 0.31011 -0.0583716 -0.949332 0.308571 -0.0596089 -0.992444 0.119528 -0.0276989 -0.946038 0.318949 -0.0573047 -0.992213 0.122527 -0.0223636 -0.93678 0.344764 -0.0598424 -0.992203 0.123693 -0.0152709 -0.998452 -0.0487758 -0.0267168 -0.883169 -0.33776 -0.32547 -0.983886 -0.174728 0.0379167 -0.999922 -0.0109262 0.00605598 -0.931923 0.356243 -0.0678968 -0.991309 0.131528 0.00276808 0.0113882 -0.967557 0.252395 0.0739899 -0.983777 0.163429 -0.979996 -0.195507 0.037226 -0.999901 -0.0124443 0.00650052 -0.981485 -0.187949 0.0369024 -0.999897 -0.0125524 0.006994 -0.981381 -0.188636 0.0361625 -0.999878 -0.0140739 0.00677514 0.00404213 0.998792 -0.0489701 0.0172032 0.892956 -0.449816 -0.732914 0.664481 -0.145955 -0.756711 0.634084 -0.159142 -0.599023 0.778467 0.187513 -0.815735 0.574174 -0.0700079 -0.749282 0.657321 -0.0806536 -0.760172 0.644107 -0.0852321 -0.392532 0.917076 -0.0699276 -0.569273 0.792322 -0.21944 -0.744851 0.657269 -0.11487 -0.815893 -0.574815 0.0625037 -0.821424 -0.567053 0.0609393 -0.797012 -0.600051 0.0686325 -0.827099 -0.557661 0.0701538 -0.03292 0.998267 -0.048774 0.296599 0.90562 -0.303121 -0.618223 -0.691648 -0.373395 -0.185284 0.982531 0.0174142 -0.284464 0.958687 -0.000483475 -0.107984 0.994117 0.0084356 -0.447685 0.894188 0.00225477 -0.00896356 0.952541 0.304278 -0.0656161 0.953224 0.295058 0.026409 0.999478 -0.0186119 -0.971329 0.237613 0.00770263 -0.97885 0.202741 0.027364 -0.852187 0.48683 -0.191767 -0.807007 0.524657 -0.271062 0.155603 0.909607 -0.385231 -0.649979 0.752817 0.10389 -0.864854 0.464192 0.191189 -0.413648 0.906633 0.0831397 0.0167227 0.978297 -0.206529 0.579268 0.759601 0.295728 0.589152 0.799575 0.116527 -0.712795 -0.668541 0.212077 -0.863581 -0.465607 0.193491 -0.984274 -0.166092 0.0601587 -0.833958 -0.546657 0.0753673 -0.9998 -0.0117628 0.0161726 -0.996289 -0.0859016 -0.00542924 -0.0239439 -0.77418 -0.632512 -0.212106 -0.781322 -0.586982 -0.823299 -0.564256 0.0615897 -0.981968 -0.185325 0.0373267 -0.999885 -0.0133569 0.00712194 0.836026 0.548684 0.00244678 0.078221 -0.068809 -0.994559 0.0779952 -0.0690163 -0.994562 0.0779169 -0.0690882 -0.994563 0.0781374 -0.0688858 -0.99456 0.178337 0.193212 0.964814 0.17495 0.192393 0.965597 0.173408 0.192019 0.965949 0.176769 0.192833 0.965178 0.176656 0.0973229 0.979449 0.165134 0.100754 0.981111 0.159713 0.102361 0.981842 0.171326 0.098913 0.980237 0.124669 0.0258747 0.991861 0.108276 0.0410909 0.993271 0.101923 0.0469686 0.993683 0.118597 0.0315189 0.992442 0.0681316 0.112837 0.991275 -0.00125992 0.00500144 0.999987 0.000490112 0.0109643 0.99994 0.00709719 0.0683161 0.997639 -0.00512548 -0.00277119 0.999983 -0.0545817 0.0623908 0.996558 -0.0280393 -0.0113935 0.999542 -0.117261 0.0814085 0.989759 -0.0570242 0.00557592 0.998357 -0.163749 0.147007 0.975487 -0.0637317 0.0453684 0.996935 -0.144523 0.240995 0.959705 -0.136931 -0.0688215 -0.988187 -0.013269 0.00225258 -0.999909 -0.00139685 -0.00413068 -0.99999 -0.075464 -0.0221824 -0.996902 0.000485508 -0.00950028 -0.999955 0.00903344 0.00430194 -0.99995 0.000644494 -0.00131704 -0.999999 0.120793 0.00301512 -0.992673 0.00021259 0.000397516 -1 0.000370197 0.000230706 -1 0.00160441 0.00100735 -0.999998 0.000418837 2.14047e-09 -1 0.00196391 9.8662e-09 -0.999998 0.000344614 -0.000214766 -1 0.00166245 -0.0010438 -0.999998 0.000237314 -0.000149002 1 -0.000345802 0.000215507 1 -0.000200897 0.000375653 1 7.93758e-08 0.000513065 1 0.000277133 0.000517862 1 0.000517936 0.000322666 1 0.000730849 -7.05598e-09 1 0.00071213 -0.000443638 1 -0.000413127 0.000257367 -1 -0.000225748 0.000421839 -1 -7.00277e-08 0.000464896 -1 -0.842251 0.0772989 -0.533515 -0.896837 0.0377417 -0.440749 -0.457109 0.0297382 -0.888913 -0.472743 0.0392909 -0.880324 -0.995287 0.093882 -0.0242772 -0.998836 0.0379998 0.0296932 -0.862848 0.083336 0.498547 -0.851788 0.0387782 0.522449 -0.488276 0.073578 0.869582 -0.419744 0.00492706 0.907629 -0.852557 0.0023711 0.522629 -0.860206 0.106628 0.498674 0.00216559 0.0175996 0.999843 -1.07367e-05 -0.00461096 0.999989 0.492477 -0.0388529 0.869458 0.425879 -0.0158708 0.904641 0.863142 -0.0805255 0.498499 0.856434 -0.0279354 0.5155 0.994667 -0.100239 -0.0242812 0.999394 -0.0329766 -0.0111301 0.840044 -0.0975462 -0.533677 0.879633 -0.0417548 -0.473817 0.470322 -0.0596207 -0.880479 0.416809 0.00407135 -0.908985 0.880298 0.0148765 -0.474188 0.841088 -0.0883964 -0.533626 -0.00113769 -0.00925126 -0.999957 0.0444483 0.015027 -0.998899 -0.0675318 0.0743393 -0.994944 -0.0663818 0.0753844 -0.994942 -0.0659645 0.0757635 -0.994941 -0.0671396 0.0746958 -0.994944 -0.167092 -0.187679 0.967914 -0.168355 -0.187985 0.967635 -0.168904 -0.188118 0.967514 -0.167629 -0.18781 0.967795 -0.157574 -0.100676 0.982362 -0.162688 -0.0991721 0.981681 -0.164825 -0.0985426 0.981388 -0.159768 -0.100031 0.982073 -0.102963 -0.0419795 0.993799 -0.111189 -0.0344217 0.993203 -0.113815 -0.0320051 0.992986 -0.105859 -0.0393206 0.993603 -0.000937042 -0.0500718 0.998745 -0.000602475 -0.0160834 0.99987 0.0013635 -0.0053582 0.999985 0.00666707 -0.0725404 0.997343 0.00988477 -0.0389559 0.999192 -0.00187899 -0.00916097 0.999956 0.0178741 -0.0335136 0.999279 0.00672789 -0.000170207 0.999977 0.0264332 -0.0389867 0.99889 0.0227882 -0.00371676 0.999733 0.0259601 -0.0550363 0.998147 0.0297838 -0.022736 0.999298 0.0252827 0.00352582 -0.999674 -0.00570403 0.0162367 -0.999852 -0.00565378 0.00782376 -0.999953 0.0284711 0.0226769 -0.999337 0.0037569 -0.00143295 -0.999992 -0.000614331 0.020507 -0.99979 -0.0281119 -0.0225998 -0.999349 0.00293794 0.00841193 -0.99996 -0.000843688 -0.000529724 -1 -0.00109414 -3.75499e-09 -0.999999 -0.000934731 0.0005869 -1 -0.00100338 0.000630003 0.999999 0.518794 -0.0485338 -0.85352 0.445421 -0.0683105 -0.892711 0.714656 -0.247852 -0.654092 0.821681 -0.174419 -0.542604 0.812396 -0.466465 -0.34989 0.929855 -0.33176 -0.159073 0.73272 -0.679889 -0.0295212 0.826322 -0.522237 0.210854 0.80571 0.213549 0.552474 0.634687 0.358451 0.684606 0.398497 0.192205 0.896804 0.506284 0.0970666 0.856887 0.0393006 0.127359 0.991078 0.0571213 0.0308096 0.997892 -0.315555 0.21602 0.923992 -0.433427 0.0428048 0.900172 -0.460378 0.469926 0.753141 -0.771601 0.215779 0.598391 -0.473635 0.661901 0.580996 -0.507412 0.767687 0.391395 -0.397231 0.820408 0.411264 -0.374835 0.901684 0.215558 -0.798207 -0.151639 -0.582985 -0.673945 -0.226584 -0.703177 -0.377136 -0.0467315 -0.924978 -0.436165 -0.029965 -0.899368 0.0428623 0.0132836 -0.998993 0.0582332 0.00781861 -0.998272 0.217926 -0.0150435 -0.975849 0.33877 -0.100793 -0.935455 0.388629 -0.139732 -0.910737 0.411104 -0.271646 -0.870174 0.473306 -0.336494 -0.814096 0.372747 -0.462231 -0.804613 0.42872 -0.556534 -0.711667 0.230961 0.248441 0.940709 0.145853 0.219032 0.964755 0.133195 0.166986 0.976921 0.00502383 0.129884 0.991516 -0.139733 0.152836 0.978323 -0.25647 0.252314 0.933038 -0.288572 0.39631 0.871587 -0.229768 0.523037 0.820755 -0.320005 -0.206513 -0.924635 -0.188511 -0.0544615 -0.98056 0.00929178 0.0164499 -0.999822 0.539885 -0.221037 -0.812199 0.316069 -0.0474437 -0.947549 0.630501 -0.463664 -0.622482 0.573379 -0.71079 -0.407449 0.248568 0.189573 0.949882 0.416 0.334065 0.84578 0.0149993 0.14085 0.989917 -0.212737 0.195406 0.957371 -0.362058 0.338436 0.868547 -0.404777 0.514822 0.755721 -0.339766 0.685801 0.643612 -0.275878 -0.0564014 -0.959536 -0.472802 -0.244168 -0.846664 0.0180895 0.0160542 -0.999708 0.488305 -0.0289877 -0.872192 -3.29963e-05 -0.0164131 -0.999865 0.0215741 -0.00430116 -0.999758 0.515622 -0.0392703 -0.855916 0.854941 -0.115585 -0.505684 0.858278 -0.0448781 -0.511219 0.974786 -0.216996 -0.0520022 0.9984 -0.0565417 -0.000454769 0.857841 -0.314619 0.406354 0.858835 -0.0369743 0.510916 0.861016 0.0837768 0.50163 0.516908 0.0281977 0.855576 0.488612 -0.0090048 0.872455 0.859301 -0.00334652 0.511459 0.0214647 0.012397 0.999693 -2.49297e-05 -0.00652556 0.999979 -0.492896 0.0270504 0.869668 -0.488812 -0.00352374 0.872382 -0.869 -0.0257868 0.49414 -0.859421 -0.0156864 0.511028 -0.998757 -0.0497909 -0.0021959 -0.999967 -0.00809596 -4.01684e-05 -0.868764 0.00659749 -0.495182 -0.859508 -0.00631168 -0.511084 -0.864567 -0.07039 -0.497564 -0.492871 -0.0268721 -0.869687 -0.488803 -0.0107992 -0.872327 -0.859395 -0.0171162 -0.511026 0.48839 -0.011536 -0.872549 0.858911 -0.0186002 -0.511787 0.999772 -0.0211103 0.00314188 0.857646 -0.0183546 0.513913 0.857592 -0.0208543 0.513908 0.487822 -0.0133579 0.872841 -0.000100342 -0.0049955 0.999988 -0.486007 0.00448788 0.873943 -0.85705 0.0116163 0.515101 -0.999899 0.0138493 0.00310132 -0.859733 0.01232 -0.510595 -0.859725 0.0128008 -0.510596 -0.488513 0.00602432 -0.872536 -5.84974e-05 -0.00269174 -0.999996 -0.998226 -0.0530326 -0.0270569 -0.863606 0.113211 -0.491292 -0.812519 0.181824 -0.553853 -0.716517 0.272129 -0.6423 -0.510998 0.100691 -0.853664 -0.53533 0.059629 -0.842535 -0.926387 0.333661 -0.174579 -0.813696 0.487477 -0.316648 -0.82138 0.519222 0.2361 -0.723223 0.690406 0.0169458 -0.484529 -0.0357812 0.874043 -0.435174 -0.096282 0.895184 -0.722453 -0.262262 0.63975 -0.8015 -0.172366 0.572615 -0.0718566 0.00203346 0.997413 -0.0265187 -0.0351013 0.999032 0.396133 -0.0375387 0.917426 0.376521 -0.100766 0.920911 0.817122 -0.12791 0.562095 0.63451 -0.302622 0.711208 0.791233 -0.57163 0.217231 0.619745 -0.612254 0.49098 0.856617 -0.236699 -0.458455 0.888271 -0.286454 -0.359051 0.999764 -0.0178732 0.0123306 0.999502 -0.0254637 0.0186133 0.40731 0.0575759 -0.911473 0.403855 0.112511 -0.907878 0.670291 0.284252 -0.6855 0.768035 0.215388 -0.603101 -0.064546 0.00165661 -0.997913 -0.0816182 0.0476878 -0.995522 -0.0614751 -0.0381033 -0.997381 -0.146806 0.0079552 -0.989133 -0.119336 -0.0211786 -0.992628 0.0206583 -0.0492805 -0.998571 0.0480682 -0.0396891 -0.998055 0.0586126 -0.0133209 -0.998192 0.0186579 -0.0260449 0.999487 0.0253647 -0.0371747 0.998987 0.0100248 -0.0286689 0.999539 0.00670828 -0.0515395 0.998648 0.0128934 -0.0773572 0.99692 0.0162746 -0.0887485 0.995921 0.00815276 -0.0924542 0.995684 0.0536908 -0.0785964 0.99546 -0.19802 0.0934618 -0.975732 -0.186598 0.186822 -0.96451 -0.149483 0.133076 -0.979768 -0.162794 0.050362 -0.985374 -0.281339 0.0604078 -0.957705 0.0152038 0.0177577 -0.999727 -0.0143719 0.0487958 -0.998705 -0.405285 0.0962042 -0.909114 -0.582615 0.248331 -0.773881 -0.416858 0.180633 -0.890843 -0.687458 0.487644 -0.53815 -0.507521 0.379757 -0.773438 -0.594132 0.74012 -0.315007 -0.443406 0.598315 -0.667391 -0.309248 -0.137292 0.941019 -0.543511 -0.290624 0.787485 -0.189966 -0.13539 0.972411 -0.33329 -0.242334 0.911149 -0.0152352 -0.0897809 0.995845 -0.0181291 -0.101168 0.994704 0.252198 -0.166136 0.953307 0.13409 -0.146568 0.98007 0.398681 -0.347831 0.848568 0.213544 -0.255203 0.943011 0.395961 -0.541214 0.741824 0.197101 -0.372536 0.906845 0.385256 -0.820947 0.421454 0.308602 -0.714977 0.627354 0.127947 -0.468877 0.873947 0.333205 0.0927941 -0.938277 0.519564 0.237531 -0.820751 0.220381 0.0410213 -0.974551 0.315015 0.175632 -0.932694 -0.461211 0.044197 -0.886189 -0.898098 0.0649076 -0.434978 -0.887409 0.104074 -0.449081 -0.524339 0.0477708 -0.850169 0.0187543 0.010348 -0.999771 0.045932 0.033331 -0.998388 -0.997747 0.0607402 0.0285005 -0.980393 0.189923 -0.0525304 -0.850597 0.0902251 0.51802 -0.847797 0.350092 0.398342 -0.853974 -0.00395699 0.520301 -0.416635 -0.000275116 0.909074 -0.441158 0.000304999 0.897429 -0.836696 -0.0999351 0.538472 -0.00190755 -0.00147673 0.999997 -0.0596944 0.00210731 0.998214 0.422275 -0.00790938 0.906433 0.385812 -0.0306698 0.922068 0.858777 -0.0179369 0.512035 0.862699 -0.02235 0.505224 0.999902 -0.00945232 -0.0103017 0.999391 -0.0323868 -0.0129873 0.87837 -0.0447464 -0.475882 0.871375 -0.147899 -0.467795 0.878612 0.031159 -0.476519 0.412673 0.032642 -0.910294 0.373186 0.0548251 -0.926135 0.869061 0.100796 -0.484327 -0.0269761 -0.0200243 -0.999436 -0.0268542 -0.0203921 -0.999431 -0.0268499 -0.020405 -0.999431 -0.0269711 -0.0200392 -0.999435 0.00295871 -0.930674 -0.365837 -0.0017795 -0.931299 -0.364251 -0.002544 -0.931398 -0.363994 0.00209976 -0.930789 -0.36555 0.00142112 0.977906 0.209043 -0.00209337 0.977664 0.210165 -0.00380387 0.977541 0.210711 0.000802556 0.977864 0.209241 0.0222116 -0.95738 -0.287977 -0.0127627 -0.958789 -0.283831 -0.0218164 -0.95896 -0.2827 0.0130478 -0.957864 -0.286925 0.0241701 0.997717 0.0630599 -0.0162199 0.997536 0.0682491 -0.0242064 0.997305 0.0692623 0.0154797 0.997818 0.0641857 1.80869e-05 -0.979864 -0.199668 -0.000203859 -0.979862 -0.199678 -0.000245309 -0.979861 -0.19968 -4.97189e-05 -0.979863 -0.199671 0.0298719 0.98318 0.180179 -0.0233615 0.984687 0.172758 -0.0309006 0.984671 0.171666 0.0208765 0.983635 0.17896 0.00148908 -0.997367 -0.072508 -0.000791153 -0.99737 -0.0724794 -0.0010167 -0.99737 -0.0724765 0.000807815 -0.997368 -0.0724995 -0.0601781 0.0609013 0.996328 -0.0654412 0.0551414 0.996332 -0.0659389 0.0545964 0.996329 -0.0605395 0.0605061 0.99633 -0.00946932 0.952015 0.305904 0.00759741 0.949888 0.312497 0.0108239 0.94945 0.313732 -0.00605932 0.951616 0.30723 -0.00129459 0.998175 0.0603672 0.000267183 0.998185 0.060213 0.000514378 0.998187 0.0601886 -0.000977663 0.998178 0.0603359 0.0619722 0.0673612 -0.995802 0.0608113 0.0684966 -0.995796 0.0607461 0.0685604 -0.995796 0.061907 0.0674251 -0.995802 8.41744e-05 -0.98728 -0.15899 0.00031813 -0.987281 -0.158984 0.000355677 -0.987281 -0.158983 0.000125818 -0.98728 -0.158989 -0.00101885 0.991395 0.130898 0.000223386 0.991403 0.130843 0.000392696 0.991404 0.130835 -0.000778436 0.991397 0.130888 0.000348033 -0.989294 -0.145937 0.000241842 -0.989294 -0.145938 0.000227278 -0.989294 -0.145938 0.000327424 -0.989294 -0.145937 -0.00024198 0.991404 0.130838 0.000200568 0.991401 0.130857 0.000260864 0.991401 0.13086 -0.000157607 0.991403 0.130841 0.000205931 -0.989293 -0.145942 -0.000128126 -0.989294 -0.145938 -0.000173857 -0.989294 -0.145938 0.000141653 -0.989293 -0.145941 0.0678965 -0.0615611 0.995791 0.0674469 -0.0620015 0.995794 0.0674215 -0.0620264 0.995795 0.0678711 -0.061586 0.995791 -0.00140482 0.998191 0.0601102 0.00146742 0.998174 0.0603938 0.00190365 0.99817 0.0604368 -0.000926357 0.998188 0.0601575 -0.000208882 -0.987281 -0.158983 -0.000173171 -0.987281 -0.158984 -0.000167312 -0.987281 -0.158984 -0.000201441 -0.987281 -0.158984 -0.0765534 -0.0601977 -0.995247 -0.074713 -0.0617416 -0.995292 -0.0741109 -0.0622466 -0.995305 -0.0759938 -0.0606672 -0.995261 -0.0118633 -0.984516 0.174893 0.000577598 -0.984124 0.177481 0.010034 -0.98372 0.179428 -0.00124919 -0.984192 0.177102 -0.00105113 0.980552 -0.196259 -9.13648e-05 0.980576 -0.196141 0.000476698 0.98059 -0.196072 -0.000146349 0.980574 -0.196148 0.00230954 -0.959483 0.281758 -0.000252775 -0.959518 0.281646 -0.00155561 -0.959534 0.281589 0.000457995 -0.959509 0.281677 -0.00275874 0.971456 -0.237205 0.000263865 0.971441 -0.237281 0.00157026 0.971432 -0.237314 -0.000584648 0.971446 -0.23726 -0.000387369 -0.974519 0.224304 9.60173e-05 -0.974525 0.224277 0.000344821 -0.974528 0.224264 -5.50061e-05 -0.974523 0.224286 -0.00322237 0.969348 -0.24567 0.000474149 0.969374 -0.245588 0.00230632 0.969382 -0.245546 -0.000707078 0.969367 -0.245615 -0.00150029 -0.996571 0.0827331 0.000159088 -0.99659 0.0825095 0.0013479 -0.996603 0.0823492 -0.000240115 -0.996586 0.0825633 -0.0662241 0.0622972 0.995858 -0.0931509 0.0360003 0.995001 -0.100181 0.029105 0.994543 -0.0738851 0.0548337 0.995758 0.00139536 0.96542 -0.260695 -0.000201823 0.965469 -0.260517 -0.00134385 0.965503 -0.260389 0.00010737 0.96546 -0.260551 -0.000399665 0.997314 0.0732474 -5.21542e-05 0.997316 0.0732181 0.000176221 0.997317 0.0731988 -0.000114677 0.997316 0.0732234 0.0602368 0.0671039 -0.995926 0.0590276 0.0683254 -0.995915 0.0587081 0.0686482 -0.995912 0.0599173 0.0674267 -0.995924 3.59441e-06 -0.987556 -0.157269 -2.60872e-05 -0.987556 -0.15727 -4.79837e-05 -0.987556 -0.15727 -2.10951e-05 -0.987556 -0.15727 -0.000259494 0.990941 0.134295 5.72503e-05 0.990943 0.134284 0.000214016 0.990943 0.134279 -3.79386e-05 0.990942 0.134288 -0.000132759 -0.989334 -0.145662 -7.52354e-05 -0.989335 -0.145661 -4.64695e-05 -0.989335 -0.145661 -9.24466e-05 -0.989334 -0.145661 -0.000538397 0.990945 0.134267 0.000118055 0.990942 0.134288 0.000446372 0.990941 0.134299 -8.16625e-05 0.990943 0.134282 -6.02075e-05 -0.989335 -0.145659 -2.45961e-05 -0.989335 -0.14566 -6.82113e-06 -0.989335 -0.14566 -3.52588e-05 -0.989335 -0.14566 0.0730433 -0.0541493 0.995858 0.0848922 -0.0421205 0.995499 0.0880329 -0.038926 0.995357 0.0761901 -0.0509583 0.99579 -0.00174714 0.997325 0.0730741 0.000182691 0.997315 0.0732372 0.00155631 0.997305 0.0733531 -0.000210451 0.997317 0.073204 -3.68785e-05 -0.987555 -0.157273 -3.44497e-05 -0.987555 -0.157273 -3.27864e-05 -0.987555 -0.157273 -3.48184e-05 -0.987555 -0.157273 -0.167772 0.0116842 -0.985757 -0.268018 0.104083 -0.957775 -0.322901 0.244951 -0.914185 -0.283484 0.387609 -0.877152 -0.153024 -0.171771 0.97318 -0.0862106 -0.108669 0.990333 -0.00777081 -0.0777554 0.996942 0.0500847 -0.0783826 0.995664 0.0718299 -0.0907012 0.993284 0.067118 -0.115227 0.991069 0.0505419 -0.148011 0.987693 0.128327 0.0281863 -0.991331 0.102587 -0.0259513 -0.994385 0.00394908 -0.0309086 -0.999514 0.485928 0.0149907 -0.87387 0.385058 0.0806016 -0.919366 -0.00636349 0.00579134 -0.999963 6.77939e-05 0.00354939 -0.999994 0.855779 -0.00900711 -0.517264 0.657736 0.203606 -0.725209 -0.946495 0.298461 0.122753 -0.813396 0.309098 0.492794 -0.999972 0.0065542 0.00360351 -0.999955 0.00949616 -0.000702975 -0.762912 -0.477006 -0.436384 -0.947394 -0.315965 -0.0511024 -0.30171 -0.826655 -0.474987 -0.857352 -0.50483 -0.100469 0.234202 -0.198062 0.951799 0.490688 -0.0321192 0.870743 -0.000309667 -0.00805817 0.999968 -0.038475 -0.0285455 0.998852 -0.487948 0.0232643 0.872562 -0.43409 0.0456823 0.89971 -0.859395 0.0275038 0.510573 -0.687856 0.189076 0.700788 -0.952627 -0.281584 0.114948 -0.823963 -0.301118 0.480014 -0.999985 0.00421348 -0.00358864 -0.999956 0.00939102 -0.000235428 -0.815778 0.304268 -0.49186 -0.947022 0.296865 -0.122562 -0.61956 -0.236722 -0.748404 -0.856718 -0.0230142 -0.515271 -0.48583 -0.00169717 -0.874052 -0.42558 -0.046065 -0.903747 0.999655 -0.0260347 -0.00339236 0.860766 -0.0193507 0.508633 0.860437 -0.0291187 0.508724 -0.999678 0.0251676 -0.00336163 -0.856619 0.024084 -0.515386 -0.846876 0.499086 0.183614 -1 -1.9298e-09 9.23017e-06 -0.808814 -0.588064 -0.00034799 -0.858049 -0.483589 0.172899 -0.846059 0.500459 -0.183645 -0.793328 0.608794 0.000564943 -0.477633 0.0246168 -0.878215 -0.426841 -0.0287153 -0.903871 -0.631104 -0.209834 -0.746778 -0.847857 0.0546497 -0.527401 -0.000927974 -0.00869661 -0.999962 0.00259145 0.00208042 -0.999994 -0.801083 0.306015 -0.514413 -0.937857 0.321178 -0.131411 -0.999195 0.0401236 0.000438556 -0.999704 0.017519 -0.0168874 -0.956371 -0.289234 0.0412045 -0.778237 -0.475175 0.410555 -0.878175 -0.471268 0.0819489 -0.356721 -0.829455 0.429831 -0.483731 0.0823019 0.871338 -0.237581 0.180781 0.954397 0.0306111 0.0167732 0.999391 0.00312555 0.0230292 0.99973 0.248057 -0.178619 0.952136 0.486211 -0.0649194 0.871426 -0.358806 -0.826382 -0.433993 -0.880522 -0.466733 -0.0827141 -0.958411 -0.282223 -0.0424078 -0.781007 -0.468889 -0.412518 -0.999233 0.0391464 0.00131135 -0.999718 0.0166964 0.0169064 -0.939884 0.316313 0.128701 -0.800359 0.308588 0.514003 0.845078 -0.086402 -0.527615 0.712451 0.138624 -0.687892 0.426239 0.0362403 -0.903884 0.476293 -0.0386486 -0.878437 0.994546 -0.103054 -0.0160545 0.842343 -0.11067 -0.527457 0.85995 -0.0791638 0.504201 -0.857291 0.101951 0.504636 -0.994032 0.107909 -0.0160099 -0.858872 0.0887351 0.504445 -0.828974 0.524226 -0.194909 -1 1.30044e-11 -3.30031e-05 -0.840128 -0.542386 -0.00168552 -0.832438 0.518753 0.194786 -0.773423 0.633884 0.00274078 0 0.997997 0.0632671 0 0.997997 0.0632671 0 0.997997 -0.0632671 0 0.997997 -0.0632671 0 -0.997997 0.063267 0 -0.192266 0.981343 0 -0.192266 0.981343 0 -0.997997 0.063267 0 0.998723 0.0505264 0 0.998723 0.0505264 0 0.998722 -0.0505377 0 0.998722 -0.0505377 0 0.998722 -0.0505377 0 0.192141 -0.981367 0 0.192141 -0.981367 0 0.998722 -0.0505377 0 -0.191216 -0.981548 0 -0.191216 -0.981548 0 -0.997997 -0.0632669 0 -0.997997 -0.0632669 0 0.19214 0.981367 0 0.19214 0.981367 0 0.998723 0.0505264 0 0.998723 0.0505264 0 0.997997 0.0632659 0 0.997997 0.0632659 0 0.997997 -0.0632659 0 0.997997 -0.0632659 0 -0.997997 0.063266 0 -0.192267 0.981343 0 -0.192267 0.981343 0 -0.997997 0.063266 0 0.998723 0.0505258 0 0.998723 0.0505258 0 0.998722 -0.0505371 0 0.998722 -0.0505371 0 0.998722 -0.0505372 0 0.192141 -0.981367 0 0.192141 -0.981367 0 0.998722 -0.0505372 0 -0.191216 -0.981548 0 -0.191216 -0.981548 0 -0.997997 -0.063266 0 -0.997997 -0.063266 0 0.19214 0.981367 0 0.19214 0.981367 0 0.998723 0.0505256 0 0.998723 0.0505256 0 0 -1 0 0 -1 0 0 -1 0 0 -1 0 0 -1 0 0 -1 0 0 -1 0 0 -1 0 0 1 -4.75317e-08 2.74424e-08 1 -2.05507e-07 1.1865e-07 1 -7.40337e-08 1.28224e-07 1 -2.18532e-07 0 1 -1.6433e-07 0 1 -1.40804e-07 -8.1292e-08 1 -3.20561e-08 -1.85074e-08 1 -1.99364e-10 -3.4531e-10 1 -3.72147e-08 -6.4458e-08 1 0 0 1 0 0 1 0 0 1 0 0 1 0 0 1 0 0 1 0 0 1 0 0 1 1.1556e-07 -2.37707e-08 1 3.01783e-10 -6.20766e-11 1 0 0 1 -5.41153e-08 -2.76364e-17 1 -1.26632e-07 -2.60488e-08 1 -1.04829e-07 -2.15637e-08 1 0 0 1 0 0 1 0 0 -1 0 0 -1 0 0 1 5.10113e-10 -1.09997e-07 1 -1.02035e-09 -2.19966e-07 1 0 0 1 0 0.997997 0.0632658 0 0.997997 0.0632658 0 0.997997 -0.0632659 0 0.997997 -0.0632659 0 -0.997997 0.063266 0 -0.192266 0.981343 0 -0.192266 0.981343 0 -0.997997 0.063266 0 0.998723 0.0505258 0 0.998723 0.0505258 0 0.998722 -0.0505371 0 0.998722 -0.0505371 0 0.998722 -0.0505372 0 0.192146 -0.981366 0 0.192146 -0.981366 0 0.998722 -0.0505372 0 -0.19122 -0.981547 0 -0.19122 -0.981547 0 -0.997997 -0.0632658 0 -0.997997 -0.0632658 0 0.19214 0.981367 0 0.19214 0.981367 0 0.998723 0.0505256 0 0.998723 0.0505256 -0.00218348 0.992873 0.119153 -0.0564132 0.99717 0.0496909 -0.00944906 0.991885 0.12679 -0.000215186 0.99029 0.139018 -0.64068 0.216619 -0.736617 -0.0528258 0.317078 -0.946927 -0.0748592 0.190919 -0.978747 -0.681897 0.15065 -0.715766 0.219997 0.521739 -0.824251 0.548064 0.548749 -0.631268 0.265085 0.372947 -0.88918 0.841518 0.24222 -0.482884 0.973425 0.0784154 -0.215161 0.835543 0.442882 -0.325152 0.613468 0.346183 -0.709798 0.999335 0.0360969 0.00514797 0.999092 -0.0425886 0.000616605 0.646565 -0.712133 -0.273532 0.83767 -0.0851035 -0.539506 0.998151 -0.00091791 -0.0607701 0.256528 0.22115 -0.940896 0.25549 0.195892 -0.946758 0.622516 0.109312 -0.774935 0.91351 0.37281 -0.162825 0.801448 0.271176 -0.533052 0.995652 0.0808382 0.0462831 0.949767 -0.0356321 -0.310922 0.999582 0.00706338 -0.0280524 0.815594 0.0252229 -0.578075 0.952137 0.234948 -0.195537 0.842335 0.271774 -0.465415 0.999549 -0.0106671 -0.0280642 0.96398 -0.0700203 -0.256594 0.999769 0.00853406 -0.0197187 0.856216 -0.0329645 -0.515566 0.986344 0.0975709 -0.132689 0.964668 0.10839 -0.24014 0.999366 0.0351912 0.00541035 0.987121 -0.0369267 -0.155654 0.999975 -0.00120398 -0.00701924 0.964595 -0.0352035 -0.261376 -0.123526 0.790632 -0.599701 0.00755719 0.877632 -0.479276 0.192938 0.912901 -0.359704 0.797718 0.537771 -0.272852 0.99994 -0.010819 -0.00141989 0.999024 0.0438003 0.0057281 0.999417 -0.0332938 -0.00750165 0.63988 -0.768458 0.0051572 -0.0630017 0.166145 -0.984087 -0.525618 -0.00406461 -0.850711 0.694011 -0.657646 0.293003 0.992911 -0.0930125 -0.0740014 0.99701 -0.0771929 0.00338521 0.656205 -0.369821 0.657744 -1.4111e-05 0.992868 0.119216 -2.70527e-05 0.872993 -0.487733 4.39985e-07 0.990253 0.139278 0.999998 0.00133327 0.00150257 0.999997 0.00220279 0.00030982 0.999998 -7.34068e-05 0.00197992 0.999998 -0.000518791 0.00199122 0.999998 -0.00125435 0.00164629 0.999997 -0.0021142 0.000964434 0.999997 -0.00230007 0.000665853 0.999997 -0.00237359 0.000107922 0.999997 -0.00237917 -0.00031074 0.999997 -0.00246503 -0.000322005 0.999997 -0.00230505 -0.000754438 0.999997 -0.00197599 -0.00132198 0.999997 -0.001691 -0.00156233 0.999998 -0.000603836 -0.00198262 0.999998 0.000371491 -0.00213342 0.999997 0.000876156 -0.00203739 0.999998 0.00188792 -0.00105477 0.00218344 0.992874 0.119153 0.000215657 0.99029 0.139018 0.00944923 0.991885 0.12679 0.056404 0.99717 0.0497019 -0.640385 -0.220027 0.735864 -0.681715 -0.155561 0.714889 -0.0748795 -0.195472 0.977847 -0.0527667 -0.320255 0.945861 0.26486 -0.376389 0.887795 0.549496 -0.550899 0.628143 0.221732 -0.523532 0.822648 0.974565 -0.0776071 0.21024 0.843789 -0.240861 0.47959 0.612812 -0.350222 0.708382 0.835245 -0.446045 0.321573 0.999263 -0.0370345 -0.0101342 0.999133 0.0414812 0.00352254 0.997929 -0.00128927 0.0643116 0.837028 0.0813891 0.541074 0.646932 0.710327 0.277336 0.253515 -0.225157 0.940763 0.622451 -0.113792 0.774342 0.255356 -0.200533 0.945822 0.800705 -0.275603 0.531896 0.912181 -0.377248 0.160033 0.995149 -0.0846752 -0.0500901 0.999476 -0.0114896 0.0302437 0.949639 0.0307537 0.311834 0.815761 -0.0300976 0.577606 0.841449 -0.276469 0.464251 0.951376 -0.239744 0.193407 0.999667 0.00620065 0.0250451 0.999691 -0.013173 0.0210802 0.964186 0.064993 0.257141 0.856616 0.0280546 0.515192 0.964294 -0.113242 0.239401 0.986015 -0.102623 0.131314 0.999166 -0.0401949 -0.00720722 0.999966 -0.00363371 0.00735407 0.987299 0.0320334 0.155613 0.9649 0.0304581 0.260846 -0.121686 -0.791775 0.598569 -0.192943 0.912901 -0.359701 -0.00754374 0.877632 -0.479276 0.79957 -0.535632 0.271635 0.999981 0.00603698 0.000795425 0.998787 -0.0488151 -0.00638307 0.640064 0.768321 -0.00128394 0.999383 0.0331814 0.0114758 -0.0658854 -0.169534 0.98332 -0.527884 4.41381e-05 0.849316 0.693525 0.659579 -0.289791 0.992453 0.0955607 0.0768484 0.996661 0.0816086 -0.00276028 0.65505 0.375421 -0.65572 -0.99627 0.0706002 -0.0496148 -0.999202 0.0310398 -0.025139 -0.999746 0.0217931 -0.00571446 -0.998831 0.047633 0.00824068 -0.994274 0.105668 -0.0159071 -0.998878 0.0461574 -0.0106131 -0.994062 0.108818 0.000276609 -0.998888 0.0468948 -0.00477935 -0.994398 0.105582 0.004896 -0.999095 0.04247 -0.00235301 -0.996255 0.0862814 -0.00556556 -0.999501 0.0315687 -0.00108649 -1 -9.66472e-08 8.12904e-07 -1 2.17336e-08 -7.52987e-08 -1 -2.46125e-08 -2.63473e-07 -1 -2.32981e-07 -1.14516e-06 -1 -5.68479e-07 -1.32057e-06 -1 4.24288e-07 5.91305e-07 -0.999932 0.0114503 -0.00228373 -0.99978 0.013745 -0.0158173 -1 3.72604e-06 -4.20455e-06 -1 4.20578e-06 -2.55738e-07 -0.999845 -0.0175505 -0.00127568 -0.998064 -0.0390571 0.0484044 -7.5649e-06 -0.0857137 0.99632 -4.829e-06 -0.085713 0.99632 -3.21245e-06 -0.0857132 0.99632 4.07786e-07 -0.0857134 0.99632 -3.66084e-06 -0.0857132 0.99632 2.98014e-06 -0.0857133 0.99632 2.79606e-06 -0.0857133 0.99632 9.74636e-07 -0.0857129 0.99632 -1.70205e-06 -0.085713 0.99632 -2.04869e-06 -0.0857133 0.99632 7.52737e-06 -0.085713 0.99632 1.94972e-06 -0.085713 0.99632 -2.87922e-06 -0.0882425 0.996099 -3.78063e-06 -0.0881963 0.996103 2.63474e-06 -0.0876947 0.996147 -6.66622e-05 -0.653746 0.756714 -0.00014795 -0.630513 0.776179 5.14657e-15 -0.663207 0.748436 -0.999985 0.00398893 -0.00364219 -1 -0.000503702 -0.000724066 -0.99998 0.00580772 -0.00237396 -0.999961 0.00771433 -0.00419302 -0.999999 -0.00136367 0.000405856 -0.999994 0.0034166 -0.00101821 -0.999984 -0.00482654 0.00288875 -0.999993 0.00263997 -0.00268715 -1 -3.49372e-07 3.61675e-07 -1 -1.43617e-06 4.27173e-07 -1 1.17887e-06 -3.31368e-07 -1 -1.56802e-06 3.53243e-07 0.0253391 0.938539 -0.344242 -0.00377759 0.978143 -0.2079 0.0214013 0.99966 -0.0148764 0.0597814 0.997284 -0.0430147 0.0181314 0.999374 -0.0303831 0.0217874 0.998569 -0.0488372 0.0223092 0.999655 -0.0138943 0.0534186 0.998223 0.0263911 0.0320838 0.999305 -0.0190033 -0.0519871 0.99242 -0.111358 0.0178064 0.99984 0.00188714 0.0106378 0.999437 -0.0318139 0.0178179 0.999793 0.00983747 -0.0337148 0.995114 -0.0927951 0.000623 0.999329 -0.0366287 -0.00355805 0.990947 -0.134208 0.0130401 0.991863 0.126638 -0.0470087 0.98844 -0.144141 -0.64856 0.76097 -0.017151 -0.51532 0.856951 -0.0090139 -0.0429127 0.997266 0.0601575 -0.918576 0.395184 0.00693879 -0.696264 0.713797 -0.0755652 0.0617919 -0.928783 -0.365437 -0.071178 0.977697 -0.197589 -0.00964022 0.999365 -0.0343106 0.0262913 0.998573 -0.0464902 0.0614272 0.998044 -0.0116449 -0.0245434 0.99187 -0.124867 -0.0275189 0.997442 -0.0659669 -0.00915419 0.998374 -0.0562649 -0.00368035 0.997932 -0.0641732 0.0071023 0.994541 0.104107 0.116613 0.989205 -0.0887352 0.108576 0.982405 -0.151957 0.106851 0.99377 0.0316946 0.0969506 0.995256 0.0080663 0.0830375 0.994976 0.0559328 0.0778824 0.990333 -0.114781 0.047778 0.987143 -0.152529 -0.529178 0.824696 -0.199616 -0.543978 0.805762 -0.23417 -0.832108 0.542506 -0.115257 -0.863943 0.434289 -0.254941 -0.55365 0.808237 -0.200561 -0.87579 0.432568 -0.214189 -0.604705 0.776969 0.175075 -0.826765 0.350046 0.440371 -0.19048 0.981687 -0.00293674 -0.38142 0.924116 0.0229766 -0.553584 0.817465 -0.159049 -0.886114 0.446152 -0.125505 -0.101512 0.994325 -0.0318354 -0.298519 0.954398 0.00344656 -0.0413628 0.999139 -0.00309016 -0.24399 0.96847 0.0503375 0.00628498 0.999726 0.0225272 0.0781094 0.996662 0.0237513 0.02029 0.99979 0.00299097 0.493088 0.868952 0.0422696 0.659687 0.71191 -0.240826 0.754383 0.654013 -0.0563285 0.700293 0.66435 -0.261207 0.654565 0.752195 0.0758148 -0.00399583 -0.0620065 0.998068 0.000332371 -0.0743665 0.997231 2.71268e-05 -0.0760415 0.997105 -0.00768278 -0.0641037 0.997914 0.635074 0.770349 0.0569524 0.000145449 -0.0752015 0.997168 -0.00791006 -0.0623639 0.998022 0.599415 0.783527 0.163664 0.000221743 -0.0758235 0.997121 -0.00691286 -0.0624008 0.998027 0.591308 0.797132 0.122215 -0.0015269 -0.0740394 0.997254 -0.0085179 -0.0626553 0.997999 0.912802 0.288251 0.289317 -0.998447 0.0365028 0.0420737 -0.901574 0.208873 0.378863 -0.920024 0.369726 0.129838 -0.997826 0.0653566 -0.00844685 -0.998449 -0.00947072 0.0548561 -0.902397 0.0990531 0.419366 -0.977332 0.210746 0.020226 -0.997389 0.0675228 0.0256098 -0.894103 0.16653 0.41575 -0.980978 0.0739261 0.179493 -0.967276 0.234882 -0.0959558 -0.991357 0.131066 -0.00574331 -0.958814 0.230659 -0.165745 -0.991063 0.126554 -0.0421756 0.023554 -0.621056 0.783412 0.220622 -0.562992 0.796471 5.72499e-05 -0.0832859 0.996526 2.93918e-05 -0.0873693 0.996176 -0.854592 -0.505561 0.118662 -0.979331 -0.151201 0.134344 -0.989491 -0.140099 -0.0357645 -0.855106 -0.330988 -0.39905 -0.939835 0.271003 -0.208008 -0.993154 0.103971 -0.053235 -0.991496 0.125091 -0.0359009 -0.952638 0.246863 -0.177595 -0.995184 -0.0718324 0.0666951 -0.895609 -0.016168 0.444547 -8.76077e-07 -0.0854042 0.996346 2.27889e-05 -0.0828426 0.996563 5.58353e-05 -0.0824439 0.996596 7.78636e-06 -0.0853456 0.996351 4.2614e-05 -0.0827291 0.996572 1.46235e-05 -0.0853706 0.996349 6.99468e-05 -0.0829868 0.996551 1.29641e-05 -0.0853504 0.996351 -0.457284 0.73293 -0.503692 -0.459695 0.88663 -0.0506661 -0.396627 0.916701 -0.0484445 -0.390981 0.920115 0.0228486 0.248257 0.688943 -0.680974 0.0398648 0.99863 -0.0338841 0.267041 -0.419428 0.867623 -0.0709782 0.994647 0.0750953 -0.998645 0.0514349 -0.0079077 -0.999546 0.029209 -0.00744903 -0.999995 0.00217705 -0.00249773 -0.999894 0.0145402 -0.0006115 -0.999635 0.0268441 -0.00300695 -0.999991 -0.00327837 -0.00288471 -0.114023 0.988447 -0.0998579 -0.237049 0.968545 -0.075685 -0.0614455 0.991261 -0.11673 -0.311052 0.950363 -0.00754028 -0.998691 0.0148457 -0.0489402 -0.996732 0.064432 -0.0487329 -0.896926 0.213381 -0.387289 -0.895327 0.0650584 -0.440632 -0.996136 0.063821 -0.0603244 -0.908708 0.199034 -0.366927 -1 2.7555e-07 1.70338e-07 -1 2.11806e-06 2.68843e-07 -0.621822 0.782454 -0.0332231 -0.23007 0.969441 -0.0851567 -0.784039 0.620625 0.0103841 -0.874183 0.463705 0.144162 -0.294333 0.954859 -0.0401622 -1 -2.28933e-07 3.0979e-08 -0.47991 0.874104 -0.0750219 -0.600476 0.799641 0.00162756 -0.99627 -0.0706002 0.0496144 -0.998831 -0.0476329 -0.00824104 -0.999746 -0.0217933 0.00571544 -0.999202 -0.0310396 0.0251375 -0.994274 -0.105668 0.0159087 -0.998878 -0.0461574 0.0106128 -0.994062 -0.108818 -0.000275661 -0.998888 -0.0468946 0.00478032 -0.994399 -0.105582 -0.0048953 -0.999095 -0.0424693 0.00235469 -0.996255 -0.0862819 0.00556471 -0.999501 -0.0315679 0.00108745 -0.999932 -0.0114486 0.00228372 -0.99978 -0.0137459 0.0158183 -0.999845 0.0175501 0.00127575 -0.998064 0.0390569 -0.0484042 1.46781e-06 -0.0857137 0.99632 4.66663e-06 -0.0857134 0.99632 1.50475e-06 -0.0857132 0.99632 -5.37064e-06 -0.085713 0.99632 -1.1406e-06 -0.0857132 0.99632 -9.43708e-07 -0.085713 0.99632 -5.76448e-08 -0.085713 0.99632 7.77429e-08 -0.085713 0.99632 1.20491e-05 -0.0882425 0.996099 -8.52966e-06 -0.0881961 0.996103 8.34148e-06 -0.653745 0.756715 0.000141717 -0.630513 0.776179 -0.999985 -0.00398264 0.00364077 -0.999961 -0.00771589 0.00419337 -0.99998 -0.00580928 0.00237437 -1 0.000506427 0.000723305 -0.999994 -0.00341591 0.00101799 -0.999999 0.00136689 -0.000406822 -0.999993 -0.00264009 0.00268727 -0.999984 0.00482861 -0.00289084 0.0253347 -0.938537 0.344248 0.0597813 -0.997284 0.043016 0.021401 -0.99966 0.0148699 -0.00378082 -0.978143 0.2079 0.018134 -0.999374 0.0303796 0.0217907 -0.998574 0.0487332 0.0223091 -0.999656 0.0138147 0.0533999 -0.998192 -0.0275727 -0.0519872 -0.992421 0.111345 0.0320832 -0.999304 0.0190068 0.0178078 -0.99984 -0.00188617 0.0106389 -0.999437 0.0318222 0.0178179 -0.999793 -0.00983508 -0.0337164 -0.995114 0.0927976 0.000624393 -0.999329 0.0366286 -0.00355548 -0.990947 0.134203 0.0142728 -0.999552 -0.0263096 -0.0470071 -0.98844 0.144142 -0.0429225 -0.99727 -0.06009 -0.515307 -0.856958 0.00904379 -0.648559 -0.760971 0.0171398 -0.696272 -0.713791 0.0755434 -0.918576 -0.395182 -0.00694716 0.0617901 0.928792 0.365415 -0.0711758 -0.977696 0.197595 -0.00964592 -0.999371 0.0341306 0.0262445 -0.998715 0.0433554 0.0610755 -0.998126 -0.00387938 -0.0245386 -0.99187 0.124871 -0.0275222 -0.997442 0.0659724 -0.00914951 -0.998374 0.0562634 0.0104812 -0.988955 0.147845 -0.00367765 -0.997933 0.0641647 0.116613 -0.989122 0.0896652 0.108707 -0.966383 0.232994 0.106849 -0.993772 -0.0316303 0.0969491 -0.995257 -0.00807404 0.0830389 -0.994975 -0.0559478 0.0778866 -0.990332 0.114789 0.0477828 -0.98714 0.15255 -0.543982 -0.80576 0.234168 -0.529184 -0.824693 0.199615 -0.863943 -0.434289 0.254941 -0.832107 -0.542507 0.115253 -0.553653 -0.808239 0.200544 -0.87579 -0.432565 0.214194 -0.826761 -0.350043 -0.440382 -0.604704 -0.776973 -0.175063 -0.190488 -0.981685 0.00292432 -0.381538 -0.924065 -0.0230946 -0.886113 -0.446147 0.125524 -0.553582 -0.817464 0.159059 -0.102551 -0.99428 0.0298507 -0.305167 -0.95225 -0.00960926 -0.0442906 -0.998991 0.00748356 -0.307766 -0.944532 -0.114632 -0.100196 0.97683 0.189115 0.0875939 0.987136 0.133751 0.121734 0.985461 0.118522 0.0781328 -0.99666 -0.0237713 0.659695 -0.71191 0.240802 0.493083 -0.868954 -0.042291 0.0202983 -0.999789 -0.00300386 0.609167 -0.754783 0.243347 0.648135 -0.760482 0.039862 0.654563 -0.752195 -0.0758261 0.00888082 -0.0641848 0.997899 0.00767721 -0.0640978 0.997914 -3.30706e-05 -0.0760394 0.997105 -0.000192036 -0.0768844 0.99704 0.635074 -0.770346 -0.056985 0.00792101 -0.0623773 0.998021 -0.000133248 -0.0752058 0.997168 0.599412 -0.783524 -0.163693 0.00691336 -0.0624028 0.998027 -0.00022319 -0.075823 0.997121 0.591302 -0.797139 -0.122191 0.0085086 -0.062644 0.998 0.00151943 -0.074037 0.997254 0.912809 -0.288258 -0.289286 -0.998447 -0.036507 -0.0420726 -0.997826 -0.0653629 0.00845315 -0.920023 -0.369731 -0.129831 -0.901573 -0.208887 -0.378857 -0.902398 -0.0990672 -0.419362 -0.998449 0.00946848 -0.0548555 -0.997389 -0.0675231 -0.0256078 -0.977332 -0.210746 -0.0202213 -0.980979 -0.0739268 -0.179487 -0.894099 -0.166528 -0.415759 -0.991357 -0.131067 0.00573729 -0.967276 -0.234881 0.0959563 -0.991063 -0.126553 0.0421794 -0.958813 -0.230657 0.165755 -0.0234978 -0.621059 0.783412 -1.70199e-05 -0.0873694 0.996176 -5.45457e-05 -0.0832858 0.996526 -0.220596 -0.563004 0.79647 -0.854588 0.505565 -0.11867 -0.855103 0.331 0.399047 -0.989491 0.140101 0.0357643 -0.97933 0.151205 -0.134349 -0.939835 -0.270996 0.208018 -0.952638 -0.246865 0.177593 -0.991495 -0.125092 0.0358992 -0.993155 -0.10397 0.0532373 -0.995184 0.0718346 -0.0666955 -0.90235 0.0178299 -0.430636 -1.35908e-05 -0.085404 0.996346 -9.49586e-06 -0.0853456 0.996351 -5.09891e-05 -0.0824444 0.996596 -3.05019e-05 -0.0828415 0.996563 -7.83253e-06 -0.0853707 0.996349 -4.38189e-05 -0.0827288 0.996572 -1.06566e-05 -0.0853505 0.996351 -4.62215e-05 -0.0827104 0.996574 -0.457298 -0.732927 0.503683 -0.459718 -0.886619 0.0506512 -0.380225 -0.923059 0.058242 -0.544359 -0.832953 -0.0993116 0.248231 -0.68894 0.680986 0.0398907 -0.99863 0.0338704 -0.267053 -0.419424 0.867621 -0.0709671 -0.994648 -0.0750964 -0.998645 -0.0514346 0.00790805 -0.999894 -0.0145407 0.00061122 -0.999994 -0.00217914 0.00249719 -0.999546 -0.0292105 0.00744859 -0.99999 0.00327976 0.00288501 -0.999635 -0.0268482 0.00300663 -0.114028 -0.988445 0.0998728 -0.0614541 -0.991258 0.11675 -0.23706 -0.968541 0.0757009 -0.311051 -0.950363 0.00753586 -0.998691 -0.0148609 0.0489384 -0.895328 -0.0650844 0.440627 -0.896926 -0.213388 0.387285 -0.996731 -0.0644432 0.0487289 -0.908706 -0.198995 0.366953 -0.996137 -0.063814 0.0603295 -0.621822 -0.782454 0.0332134 -0.230081 -0.969438 0.0851659 -0.784029 -0.620637 -0.0103997 -0.874181 -0.463707 -0.144165 -0.294331 -0.954859 0.0401599 -0.479918 -0.8741 0.0750237 -0.600474 -0.799643 -0.00163062 -2.40727e-05 -0.0704605 0.997515 0.000289102 0.745625 0.666365 -1.9103e-06 0.746227 0.665691 -5.15806e-07 -0.0704512 0.997515 -0.999871 0.0124325 0.0102124 -0.999905 0.0130887 -0.00436233 -0.999999 0.000959959 -0.000132987 -0.999999 0.00127544 0.00113779 0.0503106 -0.0114938 0.998667 -0.101669 0.326469 0.939724 -0.236733 0.397213 0.886668 0.0184233 -0.0593177 0.998069 0.707199 0.705168 -0.0510671 -0.215111 0.964721 0.15179 0.298079 0.728324 0.617003 -0.964098 -0.25489 0.0744689 -0.97817 -0.184637 -0.0953502 -0.881466 -0.464187 0.0868772 -0.832241 -0.364837 0.417456 -0.0261865 0.751343 0.659393 0.00278799 -0.0701095 0.997535 0.0177592 -0.0674393 0.997565 -0.180845 0.666645 0.723104 -0.999732 0.0231636 -9.58361e-05 -0.999312 0.0271246 0.0252954 -0.999887 -0.0116459 -0.00950946 -0.999913 -0.0124811 0.00427967 -0.000296767 0.744913 0.667161 4.10957e-05 -0.0710217 0.997475 -1.65442e-05 -0.0704605 0.997515 -0.000371344 0.745625 0.666365 0.0718118 -0.992573 0.0981931 0.534906 -0.827381 0.171219 0.462429 -0.83804 -0.289566 0.00430603 -0.998851 0.0477353 0.964184 -0.247616 0.0950548 -0.00281924 -0.0701092 0.997535 0.0264537 0.751328 0.659398 0.157742 0.646776 0.74619 -0.0227803 -0.065857 0.997569 -0.935991 0.293868 0.193813 -0.953347 0.291446 -0.0786711 -0.872683 0.277297 -0.40191 -0.907533 0.404195 -0.114061 -0.999591 -0.0285777 0.000810335 3.68314e-05 -0.0710218 0.997475 1.44326e-07 -0.0857129 0.99632 -0.356918 0.929685 0.0910791 0 0 0 2.85594e-12 -0.0857129 0.99632 0 0 0 -0.0233607 -0.057191 0.99809 0.0104027 -0.0624638 0.997993 -0.129891 -0.991155 0.0271885 0.000451015 0.744914 0.667161 -0.998774 -0.0363742 -0.033579 -0.055118 0.716414 0.695494 0.048738 -0.715604 -0.696804 0.223209 0.542547 0.809828 -0.000930188 0.00038429 -0.999999 -0.0179522 5.71587e-05 -0.999839 -0.017656 -7.91211e-05 -0.999844 -0.000961885 0.000149579 -1 -0.0175375 -7.05886e-05 -0.999846 -0.000974291 0.0004846 -0.999999 0.0290833 0.00497557 -0.999565 -0.0161615 -8.82078e-06 -0.999869 -0.0176193 0.000292646 -0.999845 -0.0133709 -5.50302e-05 -0.999911 -0.0159446 0.000279617 -0.999873 -0.0520547 -0.00965973 -0.998598 -0.0379602 -0.00656767 -0.999258 -0.599111 0.031735 -0.800037 -0.175534 0.00485429 -0.984461 -0.00183079 0.000215573 -0.999998 -0.00464729 -0.00225563 -0.999987 -0.000329541 0.00142892 -0.999999 -0.00222219 0.000148201 -0.999997 0.0271135 0.0017379 -0.999631 0.0515228 0.0104676 -0.998617 -0.00279841 0.000577753 -0.999996 0.167946 0.00119507 -0.985795 -0.00456936 -0.000113388 -0.99999 0.161003 0.000361138 -0.986954 0.25771 -0.0775483 -0.963105 0.471054 -0.00191769 -0.882102 -0.0290803 -0.0115496 -0.99951 0.0200448 0.0151403 -0.999684 0.134888 -0.0397106 -0.990065 -0.0389614 0.00813054 -0.999208 -0.642954 0.00526876 -0.765886 -0.0477061 0.0317062 -0.998358 -0.682636 0.00419591 -0.730747 0.615221 0.0490002 -0.78683 0.681798 0.000703078 -0.73154 -0.00532713 0.00306616 -0.999981 -0.00112617 0.00102977 -0.999999 -0.00919149 0.00473437 -0.999947 -0.0225771 -0.00143012 -0.999744 -0.0284166 -0.00290827 -0.999592 -0.887535 -0.100287 -0.449694 -0.998405 0.00532118 -0.056211 -0.997174 0.0258672 -0.0705315 -0.893359 -0.144867 -0.425351 -0.0273563 0.827265 -0.561146 0.00779991 0.137253 -0.990505 0.0330512 0.135429 -0.990236 -0.236539 0.724651 -0.647249 0.0102913 0.0151436 -0.999832 0.00430915 0.0127371 -0.99991 -0.00652617 -0.0033834 -0.999973 -0.0160255 -0.00766188 -0.999842 -0.000246406 -0.164617 -0.986358 -0.000263738 -0.164576 -0.986364 0.00231701 -0.328615 -0.944461 0.00662747 -0.323356 -0.946254 -0.090441 -0.887196 0.452442 1.27124e-05 0.00448805 0.99999 -0.000322516 0.010615 0.999944 -0.588467 -0.530439 0.610197 -0.0214467 -0.485937 -0.873731 -0.0310523 -0.475171 -0.879345 -0.902319 -0.078317 -0.423894 -0.999011 0.00257204 -0.0444006 -3.83475e-06 0.00310354 0.999995 1.79196e-05 0.00721224 0.999974 -4.7544e-06 -0.0140057 0.999902 -0.000197898 -0.0101324 0.999949 0.000152885 -0.00151815 0.999999 0.00169443 -0.0014159 0.999998 -3.44127e-07 0.0129571 -0.999916 4.52808e-06 -0.00229239 -0.999997 -4.66126e-06 -0.327172 -0.944965 2.41454e-05 -0.47961 -0.877482 1.2797e-05 -0.164143 -0.986437 -1 2.32105e-06 -3.49704e-07 -1 4.50593e-06 -2.5885e-06 -0.997816 -0.0218532 0.0623322 -0.998662 0.023589 0.046019 -2.19802e-08 -0.0144988 0.999895 -3.26311e-07 -0.00141652 0.999999 2.3024e-09 0.00409894 0.999992 -5.91466e-08 0.0027503 0.999996 4.78077e-07 -0.890168 0.455632 -1 2.57729e-06 -7.64876e-07 -1 5.85918e-07 -2.60111e-07 -1 7.17638e-07 -5.72994e-07 -1.34223e-06 0.137108 -0.990556 5.47159e-06 0.822963 -0.568095 0.0158418 -0.309102 -0.950897 0.0309877 -0.428218 -0.903144 -0.281119 0.554498 -0.783265 0.0403318 0.154757 -0.987129 0.0180849 0.0297518 -0.999394 -0.0255001 -0.023457 -0.9994 -0.872815 0.0437415 -0.486086 -0.8375 0.0687601 -0.542093 0.00103305 -0.160701 -0.987003 0.0040171 -0.00108824 0.999991 0.0037889 -0.0028679 0.999989 0.00457957 0.0150108 0.999877 0.00214813 0.0206732 0.999784 0.891092 0.00564527 -0.453787 0.857282 0.0496036 -0.512451 -0.5471 -0.230173 0.804799 0.279432 -0.0183602 -0.95999 0.290502 -0.00890753 -0.956833 0.632219 -0.00620799 -0.774765 0.599219 -0.0100155 -0.800523 -0.890316 0.0608344 0.45126 -0.870802 0.00562948 0.491602 -0.994127 0.0609047 0.0894557 0.0121505 -0.952078 -0.305613 0.0675232 -0.929817 -0.361774 0.00627117 -0.834507 -0.550961 0.00257616 -0.85477 -0.519001 -0.889255 0.12373 0.440359 -1.19611e-07 -0.856817 -0.51562 0.75177 -0.0300202 -0.658742 0.831522 -0.0783106 -0.549944 -1 3.04663e-06 7.66318e-07 -7.89981e-05 -0.952047 -0.305953 0.863049 -0.0498758 -0.502652 -0.568067 -0.0205404 -0.822726 -0.770307 -0.0695591 -0.633868 -0.89378 0.0498693 -0.445725 0.196685 0.486526 0.851239 -0.0421615 0.0362642 0.998452 -0.0337458 0.00987829 0.999382 0.195374 0.634634 0.747709 -0.00251798 -0.00212622 0.999995 0.0272239 0.77248 0.634456 -0.988595 -0.078364 -0.128604 -0.840217 0.0885619 -0.53497 0.000683901 -0.00179784 0.999998 0.00142452 -0.000391254 0.999999 8.07093e-05 -0.00245943 0.999997 5.26025e-06 -0.00270746 0.999996 -0.0752557 0.0408133 -0.996329 -0.000113929 -0.00357867 0.999994 -0.000202551 0.766478 0.642271 -1 2.10991e-06 1.62553e-06 0.000930134 0.000383031 -1 0.000961901 0.000150249 -1 0.0176556 -9.95445e-05 -0.999844 0.017952 5.16882e-05 -0.999839 0.000974157 0.00048339 -0.999999 0.0175374 -7.37047e-05 -0.999846 0.0161616 -3.24327e-06 -0.999869 -0.029082 0.00496436 -0.999565 0.0176197 0.000296592 -0.999845 0.0159428 0.000264533 -0.999873 0.0133713 -7.99016e-06 -0.999911 0.0520519 -0.00964761 -0.998598 0.175544 0.0048477 -0.98446 0.59908 0.0318175 -0.800057 0.0379627 -0.00663461 -0.999257 0.00464829 -0.00226491 -0.999987 0.00182955 0.000174677 -0.999998 0.000325928 0.00145359 -0.999999 0.00222326 0.000184841 -0.999997 -0.0271169 0.0017539 -0.999631 -0.0515219 0.0104646 -0.998617 0.00285625 0.00104575 -0.999995 -0.167944 0.00121573 -0.985796 -0.161004 0.000437902 -0.986954 0.00456941 -0.000112661 -0.99999 -0.471111 -0.00185259 -0.882072 -0.257679 -0.0775827 -0.963111 0.0291312 -0.0115949 -0.999508 -0.0201068 0.0151935 -0.999682 -0.134906 -0.0396921 -0.990063 0.642953 0.00528381 -0.765888 0.0389599 0.00809314 -0.999208 0.682633 0.00423813 -0.730749 0.0476588 0.0313645 -0.998371 -0.615221 0.0490029 -0.78683 -0.681798 0.000736499 -0.73154 0.00534426 0.00307791 -0.999981 0.00110593 0.00101578 -0.999999 0.00919676 0.00473587 -0.999946 0.0225799 -0.00142878 -0.999744 0.0284012 -0.00291769 -0.999592 -0.887535 0.100284 0.449695 -0.893352 0.144815 0.425382 -0.997172 -0.0258947 0.0705492 -0.998405 -0.00532369 0.0562117 0.0274081 0.827263 -0.561145 0.236536 0.724656 -0.647244 -0.0330614 0.135431 -0.990235 -0.00779307 0.137253 -0.990505 -0.00433199 0.0127398 -0.999909 -0.0103067 0.0151487 -0.999832 0.016045 -0.00766853 -0.999842 0.00657008 -0.00338858 -0.999973 0.000262083 -0.164574 -0.986365 0.000256288 -0.164618 -0.986357 -0.00662661 -0.323355 -0.946255 -0.00233327 -0.328613 -0.944462 0.0904437 -0.887196 0.452441 0.588457 -0.530456 0.610193 0.000321927 0.0106151 0.999944 -1.7945e-05 0.00448838 0.99999 0.0311046 -0.475189 -0.879334 0.0215855 -0.485949 -0.873721 -0.99901 -0.00257627 0.0444017 -0.902319 0.0782945 0.423898 -1.86359e-05 0.00721184 0.999974 3.71624e-06 0.00310337 0.999995 0.000188856 -0.010134 0.999949 1.78563e-06 -0.0140062 0.999902 -0.00170293 -0.00141755 0.999998 -0.000155895 -0.00151821 0.999999 -0.998662 -0.0236068 -0.0460181 -0.997815 0.0218674 -0.0623396 -0.015838 -0.309107 -0.950895 -0.0310013 -0.428216 -0.903144 0.281088 0.554545 -0.783243 -0.0403393 0.154765 -0.987127 -0.0181128 0.0297775 -0.999392 0.025519 -0.0234742 -0.999399 0.872853 0.0435249 -0.486039 0.837469 0.0688434 -0.542131 -0.00103293 -0.160698 -0.987003 -0.00402828 -0.0010938 0.999991 -0.00380205 -0.00287695 0.999989 -0.00458104 0.0150104 0.999877 -0.00213546 0.0206804 0.999784 -0.891095 0.00549674 -0.453784 -0.857297 0.0495544 -0.512432 0.5471 -0.230176 0.804799 -0.279455 -0.0182414 -0.959986 -0.632221 -0.00619466 -0.774764 -0.290504 -0.00890013 -0.956832 -0.599243 -0.00994769 -0.800505 -0.994124 -0.0609309 -0.0894659 -0.870788 -0.00570983 -0.491626 -0.890314 -0.0608861 -0.451258 -0.0122062 -0.952076 -0.305618 -0.00251239 -0.85477 -0.519 -0.00629881 -0.834501 -0.550971 -0.067631 -0.929792 -0.361819 -0.889253 -0.123707 -0.440369 -0.831512 -0.0783289 -0.549956 -0.751827 -0.0299606 -0.658679 -0.863034 -0.0499416 -0.50267 0.893779 0.0498777 -0.445726 0.77032 -0.0695391 -0.633855 0.568079 -0.0205203 -0.822718 -0.196649 0.486549 0.851234 -0.195576 0.63451 0.747761 0.033626 0.0098583 0.999386 0.0421487 0.0362543 0.998453 0.00262012 -0.00212443 0.999994 -0.0270917 0.772489 0.634449 -0.988595 0.0783647 0.128606 -0.840224 -0.0885723 0.534956 -0.0014113 -0.00038221 0.999999 -0.000684055 -0.00179791 0.999998 -8.50503e-05 -0.0024595 0.999997 0.0752525 0.0408101 -0.996329 0 0 -1 0 0 -1 0 0 -1 0 0 -1 0 0 -1 0 0 -1 0 0 -1 0 0 -1 0 0 1 0 0 1 -9.38668e-08 5.41936e-08 1 0 0 1 -1.09555e-07 0 1 -1.09556e-07 0 1 -9.38657e-08 -5.4193e-08 1 0 0 1 0 0 1 0 0 1 0 0 1 0 0 1 0 0 1 0 0 1 0 0 1 0 0 1 0 0 1 0 0 1 0 0 1 0 0 1 0 0 1 -1.8989e-07 0 1 -2.21593e-07 -4.55828e-08 1 -1.83464e-07 -3.77394e-08 1 0 0 1 0 0 1 0 0 -1 0 0 -1 0 0 1 0 0 1 -1.78525e-09 -3.84939e-07 1 0 0 1 0.0782217 0.0688081 0.994559 0.0781374 0.0688855 0.99456 0.0779151 0.0690896 0.994563 0.0779941 0.0690171 0.994562 0.178349 -0.193215 -0.964811 0.176757 -0.192831 -0.96518 0.173344 -0.192005 -0.965964 0.174909 -0.192384 -0.965606 0.176591 -0.0973428 -0.979459 0.171294 -0.0989232 -0.980241 0.159751 -0.10235 -0.981837 0.165139 -0.100753 -0.98111 0.124699 -0.0258469 -0.991858 0.118616 -0.031502 -0.99244 0.10191 -0.046981 -0.993684 0.108275 -0.0410922 -0.993271 0.068149 -0.112798 -0.991278 0.00709718 -0.0683298 -0.997638 0.000490227 -0.0109695 -0.99994 -0.00126585 -0.00501292 -0.999987 -0.0545749 -0.0624024 -0.996558 -0.00513829 0.00279488 -0.999983 -0.117303 -0.0813809 -0.989756 -0.0280554 0.0114034 -0.999541 -0.163746 -0.147005 -0.975488 -0.0570338 -0.00557594 -0.998357 -0.144526 -0.240996 -0.959705 -0.0637288 -0.0453671 -0.996936 -0.136919 0.0688286 0.988188 -0.075463 0.0221842 0.996902 -0.00139706 0.00413029 0.99999 -0.0132688 -0.00225244 0.999909 0.00903336 -0.00429937 0.99995 0.000485548 0.00950701 0.999955 0.120791 -0.00301066 0.992673 0.000640616 0.00132454 0.999999 0.00160471 -0.00100752 0.999998 0.000369441 -0.000230233 1 0.000212438 -0.00039723 1 0.00196421 -8.52742e-09 0.999998 0.000418444 -2.22778e-09 1 0.00166407 0.00104482 0.999998 0.000344222 0.000214522 1 0.000236635 0.000148576 -1 -0.000201137 -0.000376099 -1 -0.000346446 -0.000215908 -1 7.95536e-08 -0.000513541 -1 0.000277589 -0.000518716 -1 0.000519481 -0.000323627 -1 0.000732164 7.25222e-09 -1 0.0007123 0.000443746 -1 -0.00022576 -0.000421859 1 -0.000412769 -0.000257145 1 -7.15015e-08 -0.000465527 1 -0.842245 -0.0773549 0.533516 -0.472741 -0.0393093 0.880324 -0.457109 -0.0297258 0.888914 -0.896836 -0.0377506 0.440749 -0.995292 -0.0938319 0.0242784 -0.998836 -0.0380118 -0.0296933 -0.862859 -0.0832338 -0.498545 -0.851789 -0.0387726 -0.522449 -0.488274 -0.0736016 -0.869581 -0.8602 -0.106676 -0.498674 -0.852557 -0.00237203 -0.522629 -0.419744 -0.00494512 -0.907629 0.00215804 -0.0175396 -0.999844 -1.07058e-05 0.00460056 -0.999989 0.49247 0.038918 -0.869459 0.425879 0.0159069 -0.90464 0.863146 0.0804928 -0.498498 0.856434 0.027932 -0.5155 0.994671 0.100205 0.0242808 0.999394 0.0329669 0.0111302 0.840045 0.0975364 0.533677 0.879632 0.041785 0.473816 0.47032 0.0596436 0.880478 0.841092 0.0883643 0.533625 0.880297 -0.014928 0.474188 0.416809 -0.00408226 0.908985 -0.00114568 0.00931644 0.999956 0.0444482 -0.0150166 0.998899 -0.0675393 -0.0743329 0.994944 -0.0671493 -0.0746873 0.994944 -0.0659809 -0.0757489 0.994941 -0.0663958 -0.075372 0.994943 -0.163281 0.143022 -0.976158 -0.167646 0.187816 -0.967791 -0.168912 0.188123 -0.967511 -0.167071 0.14293 -0.97553 -0.133385 0.0732102 -0.988357 -0.141461 0.0702883 -0.987445 -0.102962 0.0419804 -0.993799 -0.111191 0.0344198 -0.993203 -0.000936819 0.0500918 -0.998744 0.00667386 0.0725577 -0.997342 0.00136468 0.00536042 -0.999985 -0.000602318 0.016084 -0.99987 0.00988412 0.038958 -0.999192 -0.00187348 0.0091508 -0.999956 0.0178881 0.0335059 -0.999278 0.00674374 0.00016041 -0.999977 0.0264377 0.0389867 -0.99889 0.0228076 0.00371673 -0.999733 0.0259708 0.0550418 -0.998146 0.0297968 0.0227441 -0.999297 0.0252796 -0.00353102 0.999674 0.02846 -0.022683 0.999338 -0.00565355 -0.0078236 0.999953 -0.00570631 -0.0162407 0.999852 0.00375691 0.00143768 0.999992 -0.000614417 -0.0205081 0.99979 -0.0281101 0.0225959 0.999349 0.00293729 -0.00841063 0.99996 -0.000844617 0.000530307 0.999999 -0.0010961 5.09406e-09 0.999999 -0.000936916 -0.000588273 1 -0.00100678 -0.000632142 -0.999999 0.518788 0.0485585 0.853523 0.821689 0.174397 0.542598 0.714648 0.247865 0.654096 0.445419 0.068318 0.892712 0.929866 0.331737 0.159062 0.812392 0.466468 0.349895 0.826342 0.522196 -0.210881 0.732731 0.679879 0.0295107 0.805698 -0.213579 -0.552481 0.506288 -0.0970518 -0.856886 0.398509 -0.192176 -0.896805 0.634723 -0.358405 -0.684597 0.0571213 -0.0307999 -0.997892 0.0393008 -0.127358 -0.991078 -0.433421 -0.0428307 -0.900173 -0.315565 -0.215997 -0.923994 -0.771606 -0.215769 -0.598388 -0.460372 -0.469934 -0.75314 -0.507438 -0.767673 -0.39139 -0.473633 -0.661902 -0.580997 -0.374842 -0.901681 -0.215555 -0.39722 -0.820407 -0.411276 -0.798195 0.15167 0.582992 -0.43617 0.0299417 0.899366 -0.37715 0.0466897 0.924975 -0.673969 0.22655 0.703165 0.0582324 -0.00779959 0.998273 0.0428618 -0.0132715 0.998993 0.217929 0.0150377 0.975849 0.388635 0.139728 0.910735 0.338765 0.100797 0.935456 0.473295 0.336497 0.814102 0.411097 0.271648 0.870176 0.42871 0.556533 0.711673 0.372747 0.462232 0.804613 0.230944 -0.248453 -0.94071 0.133197 -0.166983 -0.976921 0.1459 -0.219006 -0.964754 0.00502459 -0.129864 -0.991519 -0.139723 -0.152852 -0.978322 -0.256505 -0.252291 -0.933035 -0.288584 -0.396308 -0.871584 -0.229753 -0.523027 -0.820766 -0.319999 0.206516 0.924636 -0.188508 0.0544658 0.98056 0.00929136 -0.0164386 0.999822 0.316065 0.0474532 0.94755 0.539873 0.221049 0.812204 0.630513 0.463656 0.622476 0.573407 0.710786 0.407417 0.416013 -0.334054 -0.845779 0.248571 -0.189568 -0.949882 0.0149989 -0.14085 -0.989917 -0.212727 -0.195427 -0.957369 -0.362047 -0.338445 -0.868549 -0.404783 -0.514822 -0.755717 -0.339758 -0.685795 -0.643622 -0.472788 0.24418 0.846669 -0.275882 0.056392 0.959536 0.0180897 -0.0160786 0.999707 0.488304 0.0290001 0.872191 0.515624 0.0392609 0.855915 0.0215741 0.00426886 0.999758 -3.27093e-05 0.016421 0.999865 0.858279 0.0448611 0.51122 0.854939 0.115594 0.505685 0.998402 0.0565074 0.000454482 0.97478 0.217022 0.0520089 0.858837 0.0369145 -0.510918 0.857841 0.314621 -0.406353 0.86101 -0.0838118 -0.501635 0.859301 0.00328519 -0.511459 0.488611 0.00903582 -0.872455 0.516907 -0.0282084 -0.855577 -2.46349e-05 0.00656771 -0.999978 0.0214644 -0.0123819 -0.999693 -0.488812 0.00346897 -0.872382 -0.492894 -0.0270887 -0.869668 -0.859421 0.0156925 -0.511028 -0.869 0.0257862 -0.49414 -0.999967 0.00814865 4.01776e-05 -0.998759 0.0497581 0.00219402 -0.859507 0.00641798 0.511084 -0.868765 -0.00660365 0.495181 -0.864566 0.0704016 0.497563 -0.859395 0.0171163 0.511026 -0.488804 0.0107859 0.872327 -0.492871 0.0268678 0.869687 0.48839 0.0115437 0.872549 0.858911 0.0186195 0.511787 0.999772 0.0210964 -0.00314266 0.857646 0.0183342 -0.513914 0.857591 0.0208685 -0.513909 0.487821 0.0133718 -0.872841 -0.000101732 0.00507101 -0.999987 -0.486007 -0.00450236 -0.873943 -0.857049 -0.0117465 -0.515101 -0.9999 -0.0138011 -0.00310152 -0.859736 -0.0121242 0.510595 -0.859723 -0.012929 0.510596 -0.488512 -0.00605524 0.872536 -5.88997e-05 0.00270871 0.999996 -0.998228 0.0530046 0.0270408 -0.863603 -0.113181 0.491304 -0.812524 -0.181811 0.553851 -0.535333 -0.0596187 0.842535 -0.510985 -0.100729 0.853667 -0.716508 -0.272144 0.642304 -0.92639 -0.333654 0.174575 -0.81368 -0.487496 0.316659 -0.821401 -0.519172 -0.236139 -0.723221 -0.690409 -0.016945 -0.484533 0.0357588 -0.874042 -0.801501 0.172363 -0.572614 -0.722436 0.262291 -0.639758 -0.435181 0.0962592 -0.895183 -0.0718569 -0.0020312 -0.997413 -0.0265192 0.0350667 -0.999033 0.396141 0.0375007 -0.917424 0.376511 0.100796 -0.920912 0.817113 0.127942 -0.5621 0.634503 0.302629 -0.711211 0.791231 0.571633 -0.217232 0.61976 0.612243 -0.490975 0.856616 0.236732 0.458441 0.999502 0.0254914 -0.0186247 0.999764 0.0178868 -0.0123418 0.888272 0.286475 0.359034 0.407309 -0.0575834 0.911473 0.768042 -0.215371 0.603097 0.670317 -0.284218 0.685489 0.403873 -0.112465 0.907876 -0.0645486 -0.00170152 0.997913 -0.0816177 -0.0477396 0.99552 -0.0614763 0.0381059 0.997381 -0.119314 0.0211654 0.992631 -0.146809 -0.00795316 0.989133 0.020658 0.0492856 0.998571 0.0480773 0.039704 0.998054 0.0586347 0.0133351 0.99819 0.0186155 0.0260451 -0.999487 0.0253413 0.0371595 -0.998988 0.00998262 0.0286944 -0.999538 0.00670904 0.0515401 -0.998648 0.0128922 0.0773086 -0.996924 0.0162606 0.0887275 -0.995923 0.00814946 0.0924515 -0.995684 0.0537007 0.078602 -0.995459 -0.198027 -0.0934604 0.975731 -0.162779 -0.0503616 0.985376 -0.149487 -0.133079 0.979767 -0.186598 -0.18682 0.96451 -0.281323 -0.0604326 0.957708 -0.405271 -0.0962315 0.909118 -0.0143708 -0.0488179 0.998704 0.0152049 -0.0177567 0.999727 -0.582625 -0.248319 0.773877 -0.416858 -0.180633 0.890843 -0.687462 -0.48764 0.538147 -0.507532 -0.379753 0.773433 -0.594111 -0.740129 0.315025 -0.443393 -0.598316 0.667398 -0.543505 0.290632 -0.787486 -0.309259 0.137272 -0.941018 -0.333285 0.242339 -0.911149 -0.189963 0.135399 -0.97241 -0.0152351 0.0897683 -0.995846 -0.0181281 0.101184 -0.994703 0.252199 0.166134 -0.953308 0.134072 0.146603 -0.980068 0.398679 0.347832 -0.848568 0.21353 0.255212 -0.943012 0.395965 0.541213 -0.741822 0.197156 0.372534 -0.906834 0.308643 0.714985 -0.627324 0.385293 0.820944 -0.421426 0.127954 0.468884 -0.873942 0.519559 -0.237536 0.820753 0.33321 -0.0927802 0.938277 0.31501 -0.175637 0.932695 0.220382 -0.0410187 0.974551 -0.461211 -0.0441803 0.88619 -0.524339 -0.0477662 0.850169 -0.887396 -0.104129 0.449094 -0.898098 -0.064921 0.434978 0.045932 -0.033364 0.998387 0.018755 -0.0102958 0.999771 -0.980393 -0.189923 0.0525309 -0.997749 -0.0606986 -0.0285007 -0.847799 -0.350079 -0.398349 -0.850605 -0.0901218 -0.518025 -0.853974 0.00383751 -0.520301 -0.836687 0.099974 -0.538479 -0.441157 -0.000301135 -0.89743 -0.416636 0.000236211 -0.909074 -0.0596952 -0.00210389 -0.998214 -0.00190744 0.00151418 -0.999997 0.385815 0.0306273 -0.922068 0.422275 0.0079225 -0.906433 0.862699 0.0223361 -0.505224 0.858778 0.0179111 -0.512035 0.99939 0.0324074 0.0129853 0.999902 0.00948113 0.0103014 0.871373 0.147914 0.467792 0.87837 0.0447716 0.475881 0.878613 -0.0311116 0.47652 0.869061 -0.1008 0.484326 0.373187 -0.054811 0.926136 0.412673 -0.0326308 0.910295 -0.0269739 0.0200293 0.999435 -0.0269688 0.0200447 0.999435 -0.0268434 0.0204229 0.999431 -0.0268478 0.0204096 0.999431 0.00301715 0.93067 0.365846 0.00215478 0.930786 0.365558 -0.00250736 0.931397 0.363996 -0.00173983 0.931298 0.364254 0.00148566 -0.977911 -0.209017 0.000885998 -0.977871 -0.209208 -0.00357904 -0.977559 -0.210634 -0.00192117 -0.977677 -0.210105 0.0222888 0.957376 0.287984 0.0131029 0.957862 0.286929 -0.0218461 0.958961 0.282694 -0.0127704 0.95879 0.283828 0.0244087 -0.997714 -0.063016 0.0156952 -0.997817 -0.0641449 -0.0240972 -0.997309 -0.0692355 -0.0160891 -0.997541 -0.0682196 -3.58828e-05 0.979863 0.199669 1.09111e-05 0.979864 0.199667 0.000145889 0.979865 0.199661 0.000117283 0.979865 0.199662 0.0296145 -0.983195 -0.180142 0.0206974 -0.983643 -0.178934 -0.0306291 -0.984672 -0.171704 -0.0231555 -0.984687 -0.172786 0.00189738 0.997366 0.0725153 0.00110302 0.997367 0.0725054 -0.00102441 0.997369 0.0724787 -0.000761422 0.997369 0.072482 -0.060133 -0.0609501 -0.996328 -0.0605012 -0.0605474 -0.99633 -0.0660037 -0.0545249 -0.996328 -0.0654965 -0.0550803 -0.996331 -0.00950926 -0.952021 -0.305885 -0.00613064 -0.951625 -0.307199 0.0105976 -0.949482 -0.313643 0.00740076 -0.949915 -0.312419 -0.00123056 -0.998176 -0.060359 -0.000889956 -0.998178 -0.0603254 0.000713502 -0.998188 -0.0601671 0.000447849 -0.998187 -0.0601934 0.0619776 -0.0673567 0.995802 0.0619134 -0.0674195 0.995802 0.0607707 -0.0685371 0.995796 0.0608349 -0.0684742 0.995796 5.1462e-05 0.98728 0.15899 6.74817e-05 0.98728 0.158989 0.000155903 0.987281 0.158987 0.00014146 0.987281 0.158987 -0.000639596 -0.991398 -0.130881 -0.000458428 -0.991399 -0.130873 0.000424097 -0.991404 -0.130834 0.000296511 -0.991404 -0.130839 0.000144952 0.989294 0.145939 0.000122032 0.989294 0.145939 1.0656e-05 0.989293 0.14594 2.68536e-05 0.989293 0.14594 -0.000539223 -0.991405 -0.130825 -0.000341373 -0.991404 -0.130834 0.00063991 -0.991398 -0.130878 0.000498525 -0.991399 -0.130872 -1.06754e-05 0.989293 0.145942 1.14832e-05 0.989293 0.145942 0.000120248 0.989293 0.145944 0.000104483 0.989293 0.145943 0.0678937 0.0615655 -0.995791 0.0678682 0.0615905 -0.995791 0.0674177 0.0620318 -0.995795 0.0674431 0.0620069 -0.995794 -0.00171343 -0.998192 -0.0600755 -0.00121946 -0.99819 -0.0601243 0.00170236 -0.998172 -0.0604127 0.00125199 -0.998175 -0.0603683 4.74031e-05 0.987279 0.158996 3.6956e-05 0.987279 0.158995 -1.09601e-05 0.98728 0.158994 -2.73403e-06 0.98728 0.158994 -0.0765451 0.0602049 0.995247 -0.0759869 0.0606733 0.995261 -0.0741086 0.0622488 0.995305 -0.0747093 0.061745 0.995292 -0.0118743 0.984516 -0.174891 -0.00123865 0.984191 -0.177105 0.0100675 0.983718 -0.179435 0.000591908 0.984124 -0.177484 -0.00102654 -0.980551 0.196264 -0.000122725 -0.980573 0.196153 0.000499679 -0.980588 0.196076 -6.77897e-05 -0.980575 0.196146 0.00236007 0.959483 -0.281757 0.000491452 0.95951 -0.281676 -0.0015407 0.959535 -0.281586 -0.000225848 0.959519 -0.281644 -0.00285869 -0.971457 0.237197 -0.000622271 -0.971447 0.237254 0.00159439 -0.971433 0.237309 0.000250544 -0.971442 0.237276 -0.000390238 0.974519 -0.224303 -9.91052e-05 0.974523 -0.224287 0.00025112 0.974527 -0.224268 3.31832e-05 0.974525 -0.22428 -0.00311535 -0.96935 0.245665 -0.000686671 -0.969368 0.245611 0.00222293 -0.969383 0.245544 0.000453849 -0.969375 0.245585 -0.00150037 0.99657 -0.0827351 -0.000229442 0.996586 -0.0825639 0.00137213 0.996603 -0.082348 0.000173189 0.99659 -0.0825097 -0.0662674 -0.0622561 -0.995858 -0.0739127 -0.0548077 -0.995757 -0.100155 -0.0291312 -0.994545 -0.0931391 -0.0360125 -0.995002 0.00138338 -0.965421 0.260692 0.000126823 -0.96546 0.260553 -0.00128901 -0.965501 0.260395 -0.000174844 -0.965469 0.260519 -0.000335854 -0.997314 -0.0732431 -4.56855e-05 -0.997316 -0.0732186 0.000250501 -0.997318 -0.0731936 1.79719e-05 -0.997316 -0.0732132 0.0602437 -0.0670971 0.995926 0.0599259 -0.0674182 0.995924 0.0587229 -0.0686334 0.995912 0.0590408 -0.0683124 0.995915 -8.42006e-05 0.987555 0.157273 -8.36552e-06 0.987556 0.157271 7.42254e-05 0.987556 0.157269 6.96732e-06 0.987556 0.157271 -0.000352855 -0.990941 -0.134298 -7.76406e-05 -0.990942 -0.134289 0.000235334 -0.990943 -0.134279 4.06022e-05 -0.990943 -0.134285 -4.51564e-06 0.989335 0.145658 7.9097e-07 0.989335 0.145658 6.84339e-06 0.989335 0.145658 3.05676e-06 0.989335 0.145658 -0.000466559 -0.990945 -0.134269 -8.64355e-05 -0.990943 -0.134282 0.000353026 -0.990941 -0.134296 7.97822e-05 -0.990942 -0.134287 -6.86395e-06 0.989335 0.14566 -1.60993e-05 0.989335 0.14566 -2.6626e-05 0.989335 0.14566 -2.00463e-05 0.989335 0.14566 0.0730387 0.0541538 -0.995858 0.0761855 0.0509627 -0.99579 0.0880285 0.0389303 -0.995357 0.0848878 0.0421249 -0.9955 -0.00175829 -0.997325 -0.0730723 -0.000206064 -0.997317 -0.0732035 0.00157855 -0.997305 -0.0733541 0.000191039 -0.997315 -0.073237 -1.43884e-05 0.987556 0.157271 -2.71484e-06 0.987555 0.157271 8.80344e-06 0.987555 0.157271 -6.25378e-07 0.987556 0.157271 -0.167768 -0.0116868 0.985757 -0.268021 -0.104083 0.957774 -0.322922 -0.244948 0.914178 -0.283497 -0.387613 0.877146 -0.153009 0.171778 -0.973181 -0.0862016 0.108683 -0.990332 -0.00777023 0.0777504 -0.996943 0.0501062 0.0783446 -0.995666 0.0718507 0.090689 -0.993284 0.0670936 0.115227 -0.991071 0.0504727 0.147964 -0.987704 0.128364 -0.0281599 0.991327 0.102609 0.025988 0.994382 0.00394992 0.0309217 0.999514 0.485928 -0.0149913 0.87387 6.72761e-05 -0.00353689 0.999994 -0.00637175 -0.00579548 0.999963 0.385065 -0.0805943 0.919364 0.657735 -0.203602 0.725211 0.855779 0.00898351 0.517263 -0.946493 -0.298495 -0.122686 -0.999955 -0.00948342 0.000687008 -0.999972 -0.00654692 -0.00360241 -0.81338 -0.309155 -0.492784 -0.947396 0.315955 0.0511248 -0.762915 0.476997 0.436387 -0.857359 0.504801 0.100554 -0.301722 0.826638 0.475009 0.234147 0.198098 -0.951805 -0.0384397 0.0285157 -0.998854 -0.000311325 0.00809466 -0.999967 0.490683 0.0322376 -0.870742 -0.434106 -0.0456701 -0.899703 -0.487948 -0.0232893 -0.872562 -0.687914 -0.189025 -0.700745 -0.859395 -0.0275073 -0.510572 -0.952629 0.281568 -0.114972 -0.999956 -0.00938734 0.000242303 -0.999985 -0.00423102 0.00358814 -0.82398 0.301053 -0.480025 -0.947022 -0.296858 0.122572 -0.815786 -0.304242 0.491864 -0.619512 0.236759 0.748431 -0.42552 0.0461134 0.903773 -0.485831 0.00172869 0.874051 -0.856718 0.023062 0.515269 0.999655 0.026037 0.00339114 0.860767 0.0193229 -0.508633 0.860433 0.0292221 -0.508725 -0.999676 -0.0252215 0.00336074 -0.856616 -0.0242411 0.515384 -0.846878 -0.499096 -0.183578 -1 1.92169e-09 2.90724e-07 -0.808819 0.588058 0.000345843 -0.858052 0.483579 -0.17291 -0.84606 -0.500474 0.183599 -0.793328 -0.608794 -0.000563621 -0.477632 -0.0246313 0.878215 -0.847855 -0.0546777 0.527402 -0.631194 0.20976 0.746723 -0.426862 0.0286994 0.903861 0.00263455 -0.00204553 0.999994 -0.000926843 0.00868646 0.999962 -0.801057 -0.306101 0.514403 -0.999704 -0.017516 0.0168886 -0.999195 -0.0401181 -0.000431143 -0.937851 -0.321229 0.131329 -0.778222 0.475212 -0.410542 -0.956366 0.289257 -0.0411653 -0.356729 0.829442 -0.429849 -0.878174 0.471263 -0.0819884 -0.483729 -0.08232 -0.871338 0.0031317 -0.0230765 -0.999729 0.0306687 -0.0168107 -0.999388 -0.237511 -0.180826 -0.954406 0.486213 0.0649089 -0.871426 0.248077 0.178607 -0.952133 -0.35879 0.826408 0.433958 -0.781003 0.468899 0.412515 -0.958412 0.282217 0.0424153 -0.880526 0.466715 0.0827745 -0.999718 -0.0166877 -0.0169061 -0.999234 -0.0391093 -0.001361 -0.800352 -0.308611 -0.514 -0.939886 -0.316291 -0.128743 0.845072 0.0864573 0.527615 0.476291 0.0386679 0.878437 0.426319 -0.036172 0.903849 0.712544 -0.138536 0.687814 0.994546 0.103053 0.016054 0.842341 0.110685 0.527456 0.85995 0.0791692 -0.504201 -0.857299 -0.101896 -0.504635 -0.994031 -0.107919 0.0160109 -0.858869 -0.088769 -0.504444 -1 -6.90737e-12 1.10178e-05 -0.828972 -0.524257 0.194835 -0.840122 0.542395 0.00168564 -0.832434 -0.518746 -0.194826 -0.773425 -0.633882 -0.00274101 </float_array>
          <technique_common>
            <accessor count="2428" offset="0" source="#meshId0-tangents-array" stride="3">
              <param name="X" type="float" />
              <param name="Y" type="float" />
              <param name="Z" type="float" />
            </accessor>
          </technique_common>
        </source>
        <source id="meshId0-bitangents" name="meshId0-bitangents">
          <float_array id="meshId0-bitangents-array" count="7284"> 0.0009116 5.06441e-05 1 0.0179039 0.00113978 0.999839 0.0176494 0.000386125 0.999844 0.000957452 1.94491e-05 1 0.0168819 0.00640943 0.999837 0.000886132 0.000292007 1 -0.0278767 0.00743064 0.999584 0.0161532 0.000370217 0.99987 0.0170542 0.00600538 0.999837 0.0134952 -0.0125317 0.99983 0.0154731 0.00459944 0.99987 0.0446712 -0.022571 0.998747 0.0372204 -0.0142865 0.999205 0.516264 -0.212787 0.829574 0.0871486 -0.0673072 0.993919 0.00182022 0.000133653 0.999998 0.00428404 -0.00111137 0.99999 0.000510773 -0.000198003 1 0.0022168 3.39697e-05 0.999998 -0.0256633 0.00596575 0.999653 -0.049443 0.0113856 0.998712 0.00259101 0.00110003 0.999996 -0.164845 -0.0358284 0.985668 0.0043974 -0.0513438 0.998671 -0.160979 0.00251813 0.986955 -0.216887 0.119303 0.968879 -0.324498 0.165275 0.931335 0.00910959 -0.00594517 0.999941 -0.00137687 0.000680924 0.999999 -0.108383 0.0640901 0.992041 0.038723 -0.00191283 0.999248 0.613175 -0.156674 0.774255 0.0414027 0.0137873 0.999047 0.684726 0.0221096 0.728466 -0.592908 -0.115786 0.796903 -0.681732 0.0284938 0.731047 0.000284172 0.000390329 1 -8.901e-05 -0.000190934 1 0.00111114 0.000958535 0.999999 0.0125562 0.00899311 0.999881 0.0172456 0.0104658 0.999797 0.888107 0.141968 0.437163 0.998664 0.0162134 0.0490727 0.998966 0.015182 0.0428543 0.894223 0.151515 0.421198 0.108757 -0.820644 0.560995 0.0284698 -0.135021 0.990434 0.0994773 -0.0987584 0.990127 0.297973 -0.690242 0.659377 0.0589471 0.00745212 0.998233 0.0265517 -0.00919056 0.999605 0.0271753 0.00587079 0.999613 0.055969 0.0206473 0.998219 0.00189235 0.16482 0.986322 0.00386263 0.16579 0.986153 -0.0260484 0.325752 0.945096 -0.0522196 0.30696 0.950289 0.0314818 0.891638 -0.451652 0.00604024 -0.00455425 -0.999971 0.0354701 -0.0168635 -0.999229 0.13335 0.846043 -0.516167 -0.0656655 0.476243 0.876859 -0.0990022 0.429968 0.8974 0.899313 0.00508709 0.437276 0.999039 -0.000391026 0.0438316 0.00646188 -0.00318397 -0.999974 0.0351263 -0.0142282 -0.999282 0.00716942 0.013917 -0.999877 0.0381501 0.00287379 -0.999268 0.00686133 0.00141951 -0.999976 0.0357654 -0.0057838 -0.999343 2.13339e-05 -0.0129571 0.999916 2.15995e-05 0.00229233 0.999997 -3.42529e-06 0.327172 0.944965 2.40925e-06 0.479609 0.877483 -2.40468e-06 0.164144 0.986436 1 -5.0418e-09 2.41691e-07 1 -3.17709e-07 4.45482e-07 0.9988 -0.00527331 -0.0486909 0.99888 0.00173772 -0.0472762 -3.06846e-06 0.0144987 -0.999895 -1.20308e-05 0.00141656 -0.999999 2.08059e-06 -0.0040993 -0.999992 8.51169e-07 -0.00275057 -0.999996 -7.6929e-10 0.890168 -0.455633 1 -3.61408e-06 1.03858e-06 1 1.38006e-05 -4.55171e-06 1 1.58716e-05 -1.0876e-05 3.81489e-06 -0.137108 0.990556 2.37653e-06 -0.822963 0.568095 -0.0561977 0.273004 0.96037 -0.11055 0.364035 0.924801 0.353149 -0.467183 0.810572 0.11751 -0.0460253 0.992005 0.0675186 0.0452518 0.996691 0.0641088 0.0561739 0.996361 0.796692 -0.300995 0.524103 0.697714 -0.324349 0.638744 0.00531495 0.16631 0.986059 0.0503141 -0.0371923 -0.998041 0.0502232 -0.0344176 -0.998145 0.0459318 -0.0530769 -0.997534 0.0477216 -0.0543385 -0.997382 -0.890664 0.0514438 0.451741 -0.842484 -0.0986855 0.529605 0.285552 0.640345 -0.713035 -0.276322 0.0350569 0.960426 -0.288973 0.0232805 0.957054 -0.591693 0.175989 0.786719 -0.500823 0.248659 0.829063 0.890882 0.0150789 -0.453985 0.880757 0.0835756 -0.466136 0.997721 0.0118293 -0.066426 -0.228167 0.922498 0.311349 -0.358883 0.800215 0.480478 -0.269892 0.723021 0.635924 -0.186875 0.831615 0.522967 0.879514 -0.0499386 -0.473246 4.19105e-06 0.856816 0.515622 -0.360939 0.310364 0.87943 -0.613679 0.439324 0.656043 1 1.71638e-06 7.74858e-07 6.1379e-06 0.952046 0.305954 -0.780337 0.306038 0.545357 0.448236 0.203502 0.870443 0.665217 0.231012 0.710014 0.90219 0.10385 0.418651 -0.199979 -0.483447 -0.852225 0.0590637 -0.0473438 -0.997131 0.0585674 -0.0140686 -0.998184 -0.179942 -0.643064 -0.744372 0.0161069 0.00196643 -0.999868 -0.069874 -0.769506 -0.634806 0.998449 -0.0134827 0.0540235 0.856228 -0.14085 0.497026 0.0369454 -0.00530287 -0.999303 0.0505293 -0.0352167 -0.998102 0.00712055 0.00236327 -0.999972 2.97168e-06 0.00270747 -0.999996 0.00599846 0.00467015 0.999971 1.53183e-05 0.00357859 -0.999994 1.41753e-05 -0.766479 -0.64227 1 -2.81253e-08 1.22811e-07 -0.000910657 7.66305e-05 1 -0.000957593 1.3626e-05 1 -0.0176495 0.000386721 0.999844 -0.0179038 0.00116366 0.999839 -0.000880516 0.00034108 0.999999 -0.0168818 0.00640924 0.999837 -0.0161555 0.000373815 0.999869 0.0278809 0.00737402 0.999584 -0.0170583 0.00599736 0.999837 -0.0154725 0.00462858 0.99987 -0.0129917 0.0369693 0.999232 -0.0447029 -0.0224313 0.998749 -0.0871365 -0.0673148 0.99392 -0.516274 -0.212782 0.829569 -0.037219 -0.0143058 0.999205 -0.00428366 -0.00111547 0.99999 -0.00182029 0.000130624 0.999998 -0.000510979 -0.000199067 1 -0.00221654 4.38388e-05 0.999998 0.0256625 0.00595306 0.999653 0.0494375 0.0114259 0.998712 -0.00259501 0.00106882 0.999996 0.164855 -0.0358227 0.985667 0.160986 0.00250765 0.986954 -0.00476079 0.0547395 0.998489 0.324485 0.165288 0.931337 0.216972 0.119218 0.968871 -0.00910392 -0.00595029 0.999941 0.00142678 0.000638431 0.999999 0.108429 0.0640476 0.992039 -0.61317 -0.156679 0.774257 -0.0387147 -0.00171172 0.999249 -0.684718 0.0220858 0.728473 -0.0414117 0.0137115 0.999048 0.592908 -0.11578 0.796903 0.681734 0.0284814 0.731046 -0.000326487 0.000361341 1 0.000157425 -0.000143647 1 -0.00111168 0.000960833 0.999999 -0.0125547 0.00899434 0.999881 -0.0172164 0.0104841 0.999797 0.888108 -0.141953 -0.437167 0.894222 -0.151499 -0.421206 0.998966 -0.0151667 -0.0428641 0.998664 -0.0161929 -0.0490794 -0.108749 -0.820646 0.560994 -0.297997 -0.690235 0.659374 -0.0994994 -0.0987509 0.990125 -0.0284825 -0.135021 0.990433 -0.026571 -0.00918849 0.999605 -0.0589681 0.00745895 0.998232 -0.0559674 0.0206472 0.998219 -0.0271917 0.0058728 0.999613 -0.00384164 0.165785 0.986154 -0.00187741 0.16482 0.986322 0.0522594 0.306944 0.950292 0.0260636 0.325749 0.945097 -0.0314723 0.891638 -0.451654 -0.133347 0.846049 -0.516158 -0.0355114 -0.0168728 -0.999227 -0.0060065 -0.00455537 -0.999972 0.0989833 0.429974 0.897399 0.0656375 0.476247 0.876858 0.99904 0.00032914 -0.0438154 0.899307 -0.00500716 -0.437289 -0.0351204 -0.0142268 -0.999282 -0.00646136 -0.0031845 -0.999974 -0.0381222 0.0028784 -0.999269 -0.00716856 0.013916 -0.999878 -0.0357146 -0.0057739 -0.999345 -0.0067958 0.0014204 -0.999976 0.99888 -0.00172462 0.047275 0.9988 0.00528307 0.0486868 0.0562331 0.272974 0.960377 0.110549 0.364035 0.924801 -0.353242 -0.467069 0.810597 -0.117524 -0.0460147 0.992003 -0.0675566 0.0452861 0.996687 -0.0641131 0.0561784 0.99636 -0.796676 -0.301034 0.524105 -0.697697 -0.324381 0.638746 -0.0053144 0.16631 0.986059 -0.0502734 -0.0371663 -0.998044 -0.0502684 -0.034449 -0.998142 -0.0459367 -0.0530807 -0.997533 -0.0478858 -0.0544468 -0.997368 0.890667 0.0514429 0.451736 0.842495 -0.0986644 0.529592 -0.285621 0.640264 -0.713079 0.276302 0.0350821 0.96043 0.591702 0.175968 0.786717 0.288975 0.0232681 0.957054 0.50083 0.248656 0.829059 0.997721 -0.0118309 0.0664277 0.880763 -0.0836505 0.466111 0.890884 -0.0150858 0.45398 0.228138 0.922505 0.31135 0.186865 0.831617 0.522966 0.269927 0.723002 0.63593 0.35887 0.80023 0.480463 0.879521 0.0499631 0.473231 0.613685 0.439319 0.65604 0.360979 0.310343 0.879421 0.780349 0.306022 0.54535 -0.902191 0.103805 0.41866 -0.665278 0.230927 0.709984 -0.448265 0.203441 0.870443 0.199913 -0.48349 -0.852216 0.179931 -0.643064 -0.744375 -0.0586329 -0.0140791 -0.99818 -0.0590747 -0.0473518 -0.99713 -0.0161968 0.00196478 -0.999867 0.0698082 -0.769516 -0.634801 0.998444 0.0133482 -0.0541343 0.856246 0.140916 -0.496976 -0.0505298 -0.0352173 -0.998101 -0.0369835 -0.00530976 -0.999302 -0.00715411 0.00236286 -0.999972 -0.00599378 0.00467346 0.999971 -0.736558 -0.676282 -0.0111407 -0.736582 -0.676261 -0.0108358 -0.736591 -0.676254 -0.01073 -0.736567 -0.676274 -0.0110277 0.948009 0.228922 -0.221074 0.94864 0.22961 -0.217627 0.948923 0.229923 -0.216057 0.948303 0.229241 -0.219479 0.948322 -0.283314 -0.14289 0.950396 -0.282112 -0.130993 0.951323 -0.281533 -0.125397 0.9493 -0.282763 -0.137386 0.730125 -0.67929 -0.0740504 0.732735 -0.678539 -0.0518044 0.733646 -0.678158 -0.0431962 0.731136 -0.679051 -0.0658052 0.418976 -0.904959 0.0742152 0.459188 -0.888325 0.00502151 -0.00312973 -0.999935 0.0109657 0.0269247 -0.997315 0.0681024 -0.475309 -0.879806 -0.00487438 -0.462231 -0.886247 0.0301681 -0.849943 -0.52603 -0.0298388 -0.841761 -0.536983 -0.0555601 -0.998373 -0.00030918 -0.0570234 -0.986502 -0.0243979 -0.161921 -0.848018 0.524186 -0.0780663 -0.837517 0.486714 -0.248343 0.838792 -0.538733 -0.07871 0.850306 -0.526141 -0.012469 0.475339 -0.879797 0.00297021 0.459292 -0.888158 -0.0150051 0.00313226 -0.99995 0.00950175 -0.0263346 -0.999643 -0.00453852 -0.459189 -0.888338 0.000874033 -0.406936 -0.911959 -0.0522877 -0.471592 -0.881817 -0.000450792 -0.848685 -0.528898 -0.000436201 -0.846906 -0.531739 -0.00189444 -1 -5.1177e-06 -0.000418837 -0.999998 -5.03187e-06 -0.00196391 -0.848681 0.528905 -0.000406058 -0.846902 0.531745 -0.00196297 0.846904 -0.531746 -0.000280213 0.848681 -0.528905 0.000407459 0.471592 -0.881817 0.000425998 -0.000154703 -1 0.000513065 -0.471834 -0.881687 0.000587353 -0.848766 -0.528768 0.000610222 -1 9.62907e-06 0.000730849 -0.84877 0.528761 0.000839014 0.848771 -0.528761 -0.000486735 0.471836 -0.881686 -0.000478446 0.000150626 -1 -0.000464896 -0.100145 -0.994875 0.0139539 -0.0331048 -0.999286 -0.0182079 -0.0143323 -0.999557 -0.0260695 -0.113253 -0.99343 0.0164789 -0.093927 -0.995579 0.000719723 -0.038066 -0.999274 -0.00166683 -0.102584 -0.99466 -0.0112799 -0.0366202 -0.999225 0.0144616 -0.128672 -0.991619 0.0116536 -0.00736756 -0.999971 0.00202113 -0.00558263 -0.999974 -0.00457011 -0.122781 -0.992434 0.000409253 -0.122108 -0.992358 0.0177324 -0.00333779 -0.999984 -0.00461097 -0.111517 -0.993585 0.0187658 -0.0119592 -0.999858 -0.0119112 -0.100145 -0.994892 0.0126887 -0.0274986 -0.999586 -0.00848308 -0.100282 -0.994959 -0.000564654 -0.0329475 -0.999453 0.00278785 -0.117278 -0.993094 -0.00308451 -0.0366624 -0.999128 0.0199843 -0.122907 -0.992417 0.00154739 -0.00175145 -0.999985 -0.00528205 0.0131956 -0.999889 -0.00687224 -0.109537 -0.993951 -0.00799917 -0.12206 -0.992479 0.00932095 -0.00468742 -0.999873 -0.0152502 -0.740017 -0.672588 -2.51308e-05 -0.740122 -0.672471 -0.00157119 -0.740159 -0.672429 -0.00213216 -0.740053 -0.672548 -0.000552416 0.950461 0.230329 0.20874 0.950238 0.23008 0.210026 0.950141 0.229971 0.210585 0.950366 0.230223 0.209287 0.952085 -0.279536 0.12407 0.951225 -0.280073 0.129347 0.950857 -0.280295 0.131553 0.95172 -0.279767 0.126334 0.735914 -0.675391 0.0477154 0.734716 -0.675818 0.0588295 0.734314 -0.675937 0.0623803 0.735503 -0.675551 0.051627 0.00344051 -0.99874 -0.0500683 -0.00274287 -0.999867 -0.016085 0.458236 -0.888814 -0.00538733 0.400443 -0.91371 -0.0691343 -0.493334 -0.869356 -0.0290136 -0.475534 -0.879652 -0.00895238 -0.862569 -0.505937 -0.00153918 -0.850592 -0.525796 0.00563333 -0.99965 -0.00101519 0.0264137 -0.99974 -7.53762e-05 0.0227881 -0.859029 0.509438 0.0504315 -0.850101 0.525298 0.0372886 0.497135 -0.867621 0.00951292 0.475505 -0.879549 -0.0169958 0.850604 -0.525731 -0.00892274 0.858949 -0.5119 0.0128554 0.00393746 -0.999991 0.00144774 0.00272884 -0.999786 -0.0205086 -0.419021 -0.907402 0.0323076 -0.458227 -0.888792 -0.00882305 -0.846905 -0.531744 0.000996201 -0.999999 -3.43743e-06 0.00109414 -0.846899 0.531752 0.00110371 0.846899 -0.531752 0.00118477 -0.236068 -0.967702 -0.0884624 -0.32521 -0.941327 -0.0902342 -0.523107 -0.810168 -0.264549 -0.350146 -0.905662 -0.239113 -0.583106 -0.64989 -0.487474 -0.367925 -0.838456 -0.402023 -0.497481 -0.505528 -0.70495 -0.339036 -0.760207 -0.554202 0.385467 -0.897242 -0.21534 0.617688 -0.767673 -0.170705 0.381261 -0.924024 0.0286247 0.261821 -0.964044 -0.0454896 0.0281424 -0.991592 0.126309 0.0299871 -0.999126 0.0291312 -0.371789 -0.924035 0.0890594 -0.209944 -0.976184 -0.0546675 -0.737266 -0.674957 -0.0295314 -0.401584 -0.894785 -0.195168 -0.880721 -0.355958 -0.312449 -0.861703 -0.452042 -0.230489 -0.773125 -0.0577101 -0.631623 -0.784945 -0.184945 -0.591317 0.345697 -0.907879 -0.237171 0.548919 -0.790607 -0.271345 0.30914 -0.947799 -0.0781597 0.204215 -0.976665 -0.0664974 -0.0223327 -0.999649 -0.0142505 -0.0277497 -0.99957 -0.00944753 -0.469857 -0.877999 -0.0913932 -0.812197 -0.533216 -0.23668 -0.779377 -0.577077 -0.244036 -0.911589 -0.122507 -0.392426 -0.880898 -0.180798 -0.437413 -0.797169 0.284307 -0.532627 -0.758059 0.206928 -0.618488 0.839709 -0.539283 -0.063739 0.86784 -0.496501 -0.0184787 0.500509 -0.862108 0.079121 0.02956 -0.991115 0.129682 -0.452493 -0.888676 0.0742016 -0.817266 -0.571997 -0.0699664 -0.957458 -0.119441 -0.262693 -0.825175 0.342452 -0.449237 0.794546 -0.590079 -0.143191 0.434446 -0.900074 -0.0335303 -0.0285054 -0.999454 -0.0167088 -0.680671 -0.68229 -0.266773 -0.405337 -0.909761 -0.0896546 -0.776188 -0.376636 -0.505645 -0.6527 -0.0957077 -0.751547 0.449902 -0.891054 0.060101 0.762709 -0.634652 -0.124468 0.0209065 -0.989856 0.140525 -0.43103 -0.898083 0.0875258 -0.781713 -0.6178 -0.0851299 -0.914416 -0.22789 -0.33453 -0.79166 0.16092 -0.589389 0.393618 -0.917363 -0.0592476 0.720156 -0.660758 -0.211601 -0.0182951 -0.999698 -0.0163851 -0.0173598 -0.999573 0.0235023 -0.00034991 -0.999865 0.0164131 -0.0135018 -0.999901 0.00401041 -0.118263 -0.99265 -0.0257008 -0.200261 -0.972826 -0.116213 -0.042029 -0.998969 0.017134 -0.22314 -0.947946 -0.227171 -0.0565435 -0.998368 -0.00803023 -0.187429 -0.927774 -0.322654 -0.0283069 -0.999293 -0.0247344 0.172255 -0.97608 -0.132651 0.112505 -0.993026 -0.0352437 -0.00120251 -0.999953 -0.00964727 0.000592282 -0.999971 -0.007538 0.0136749 -0.999833 0.0121052 0.000350017 -0.999979 -0.00652555 -0.0553783 -0.998465 -0.00032985 0.000607458 -0.999993 -0.00369882 -0.00423007 -0.998217 -0.0595312 0.0131268 -0.999877 -0.00861609 0.0498393 -0.997753 -0.0447855 0.00809596 -0.999967 2.28457e-05 0.020921 -0.99853 -0.0500083 0.00578086 -0.99998 0.00262746 0.0878241 -0.996067 -0.0116903 0.0552927 -0.99847 -0.000484269 0.00639296 -0.999941 0.00879674 0.0150676 -0.999853 0.00814964 -0.0194832 -0.999807 0.00231327 -0.0207391 -0.999784 0.00153029 -0.0211105 -0.999777 3.41522e-05 -0.0205841 -0.999787 -0.00135587 -0.0227285 -0.999738 -0.00264082 -0.020383 -0.999785 -0.00390874 -0.0181469 -0.999823 -0.0049965 -0.016049 -0.999864 -0.00379049 -0.0147853 -0.999888 -0.00205148 -0.0138495 -0.999904 -4.25781e-05 -0.0153228 -0.999881 0.00167441 -0.0157362 -0.999875 0.00142889 -0.0167887 -0.999856 0.00249621 -0.0181984 -0.999831 0.00269236 0.059536 -0.88931 -0.453413 0.104045 -0.913467 -0.393387 -0.365333 -0.899204 0.240756 -0.509304 -0.833267 0.215116 -0.334486 -0.938135 0.0895663 -0.235979 -0.968343 0.0814033 -0.376532 -0.827588 0.41632 -0.581291 -0.682422 0.443171 -0.314321 -0.757451 0.57225 -0.499716 -0.540091 0.677189 0.201259 -0.97692 0.0715758 0.306795 -0.95062 0.0468969 0.50083 -0.836408 0.222693 0.362024 -0.902005 0.235213 -0.00852603 -0.999963 0.00142442 0.011973 -0.999323 -0.0347937 -0.189157 -0.981068 0.0415327 -0.317583 -0.94787 0.0261304 -0.27635 -0.942644 0.187223 -0.591593 -0.782321 0.194913 -0.611453 -0.744605 0.267747 -0.784802 -0.482217 0.389298 -0.0240705 -0.905926 0.422751 0.00752307 -0.772525 0.634939 -0.0216556 -0.779146 0.626468 -0.0303179 -0.938376 0.344284 0.286212 -0.955784 0.0675248 0.368687 -0.928263 0.0489669 0.582917 -0.773339 0.249309 0.380124 -0.911228 0.158648 0.0553322 -0.998454 -0.00523644 -0.0144688 -0.998806 -0.0466589 -0.573427 -0.81655 0.066539 -0.866697 -0.482984 0.12475 -0.858284 -0.500383 0.113861 -0.0221569 -0.998562 0.0488216 0.517045 -0.853932 0.0588597 0.855128 -0.515265 0.0570883 -0.999826 -0.000416142 0.0186534 -0.856759 0.514095 0.0408842 -0.868071 -0.49641 -0.0055318 -0.495079 -0.867858 -0.0414638 0.0259364 -0.996642 -0.0776711 0.531777 -0.84273 -0.0837872 0.879072 -0.47393 -0.0512047 0.864902 -0.494571 -0.0856979 -0.980198 -0.0188797 0.197118 -0.859079 0.445259 0.252446 -0.853577 0.482772 0.195802 -0.98666 -0.00829478 0.162582 -0.546539 -0.830417 0.108175 -0.0149438 -0.999727 -0.017985 -0.0516714 -0.99751 -0.0479938 -0.456548 -0.88286 0.110104 -0.643702 -0.722305 0.252829 -0.770803 -0.589681 0.24112 -0.726224 -0.461811 0.509243 -0.861639 -0.223843 0.455491 -0.633091 -0.188692 0.750727 -0.755889 0.150537 0.637159 0.408489 -0.912763 0.00107285 0.677047 -0.706343 0.20661 0.49071 -0.870953 -0.0254011 0.81049 -0.567377 0.145568 0.0205577 -0.995778 -0.0894604 0.0196265 -0.994712 -0.100812 -0.404555 -0.913029 -0.0520914 -0.471961 -0.879078 -0.0668923 -0.760175 -0.64294 0.0936087 -0.838328 -0.543487 0.0427574 -0.918266 -0.232122 0.32079 -0.980383 -0.0747864 0.182362 -0.800413 -0.0699812 0.595351 -0.800248 0.161363 0.577551 -0.824583 0.439342 0.356429 0.423471 -0.903854 0.0609951 0.682411 -0.693404 0.231314 0.495952 -0.865041 0.0757407 0.772705 -0.618078 0.144591 -0.0231056 -0.999018 -0.0377991 -0.0597441 -0.997887 -0.0255517 -0.215766 -0.954657 0.205123 -0.180777 -0.98191 0.0563205 0.0119494 -0.999877 -0.0101249 -0.00152934 -0.99944 -0.0334364 -0.0606501 -0.998151 0.00401582 -0.196988 -0.937732 0.286103 -0.0759979 -0.995919 0.0486726 -0.181424 -0.897278 0.402465 0.0044366 -0.99999 -0.000323303 0.00448497 -0.999988 0.00175287 0.11443 -0.991818 0.0565887 0.227185 -0.957959 0.175221 0.00373971 -0.999992 -0.00146959 -0.0303688 -0.999539 0.000294011 -0.00583836 -0.999965 -0.00600564 -0.07415 -0.997245 -0.00214452 -0.0191728 -0.999812 -0.00286773 -0.0399344 -0.998914 0.0240005 -0.00937139 -0.999925 0.00787659 -0.031519 -0.997564 0.0622234 -0.0365432 -0.998981 0.0264819 -0.100097 -0.987018 0.125605 0.0301897 -0.999497 -0.00969177 0.0128645 -0.999467 -0.0300077 0.0812572 -0.996348 -0.026239 0.118513 -0.992934 0.00601178 0.314578 -0.949173 0.0105264 0.314588 -0.949166 0.0109137 0.314588 -0.949165 0.0109272 0.314578 -0.949173 0.0105421 0.940956 0.126434 -0.314032 0.940959 0.121746 -0.31587 0.940957 0.120989 -0.316166 0.940959 0.125584 -0.314366 0.950543 0.0636058 -0.304011 0.950542 0.067221 -0.303236 0.950536 0.0689802 -0.302857 0.950544 0.0642421 -0.303875 0.992016 0.0568722 -0.112558 0.992183 0.023097 -0.122637 0.992025 0.0143466 -0.125222 0.992179 0.0480268 -0.115213 0.991551 -0.0158838 -0.12874 0.991713 0.0247503 -0.126066 0.99155 0.0327835 -0.125513 0.991725 -0.00713972 -0.128183 0.998894 -0.00936974 0.0460722 0.998894 -0.00958746 0.0460278 0.998894 -0.00962812 0.0460195 0.998894 -0.00943626 0.0460586 0.989589 -0.0544796 0.133215 0.989764 -0.00155515 0.142707 0.989557 0.00594602 0.144018 0.989819 -0.0455415 0.134847 0.99992 0.00239835 -0.0124547 0.99992 0.000123929 -0.01262 0.99992 -0.000101041 -0.0126364 0.99992 0.00171882 -0.0125041 -0.674792 -0.737995 0.00435308 -0.674302 -0.738447 -0.00342071 -0.674254 -0.738488 -0.00415603 -0.67476 -0.738027 0.00381954 0.926518 -0.106717 0.360799 0.926535 -0.124234 0.355104 0.926503 -0.127541 0.354013 0.926547 -0.11022 0.359671 0.995144 0.00722766 -0.0981688 0.995144 0.00566112 -0.0982634 0.995144 0.00541317 -0.0982784 0.995144 0.00690977 -0.098188 0.714873 -0.699249 -0.00281177 0.714973 -0.699139 -0.00442876 0.714978 -0.699132 -0.00451966 0.714879 -0.699243 -0.00290268 0.99965 -0.00412424 0.0261395 0.99965 -0.00389318 0.0261767 0.99965 -0.0038561 0.0261827 0.99965 -0.00408311 0.0261461 0.99899 0.00688996 -0.0444074 0.99899 0.00565716 -0.0445702 0.99899 0.00548914 -0.0445924 0.99899 0.00665138 -0.0444389 0.999944 -0.00120419 0.0105478 0.999944 -0.00130925 0.0105323 0.999944 -0.00132366 0.0105302 0.999944 -0.00122458 0.0105448 0.99899 -0.00564009 0.0445846 0.99899 -0.00607928 0.0445266 0.99899 -0.00613911 0.0445187 0.99899 -0.00572382 0.0445735 0.999944 0.00175246 -0.0104684 0.999944 0.00142197 -0.0105172 0.999944 0.00137672 -0.0105239 0.999944 0.00168887 -0.0104778 -0.714339 -0.699778 0.00544495 -0.714382 -0.699739 0.00481821 -0.714384 -0.699737 0.00478275 -0.714342 -0.699776 0.0054095 0.995144 -0.00452081 0.0983298 0.995143 -0.00740182 0.0981558 0.995143 -0.00783937 0.0981294 0.995144 -0.00500073 0.0983008 0.99965 0.00400063 -0.0261572 0.99965 0.0040359 -0.0261515 0.99965 0.00404169 -0.0261506 0.99965 0.00400798 -0.026156 0.765896 -0.642652 -0.0200411 0.766078 -0.642505 -0.0176498 0.766137 -0.642456 -0.0168675 0.765952 -0.642608 -0.0193139 0.978531 0.0245604 0.204632 0.978603 0.0370745 0.202392 0.978551 0.0465826 0.200668 0.978602 0.0352373 0.202723 0.992268 0.02538 0.121489 0.992269 0.0244315 0.121679 0.992269 0.0238702 0.121791 0.992269 0.0244859 0.121668 0.998951 0.0150969 0.0432218 0.998954 0.0126358 0.0439443 0.998953 0.0113843 0.0443116 0.998954 0.0133185 0.0437439 0.999664 -0.0034301 -0.025674 0.999668 -0.00636739 -0.0249567 0.999667 -0.00763689 -0.0246466 0.999668 -0.00554283 -0.0251581 0.998401 -0.0130578 -0.0550072 0.998401 -0.012586 -0.0551158 0.998401 -0.0123431 -0.0551717 0.998401 -0.0127334 -0.0550819 0.999721 0.00886857 0.0218799 0.999726 0.00528431 0.0227882 0.999724 0.00350775 0.0232382 0.999726 0.00642967 0.022498 0.990976 -0.0125703 -0.133446 0.990978 -0.0109015 -0.133584 0.990977 -0.00970595 -0.133683 0.990978 -0.011303 -0.133551 -0.716614 -0.697458 -0.0040241 -0.713614 -0.699309 -0.0415059 -0.712661 -0.69963 -0.0513123 -0.715865 -0.698085 -0.0146754 0.993401 -0.0312356 -0.110356 0.993402 -0.0296834 -0.110775 0.993401 -0.0285734 -0.111075 0.993402 -0.0299839 -0.110694 0.996435 0.00657637 -0.0841048 0.996435 0.00622855 -0.0841303 0.996435 0.00599997 -0.0841471 0.996435 0.00629113 -0.0841257 0.70344 -0.710734 -0.00534178 0.703543 -0.710618 -0.00705363 0.703569 -0.710587 -0.00750595 0.703468 -0.710704 -0.0057941 0.999689 -0.00392062 0.024642 0.999689 -0.00394995 0.0246374 0.999689 -0.00397158 0.0246339 0.999689 -0.00394501 0.0246382 0.999464 0.00465211 -0.032396 0.999464 0.00433807 -0.0324386 0.999464 0.00418264 -0.0324596 0.999464 0.00443244 -0.0324258 0.999952 -0.00156128 0.00969282 0.999952 -0.00150437 0.0097012 0.999952 -0.00147591 0.00970539 0.999952 -0.00152139 0.00969869 0.999464 -0.00386205 0.0325113 0.999464 -0.00451291 0.0324231 0.999464 -0.00483842 0.032379 0.999464 -0.00431489 0.0324499 0.999952 0.00137037 -0.00972104 0.999952 0.0014056 -0.00971585 0.999952 0.00142319 -0.00971326 0.999952 0.00139505 -0.0097174 -0.702245 -0.71182 0.0128027 -0.700911 -0.712633 0.0296187 -0.700524 -0.712815 0.0340803 -0.70191 -0.712056 0.0172661 0.996434 -0.0044277 0.0842537 0.996436 -0.00635924 0.084112 0.996435 -0.00773406 0.084011 0.996436 -0.00596575 0.0841409 0.999689 0.00388764 -0.0246458 0.999689 0.00389004 -0.0246454 0.999689 0.00389168 -0.0246452 0.999689 0.00388967 -0.0246455 -0.588863 -0.803127 0.0907026 -0.840511 -0.511141 0.179657 -0.946433 -0.0833991 0.311945 -0.835243 0.349611 0.42443 0.868664 -0.492914 0.0495883 0.532711 -0.845027 -0.046351 0.0349568 -0.996384 -0.0774393 -0.484242 -0.873805 -0.0444307 -0.862078 -0.506519 0.0160891 -0.997745 -0.0080471 0.0666345 -0.830073 0.543705 0.123953 0.821649 -0.562786 0.0903601 0.527945 -0.845823 0.0765399 -0.0221598 -0.999279 0.0308138 -0.0039243 -0.999805 -0.0193332 0.754274 -0.601505 0.263178 0.793302 -0.608768 -0.00857407 -0.0162176 -0.999862 -0.00355002 -0.00939988 -0.999954 0.00186071 0.682833 -0.56762 0.459941 0.0550014 0.523993 -0.849945 0.266145 0.951025 -0.157223 0.00651493 0.99992 -0.0108027 0.00623509 0.597185 -0.802079 -0.399688 0.878541 -0.261563 -0.120638 0.500385 -0.857357 -0.389735 0.561614 -0.72986 -0.0670977 0.303133 -0.950583 -0.827468 -0.55454 0.0882132 -0.0463426 -0.998868 -0.01073 -0.0386172 -0.999222 -0.00806412 -0.807898 -0.587371 -0.0479057 -0.0419534 -0.999115 0.00317759 -0.740144 -0.587432 -0.327276 -0.0363941 -0.99931 -0.00742707 -0.661059 -0.561904 -0.497256 0.0514622 -0.521725 -0.85156 0.246919 -0.95326 -0.174145 -0.00417452 -0.999933 -0.0107947 -0.00542861 -0.598129 -0.801382 -0.262295 -0.952581 -0.154241 -0.0549175 -0.525668 -0.848915 0.718339 -0.555354 -0.419011 0.0180794 -0.99973 0.0145924 -0.010411 -0.999916 0.00772838 0.73123 -0.605843 -0.31346 -0.0259965 -0.999603 0.0108709 -0.0294422 -0.999497 0.0117998 -0.0378537 -0.99926 0.00682802 -0.0251298 -0.999625 -0.0108675 -0.0222796 -0.999705 -0.00968547 2.5779e-06 0.345279 -0.9385 -9.23017e-06 4.7577e-07 -1 9.33267e-06 0.000578918 -1 -3.42578e-05 -0.336609 -0.941645 -3.29912e-05 -0.344542 -0.938771 -9.61832e-06 0.000915436 -1 -0.096483 -0.995031 0.0245827 0.710637 -0.628796 -0.315612 0.69636 -0.577399 -0.426255 -0.0747886 -0.997056 0.0169153 -0.111192 -0.993761 0.00874587 0.773419 -0.633895 0.000685514 -0.287612 -0.950506 -0.117548 -0.0602795 -0.523703 -0.849766 -0.0240488 -0.590065 -0.806998 -0.0173699 -0.999809 -0.00893272 0.110049 -0.487295 -0.866275 0.380518 -0.876916 -0.29364 0.0617628 -0.281598 -0.957543 0.356443 -0.546137 -0.758078 -0.142498 -0.989691 0.0143718 -0.84768 -0.518372 -0.112826 -0.83957 -0.542135 0.0348147 -0.13295 -0.99085 0.0232403 -0.847073 -0.516875 0.123721 -0.134071 -0.990971 0.000979714 -0.35445 0.550755 -0.755669 -0.0612103 0.285 -0.956571 -0.104922 0.486628 -0.867286 -0.374891 0.880279 -0.290802 0.0218452 0.584772 -0.810903 0.0165439 0.999822 -0.00912446 0.05871 0.520936 -0.851574 0.289691 0.949684 -0.119075 -0.101677 -0.994817 5.58384e-05 0.615826 -0.593474 0.518215 0.715034 -0.625554 0.312103 -0.103113 -0.994595 -0.0121494 -0.102893 -0.994636 0.0105516 -0.122284 -0.992411 0.0129406 -0.10488 -0.994224 0.022779 -0.124495 -0.992159 -0.0110506 -0.107751 -0.994123 -0.010424 -0.113072 -0.993428 -0.0177671 5.47618e-05 -0.34842 -0.937339 3.30031e-05 3.94035e-07 -1 5.30034e-05 0.00302549 -0.999995 -4.33773e-05 0.351463 -0.936202 -5.8539e-05 0.00425232 -0.999991 1 -0 0 1 -0 0 1 0 0 1 0 0 -1 -0 0 -1 -0 0 -1 -0 0 -1 -0 0 -1 0 0 -1 0 0 -1 0 0 -1 0 0 -1 0 0 -1 0 0 -1 0 0 -1 0 0 -1 0 -0 -1 0 -0 -1 0 -0 -1 0 -0 -1 0 0 -1 0 0 -1 0 0 -1 0 0 1 -0 0 1 -0 0 1 0 0 1 0 0 -1 -0 0 -1 -0 0 -1 -0 0 -1 -0 0 -1 0 0 -1 0 0 -1 0 0 -1 0 0 -1 0 0 -1 0 0 -1 0 0 -1 0 0 -1 0 -0 -1 0 -0 -1 0 -0 -1 0 -0 -1 0 0 -1 0 0 -1 0 0 -1 0 0 -0.0167688 -0.999859 -0 -0.500018 -0.866015 -0 -0.500018 -0.866015 -0 -0.0167688 -0.999859 -0 -0 -1 -0 -0 -1 -0 0.500018 -0.866015 0 0.500018 -0.866015 0 -0.500018 0.866015 0 -0.866025 0.5 -5.48849e-08 -0.866025 0.5 -2.373e-07 -0.500018 0.866015 -1.48062e-07 -1 -0 -2.18532e-07 -1 -0 -1.6433e-07 -0.866029 -0.499995 -1.62586e-07 -0.866029 -0.499995 -3.70151e-08 -0.499999 -0.866026 -3.98729e-10 -0.499999 -0.866026 -7.44296e-08 -0.499999 -0.866026 0 1.53404e-08 -1 0 1.53404e-08 -1 0 -0.499999 -0.866026 0 0.499999 -0.866026 0 0.499999 -0.866026 0 0.0167688 -0.999859 0 0.0167688 -0.999859 0 0.979492 -0.201481 -1.1798e-07 0.979492 -0.201481 -3.08101e-10 1 2.99608e-10 -0 1 2.99608e-10 5.41153e-08 0.979491 0.201486 1.29283e-07 0.979491 0.201486 1.07024e-07 0.0046375 -0.999989 0 0.0046375 -0.999989 0 -0.00463864 -0.999989 -0 -0.00463864 -0.999989 -0 0.0046375 -0.999989 0 0.0046375 -0.999989 -1.09998e-07 0.00463864 0.999989 2.19968e-07 0.00463864 0.999989 -0 1 -0 0 1 -0 0 1 0 0 1 0 0 -1 -0 0 -1 -0 0 -1 -0 0 -1 -0 0 -1 0 0 -1 0 0 -1 0 0 -1 0 0 -1 0 0 -1 0 0 -1 0 0 -1 0 0 -1 0 -0 -1 0 -0 -1 0 -0 -1 0 -0 -1 0 0 -1 0 0 -1 0 0 -1 0 0 -0.999873 -0.000286585 -0.0159346 -0.643651 0.00172381 -0.765318 -0.68273 0.0862428 -0.725563 -0.9999 0.00175051 -0.0140174 -0.0836489 -0.973359 -0.213484 -0.0180652 -0.948399 -0.316563 0.00414181 -0.981433 -0.19176 -0.0350293 -0.984163 -0.173768 -0.585548 -0.605173 -0.539351 -0.354441 -0.531237 -0.769518 0.0594652 -0.926738 -0.370972 -0.539189 0.32113 -0.778557 -0.225229 0.157905 -0.961425 0.0602663 -0.662111 -0.746979 0.150635 -0.933591 -0.325141 0.0117406 -0.184888 -0.982689 -0.0116095 -0.258364 0.965978 -0.0878698 -0.425698 0.900589 0.155659 -0.909622 0.385173 0.0511184 -0.52817 0.847599 0.599968 -0.799653 -0.0243758 0.0274898 -0.980334 -0.195421 0.0133302 -0.991535 -0.129157 0.243338 -0.82149 -0.515695 0.158728 -0.955778 -0.247578 0.0900111 -0.707039 -0.701423 0.023538 -0.98255 0.184503 0.0187819 -0.896009 0.443639 -0.0356843 -0.994955 -0.0937587 0.140997 -0.905152 -0.401022 0.178027 -0.955385 -0.235683 -0.0245569 -0.828254 -0.559815 -0.0432357 -0.993146 0.108584 0.0137442 -0.959428 0.281619 -0.0832256 -0.993729 -0.0746778 0.0601047 -0.963312 -0.261569 0.0735918 -0.98603 -0.14943 0.03495 -0.940589 -0.337742 -0.0386693 -0.999219 -0.00818126 -0.000716313 -0.997612 0.0690692 -0.0660583 -0.99171 -0.110216 -0.752271 -0.468731 -0.463012 -0.999706 -0.00441113 -0.0238408 -0.737527 -0.106865 -0.666809 -0.60259 0.693584 -0.394748 -0.0109118 -0.991522 -0.129479 0.0441732 -0.990611 -0.129381 0.00656223 -0.0282363 0.99958 -0.04847 -0.0336606 0.998257 0.638613 -0.751037 -0.167683 0.470924 -0.834191 -0.286978 0.128034 0.513218 0.848655 0.117197 0.662374 0.73995 0.0759651 0.987278 0.139682 0.188692 0.924395 0.331497 -1 -1.40104e-05 -1.68227e-06 -1 -2.36168e-05 1.31945e-05 -1 4.35697e-07 6.12802e-08 -0.00200881 0.663709 0.747988 -0.00222447 0.990251 0.139277 -0.00198128 -0.0370501 0.999311 -0.00205769 -0.252122 0.967693 -0.00206971 -0.606053 0.795421 -0.00232378 -0.909806 0.415027 -0.00239451 -0.960557 0.278074 -0.00237605 -0.998965 0.0454207 -0.00239938 -0.991575 -0.129508 -0.00248598 -0.991573 -0.129528 -0.00242537 -0.950387 -0.31106 -0.00237743 -0.831143 -0.556054 -0.00230225 -0.734498 -0.678607 -0.00207253 -0.291351 -0.956614 -0.00216552 0.171548 -0.985173 -0.00221779 0.395058 -0.918654 -0.00216259 0.872991 -0.487732 -0.999873 0.000286554 0.0159346 -0.9999 -0.00175003 0.0140174 -0.682732 -0.0862424 0.725562 -0.643653 -0.00173796 0.765316 0.0858929 -0.972594 -0.216062 0.038433 -0.983399 -0.177339 -0.00379432 -0.980536 -0.1963 0.0182424 -0.947331 -0.319736 -0.0604497 -0.925346 -0.374275 0.352216 -0.529008 -0.772072 0.584894 -0.603622 -0.541793 0.220246 0.158306 -0.962513 0.535628 0.32215 -0.780591 -0.15329 -0.932084 -0.328211 -0.0642647 -0.659984 -0.748526 -0.0168111 -0.184702 -0.982651 0.0073284 -0.258544 0.965972 -0.0552891 -0.528169 0.847338 -0.159078 -0.909962 0.382967 0.0851352 -0.428703 0.899425 -0.601248 -0.798533 -0.0290933 -0.0161434 -0.99103 -0.132658 -0.0286995 -0.979395 -0.199903 -0.162441 -0.95451 -0.250046 -0.248275 -0.819461 -0.516569 -0.0954148 -0.70659 -0.701161 -0.0237196 -0.895963 0.443494 -0.0282528 -0.982715 0.182957 0.0316876 -0.99482 -0.0965903 -0.182167 -0.954037 -0.237969 -0.146045 -0.903894 -0.402053 0.0191666 -0.828299 -0.559959 -0.0185781 -0.959375 0.281521 0.0383563 -0.993488 0.107284 0.0789947 -0.99388 -0.0772241 -0.078339 -0.985484 -0.15061 -0.0652782 -0.962786 -0.262262 -0.0402664 -0.940389 -0.337709 -0.00413284 -0.997606 0.0690344 0.0338353 -0.999388 -0.00894363 0.0614422 -0.991867 -0.111465 0.752572 -0.466796 -0.464475 -0.737526 0.106859 0.666811 -0.999706 0.00442291 0.0238343 0.600131 0.695237 -0.395586 0.00608915 -0.991563 -0.129484 -0.0492306 -0.990376 -0.12935 0.0459861 -0.0366413 0.99827 -0.0105358 -0.0283683 0.999542 -0.638322 -0.750278 -0.172125 -0.468387 -0.834199 -0.291078 -0.130657 0.510728 0.849756 -0.121017 0.66201 0.73966 -0.0804244 0.986923 0.139696 -0.192669 0.922135 0.33548 -0.0564021 -0.0976382 0.993622 -0.0286645 -0.118926 0.992489 -0.0098693 -0.195613 0.980632 -0.000184538 -0.174227 0.984706 -0.00466417 0.105805 0.994376 -0.00570254 0.105246 0.99443 0.0221366 0.19973 0.979601 0.00479523 0.201956 0.979383 0.0410217 0.342832 0.938501 0.0133386 0.365357 0.930772 0.0457077 0.580221 0.813175 0.0189365 0.626373 0.779293 8.1861e-07 -0.124714 0.992193 -7.8122e-08 -0.199676 0.979862 -2.64601e-07 0.104951 0.994477 -1.16861e-06 0.202307 0.979322 -1.43734e-06 0.37378 0.927517 7.25868e-07 0.640294 0.76813 0.0115649 0.9982 -0.05884 0.0209549 0.653601 -0.756549 5.61797e-06 0.663207 -0.748436 4.21354e-06 0.998156 -0.0607022 -0.0174315 0.997758 -0.0646071 -0.0621964 0.629302 -0.774668 -1 4.83782e-07 -7.55122e-06 -1 1.43732e-07 -4.83448e-06 -1 4.07784e-07 -3.18924e-06 -1 5.32644e-08 4.13874e-07 -1 3.12563e-07 -3.64748e-06 -1 -2.59386e-07 2.96884e-06 -1 -1.80695e-07 2.79084e-06 -1 -1.84515e-07 9.62363e-07 -1 1.45371e-07 -1.69583e-06 -1 1.773e-07 -2.04101e-06 -1 -1.2204e-06 7.45019e-06 -1 -8.18874e-07 1.88648e-06 -1 0.000125722 8.24696e-06 -1 -0.000189122 -2.05405e-05 -1 -2.30733e-07 2.62462e-06 -1 8.94058e-05 -1.08542e-05 -1 0.000252151 1.42168e-05 -1 -8.65433e-15 -7.9237e-16 -0.00469662 -0.975149 0.221502 0.000291388 -0.963471 0.267813 -0.00622866 -0.964416 0.264317 -0.00844862 -0.975392 0.220318 0.00142278 -0.958415 0.285376 -0.0035651 -0.95835 0.285575 0.00544696 -0.702709 0.711457 -0.00376699 -0.700817 0.713331 5.02862e-07 -0.69477 0.719232 1.49836e-06 -0.958489 0.285128 -1.22452e-06 -0.964844 0.262822 1.60732e-06 -0.975495 0.220021 -0.00928878 0.344559 0.938719 -0.0146983 0.207825 0.978056 -0.012962 0.015156 0.999801 -0.0133416 0.0438862 0.998948 -0.0111119 0.0305876 0.99947 -0.0107082 0.0490791 0.998738 -0.0141045 0.0142111 0.9998 -0.0163051 -0.0255533 0.999541 -0.0129398 0.0194268 0.999728 0.000793288 0.11155 0.993759 -0.0121368 -0.00167115 0.999925 -0.0139503 0.0319609 0.999392 -0.0119245 -0.00962584 0.999883 0.00845831 0.0931286 0.995618 -0.0137286 0.0366338 0.999234 -0.0136143 0.134148 0.990868 -0.0129145 -0.126471 0.991886 -0.0422822 0.142202 0.988934 -0.0915226 -0.0555943 0.99425 -0.320785 -0.183127 0.92928 -0.0231022 -0.0611873 0.997859 -0.0476677 -0.128193 0.990603 -0.442411 -0.34386 0.828271 -0.0133925 -0.366875 0.930174 -0.0474608 0.194548 0.979744 -0.0206326 0.0341061 0.999205 -0.0166287 0.0469367 0.99876 -0.0221257 0.0130256 0.99967 -0.00406702 0.124805 0.992173 0.0235793 0.0666212 0.9975 0.0569126 0.0566962 0.996768 0.0462837 0.0642749 0.996858 -0.0144111 -0.103997 0.994473 -0.0038552 0.0897949 0.995953 -0.00611502 0.153518 0.988127 -0.0161265 -0.0301407 0.999416 -0.0138181 -0.00675773 0.999882 -0.0164619 -0.0547495 0.998364 0.000141905 0.11512 0.993352 0.0546248 0.149892 0.987192 0.128817 0.310611 0.941768 0.0191667 0.290932 0.956552 0.151444 0.422174 0.893775 -0.0860157 0.371549 0.92442 -0.0208425 0.227317 0.973598 -0.108338 0.256262 0.960517 0.0536353 -0.179593 0.982278 0.369946 -0.251407 0.89439 -0.446095 -0.0838916 0.891045 -0.675135 -0.295461 0.67594 -0.0431619 0.162562 0.985754 -0.0694444 0.139926 0.987724 -0.46373 -0.018983 0.885774 -0.714994 -0.226027 0.661586 -0.482061 -0.0172474 0.875968 -0.729119 -0.217419 0.648933 -0.50276 -0.0163142 0.864272 0.755866 -0.0747386 0.650447 0.48899 -0.012533 0.872199 0.208952 -0.165455 0.963828 0.51473 -0.194506 0.834997 0.0698099 0.00539269 0.997546 0.219833 0.147427 0.964333 -0.0223568 -0.0809802 0.996465 -0.733976 -0.67768 -0.0450405 -0.948516 -0.315876 -0.0232396 -0.945221 -0.325488 -0.0247968 -0.654902 -0.75382 -0.0534657 -0.0103071 -0.0652719 0.997814 -0.944242 -0.32833 -0.0246233 -0.635108 -0.77059 -0.053186 -0.0734798 -0.149742 0.985991 -0.941284 -0.336661 -0.0253912 -0.603863 -0.795263 -0.0539058 -0.0482373 -0.116316 0.99204 -0.947279 -0.319418 -0.0251651 -0.593211 -0.803133 -0.0554845 -0.253247 -0.156274 0.954696 -0.0229165 -0.95765 0.287021 -0.0781286 -0.939939 0.332281 -0.152549 -0.643126 0.750411 -0.0523475 -0.708218 0.70405 0.02381 -0.96339 0.267045 0.0111102 -0.967549 0.252439 -0.0112498 -0.147094 0.989058 0.0144545 -0.160791 0.986883 0.391697 -0.159329 0.906194 0.171827 -0.0995598 0.980083 -0.0683363 0.123043 0.990046 0.0081093 0.104914 0.994448 -0.11139 0.231435 0.966452 -0.0154617 0.205056 0.978628 -0.999089 -0.0425074 -0.00365948 -0.913385 -0.405694 -0.0337614 -0.995102 -0.0985177 -0.00817658 -0.999953 -0.00962974 -0.00081507 -0.390665 0.475348 -0.788305 -0.199109 0.603867 -0.771816 -0.137321 0.987983 -0.0709388 -0.278067 0.942417 -0.185821 -0.03039 0.540137 0.841029 0.0139844 0.558306 0.829517 0.00838523 0.336694 0.941577 -0.0817828 0.354508 0.93147 0.0845513 -0.973313 0.213339 0.086948 -0.986427 0.139294 -0.99994 -0.0109687 -0.000941091 -0.994921 -0.100318 -0.00831648 -0.994901 -0.100521 -0.00825989 -0.999936 -0.0112972 -0.000959885 -0.994772 -0.101775 -0.00840617 -0.999931 -0.0117373 -0.000991015 -0.995539 -0.094033 -0.00776063 -0.999919 -0.0126874 -0.00107383 -0.812778 -0.114556 0.5712 -0.779499 -0.3755 0.501379 -0.810636 -0.324996 0.48708 -0.810438 -0.355931 0.465299 0.906264 0.0831012 0.414463 0.898297 -0.0209679 0.438888 -0.792983 -0.607231 -0.0494802 0.126884 -0.0656704 0.989741 0.0392476 0.844206 0.53458 0.0250635 0.942602 0.332978 0.00130123 0.951315 0.308217 0.0123015 0.8669 0.49833 0.0264112 0.994675 0.0996164 -0.00354315 0.995263 0.0971602 0.459723 0.1416 0.876701 0.404475 0.169226 0.898756 0.119605 0.123421 0.98512 0.36375 0.126377 0.922884 0.00974856 0.994656 0.102789 0.0433854 0.935787 0.349888 0.0496977 0.918957 0.391214 0.0139171 0.992878 0.118318 0.0190687 0.82772 0.560817 -0.0501928 0.820533 0.569391 3.23686e-07 0.871095 0.491114 2.13428e-06 0.995071 0.0991608 0.477134 0.412139 0.776198 0.722781 0.228813 0.652099 0.462118 0.572463 0.677299 0.346437 0.387515 0.854291 0.845679 0.279794 0.454469 -2.08648e-07 0.952571 0.304316 0.594229 0.386775 0.705193 0.668113 0.500587 0.550489 0.0564016 -0.0976383 0.993622 0.000184171 -0.174227 0.984705 0.0098703 -0.195613 0.980632 0.028663 -0.118926 0.992489 0.00466575 0.105805 0.994376 0.00570218 0.105246 0.99443 -0.0221357 0.19973 0.979601 -0.00479424 0.201956 0.979383 -0.0410209 0.342832 0.938501 -0.0133369 0.365357 0.930772 -0.0457087 0.580221 0.813175 -0.0189353 0.626373 0.779293 -0.0115632 0.9982 -0.0588399 -0.0209562 0.653601 -0.756549 0.0174311 0.997758 -0.0646072 0.0621962 0.629302 -0.774668 -1 4.19732e-08 1.47685e-06 -1 -4.88209e-07 4.64187e-06 -1 -2.59383e-07 1.488e-06 -1 7.32178e-07 -5.32748e-06 -1 4.04844e-08 -1.14133e-06 -1 1.8228e-07 -9.31512e-07 -1 5.78683e-07 -8.07383e-09 -1 6.45931e-07 1.33599e-07 -1 -0.000126536 8.86679e-07 -1 0.000190205 8.27794e-06 -1 -5.13005e-05 -3.32966e-05 -1 -0.000248262 -1.90882e-05 0.00469017 -0.975149 0.221502 0.00845021 -0.975391 0.220318 0.00623027 -0.964416 0.264318 -0.000294217 -0.963471 0.267813 0.00356437 -0.95835 0.285575 -0.00142615 -0.958415 0.285375 0.00376716 -0.700817 0.713331 -0.0054499 -0.702709 0.711457 0.00929025 0.344564 0.938717 0.0133421 0.0438875 0.998948 0.0129625 0.0151495 0.999801 0.0146989 0.207825 0.978056 0.0111118 0.0305841 0.999471 0.0107103 0.0489751 0.998743 0.0141059 0.0141315 0.999801 0.0163683 -0.0267334 0.999509 -0.000793796 0.111537 0.99376 0.0129397 0.0194303 0.999727 0.0121367 -0.00167017 0.999925 0.0139503 0.0319692 0.999392 0.0119248 -0.00962345 0.999883 -0.0084581 0.0931312 0.995618 0.0137291 0.0366337 0.999235 0.0136138 0.134144 0.990868 0.0115387 -0.0261459 0.999592 0.0422818 0.142203 0.988934 0.0231043 -0.0611202 0.997863 0.320803 -0.183099 0.92928 0.0915158 -0.0556028 0.99425 0.442395 -0.343878 0.828272 0.0476598 -0.128197 0.990603 0.0133944 -0.366853 0.930182 0.0474608 0.194554 0.979743 0.0206308 0.0339261 0.999211 0.0167108 0.0438025 0.9989 0.0230768 -0.00247355 0.999731 0.00406673 0.124808 0.992172 -0.0235778 0.0666268 0.997499 -0.0569123 0.0566944 0.996768 0.0121754 0.147968 0.988917 -0.0462835 0.0642662 0.996859 0.00374657 0.0907186 0.995869 -0.00286643 0.234077 0.972214 0.0161191 -0.0300769 0.999418 0.0138192 -0.00676541 0.999882 0.0164633 -0.0547644 0.998364 -0.00014429 0.115128 0.993351 -0.0546267 0.149914 0.987189 -0.0191658 0.29093 0.956552 -0.128816 0.310611 0.941768 0.0860153 0.371549 0.92442 -0.151449 0.422172 0.893775 0.0208341 0.227303 0.973601 0.108344 0.256263 0.960516 -0.369957 -0.251412 0.894385 -0.0536272 -0.179584 0.98228 0.446091 -0.0839063 0.891046 0.67507 -0.295623 0.675935 0.069462 0.139934 0.987721 0.0431674 0.162571 0.985752 0.4635 -0.0212107 0.885843 0.712183 -0.234908 0.661523 0.526177 -0.0169592 0.850206 0.702708 -0.306873 0.641896 0.0422635 -0.185721 0.981693 0.55953 -0.159841 0.813251 0.513814 -0.164732 0.841938 -0.755863 -0.0747695 0.650446 -0.514715 -0.194526 0.835002 -0.208942 -0.165471 0.963827 -0.488985 -0.0125482 0.872202 -0.179957 0.167285 0.969346 -0.0507643 0.00908223 0.998669 0.0223638 -0.0809889 0.996464 -0.63513 0.77043 0.0552064 -0.6549 0.753822 0.0534577 -0.945221 0.325489 0.0247905 -0.949513 0.312813 0.023939 0.0103278 -0.0652972 0.997812 -0.635109 0.770588 0.0532032 -0.944242 0.328329 0.0246362 0.0734963 -0.149765 0.985986 -0.603861 0.795265 0.0539078 -0.941283 0.336662 0.0253898 0.048222 -0.116297 0.992043 -0.593204 0.803139 0.0554701 -0.947279 0.319421 0.0251574 0.253216 -0.156265 0.954706 0.0229208 -0.95765 0.287021 0.0523564 -0.708217 0.704051 0.152557 -0.643123 0.750413 0.0781432 -0.939936 0.332286 -0.0110969 -0.967548 0.252446 -0.0238076 -0.96339 0.267045 -0.0144525 -0.160791 0.986883 0.0112543 -0.147093 0.989059 -0.171821 -0.0995594 0.980084 -0.391706 -0.15933 0.90619 -0.00811531 0.104913 0.994448 0.0683369 0.123043 0.990046 0.0154656 0.205056 0.978628 0.1114 0.231437 0.966451 -0.999091 0.0424723 0.00370358 -0.999953 0.00962871 0.0008274 -0.995102 0.0985169 0.0081792 -0.913392 0.405677 0.0337837 0.390674 0.475344 -0.788304 0.278079 0.942413 -0.185825 0.137324 0.987983 -0.0709386 0.199116 0.603867 -0.771815 0.0304015 0.540141 0.841025 0.0817799 0.354509 0.93147 -0.00838713 0.336694 0.941577 -0.0139817 0.558307 0.829516 -0.0845535 -0.973312 0.213339 -0.0888415 -0.985382 0.145359 -0.999939 0.01097 0.00092668 -0.999936 0.0112974 0.000958183 -0.994901 0.10052 0.00826472 -0.994921 0.100318 0.0083087 -0.999931 0.0117367 0.000997783 -0.994772 0.101775 0.00840492 -0.999919 0.0126872 0.00107613 -0.994616 0.103282 0.0085257 0.81277 -0.114568 0.571208 0.779486 -0.375526 0.501379 0.818458 -0.306473 0.486005 0.725122 -0.526768 0.443524 -0.906272 0.0831201 0.414443 -0.898297 -0.0209971 0.438887 -0.792977 0.60724 0.0494728 -0.126881 -0.0656731 0.989742 -0.0392472 0.844207 0.53458 -0.012302 0.8669 0.49833 -0.00130338 0.951315 0.308217 -0.025065 0.942601 0.332978 0.00354457 0.995262 0.0971603 -0.0264154 0.994675 0.0996163 -0.459718 0.141616 0.876701 -0.119602 0.123442 0.985118 -0.404469 0.169244 0.898756 -0.363751 0.126373 0.922884 -0.0097639 0.994655 0.10279 -0.0139403 0.992876 0.11833 -0.0497046 0.918955 0.391218 -0.0433973 0.935786 0.349888 0.050236 0.820542 0.569374 -0.0190601 0.827721 0.560816 -0.477138 0.412133 0.776199 -0.722778 0.228827 0.652097 -0.462134 0.572449 0.677299 -0.34644 0.387514 0.85429 -0.84568 0.279792 0.454469 -0.594225 0.386781 0.705193 -0.668115 0.500583 0.550489 -1 1.33805e-05 -2.31875e-05 -1 0.000662029 -0.000306925 -1 -1.42555e-06 -1.27164e-06 -1 3.57061e-08 -5.14569e-07 -0.0160752 -0.745522 -0.666287 -0.0135574 -0.990779 0.134807 -0.000969127 -0.990538 0.137233 -0.00170919 -0.746226 -0.66569 -0.755934 -0.653934 0.030556 -0.722828 -0.67326 0.155693 -0.745448 -0.65955 0.0964396 -0.964322 -0.264725 0.00206706 -0.180795 0.250198 0.951165 -0.737106 -0.262346 0.622776 -0.723107 -0.249658 0.64404 0.262027 -0.958648 0.111064 0.201474 -0.730246 -0.652801 0.25871 -0.628555 -0.733477 0.36035 -0.92819 -0.0927998 -0.99836 -0.0532439 0.0210207 -0.999939 -0.0108845 0.00202972 -0.996068 -0.0878033 0.0117967 -0.900672 -0.407597 0.150518 -0.0229772 -0.991144 0.130792 -0.0370816 -0.74442 -0.666682 0.0150202 -0.745535 -0.666297 0.0129441 -0.990787 0.134809 -1 -0.000719373 0.000358389 -1 -1.4741e-05 4.01502e-05 -1 -1.05179e-05 -1.73283e-05 -1 -0.000723342 0.000252111 0.561773 0.121597 0.818306 0.296893 0.373784 0.878715 0.60983 0.0635438 0.78998 0.774325 0.0335367 0.631899 -0.107175 -0.0359042 0.993592 -0.999939 0.0108867 -0.00206089 -0.998353 0.0534448 -0.020844 -0.913266 0.382961 -0.138878 -0.994745 0.101118 -0.0160403 -0.348326 -0.693536 -0.630616 -0.298787 -0.948174 0.108128 -0.28462 -0.957687 -0.0427482 -0.187936 -0.633722 -0.750384 0.0284382 -0.991002 0.13079 -1 9.2077e-06 3.75803e-05 -1 -1.30223e-08 1.43738e-07 -0.833718 -0.36101 0.417835 -0 0 -0 1 6.5195e-10 5.32204e-11 -0 0 -0 -0.969841 0.243582 -0.00874221 -0.650036 0.757967 0.0542164 0.908687 -0.108022 0.403261 -1 0.000834281 -0.000255488 0.0494983 -0.744025 -0.666315 -0.916993 -0.311931 0.248642 0.925506 -0.229976 0.300915 -0.73206 0.641866 -0.228246 -0.04254 0.999095 0.000423512 -0.0398037 0.999207 0.0007718 -0.0213292 0.999772 0.000297532 -0.026204 0.999657 0.000174733 -0.102839 0.994697 0.0017336 -0.112774 0.993621 0.000591383 0.0967009 0.995283 0.00776787 -0.016607 0.999862 0.000259609 -0.0889366 0.996036 0.00185877 -0.0100385 0.99995 7.92032e-05 -0.0958833 0.995391 0.00180738 0.222488 0.974708 -0.0210265 0.0350441 0.999355 -0.00789957 0.353081 0.907282 -0.228417 0.80525 0.57599 -0.14074 -0.0301089 0.999547 0.000270599 0.107238 0.994229 -0.00274102 0.145871 0.989303 0.00136556 -0.0293529 0.999569 0.000213365 0.185132 0.982691 0.00672987 0.0942018 0.995436 0.0152945 -0.122638 0.992451 0.000916588 -0.0860053 0.996204 -0.0134447 0.00345593 0.999994 -0.00012918 0.00517894 0.999986 0.00121076 0.688417 0.714162 0.126705 0.602437 0.731158 0.32012 0.751781 0.658753 -0.0294848 0.762629 0.64635 0.0250806 0.732567 0.676806 0.0726601 -0.0382284 0.999223 0.00962127 0.143473 0.983103 -0.113681 -0.136185 0.989956 0.0379469 0.0878602 0.993201 -0.0763728 -0.292026 0.941231 -0.169719 -0.00773324 0.999951 -0.00624637 -0.824828 0.565351 0.00612753 -0.822956 0.568103 0.0015118 -0.817396 0.575985 0.0102406 -0.798022 0.602385 0.0171599 -0.827993 0.560311 0.0219081 -0.0324431 -0.959998 0.278121 -0.0227378 -0.949147 0.314012 -0.0608884 -0.828214 0.557095 -0.112956 -0.843807 0.524625 -0.998657 -0.047329 -0.0210891 -0.998133 -0.0589391 -0.0160271 -0.963793 -0.257981 -0.0674513 -0.868849 -0.455936 -0.192936 -0.950686 -0.309818 -0.014478 -0.993467 -0.113979 -0.00573328 -0.992795 -0.119625 0.00688407 -0.950849 -0.309154 0.0176093 -0.992215 -0.122799 0.0207423 -0.946045 -0.319576 0.0535747 -0.992543 -0.115864 0.0378785 -0.938211 -0.329431 0.106003 -0.994846 0.1014 -2.96794e-05 -0.99994 0.0109535 -3.64487e-05 -0.984526 0.175225 -0.00217767 -0.671916 0.740615 -0.00417767 -0.993248 -0.0893059 0.0740491 -0.93665 -0.293255 0.191542 -0.00675474 -0.980668 0.195563 -0.0137042 -0.967553 0.252294 -0.999922 0.0124647 -4.25194e-05 -0.980625 0.195891 -0.00139528 -0.999922 0.0124523 0.000169666 -0.982226 0.187696 0.00170752 -0.999901 0.0140638 0.000174221 -0.982028 0.188725 0.00193119 -1 1.96702e-08 3.4441e-07 -1 -1.62085e-09 -4.52808e-06 -1 1.56574e-06 4.39064e-06 -1 -1.14214e-05 -2.12741e-05 -1 -2.31866e-06 -1.25871e-05 2.33488e-06 0.998902 -0.0468429 5.19044e-06 0.890168 -0.455632 -0.0475451 0.892704 -0.448128 0.0212744 0.998515 -0.0501541 -1 -1.24882e-08 -2.21635e-08 -1 -1.9185e-09 -3.26314e-07 -1 -6.8938e-10 2.30525e-09 -1 -1.67182e-09 -5.91422e-08 -1 -5.40018e-07 -5.77069e-09 -2.68714e-06 -0.966917 0.255093 -6.38168e-07 -0.948359 0.317199 -9.16105e-07 -0.822963 0.568095 -1 -1.99445e-07 1.32742e-06 -1 4.46663e-06 -3.16094e-06 -0.734903 -0.648458 0.198547 -0.764109 -0.592643 0.254779 -0.63606 -0.718817 -0.280588 -0.823173 -0.554832 -0.120617 -0.752126 -0.658182 -0.0332044 -0.762466 -0.646102 0.0346194 0.164205 0.96423 -0.208078 0.330821 0.853386 -0.402852 -0.744882 -0.658649 0.10646 -0.817438 0.576003 0.0039106 -0.822948 0.568097 0.00474736 -0.798328 0.602199 -0.00538418 -0.828477 0.559937 -0.00979814 -0.0179933 0.999576 -0.0228979 -0.250664 0.909624 -0.331288 -0.405535 0.913968 -0.0142861 0.180545 0.982988 0.0337525 0.103814 0.994348 0.0222619 0.177002 0.974681 0.136626 0.303633 0.92806 0.215668 0.0413001 0.997739 -0.053022 0.147488 0.956869 0.250296 0.085086 0.950666 0.298318 -0.997687 -0.0319837 0.0599729 -0.880619 -0.225988 0.416462 -0.893893 -0.251649 0.370983 -0.996524 -0.045412 0.069845 -0.083607 0.902534 -0.422424 -1 2.54392e-07 -1.90754e-07 0.559572 0.55757 0.613184 0.328109 0.8681 0.372489 3.13499e-06 0.952047 0.305953 -1 7.52718e-05 2.39771e-05 0.187602 0.955585 0.227293 -0.47471 0.824797 0.30718 -0.429846 0.790887 0.43558 0.124031 0.982525 -0.138781 -0.713698 0.666337 -0.215941 -0.83498 0.54751 -0.0551444 -0.98544 0.166397 -0.0349198 -0.860215 0.477054 -0.180138 -0.999928 0.0117347 -0.00249287 -0.998361 0.0529795 -0.0216663 0.141932 -0.770319 -0.621663 0.268658 -0.788985 -0.552563 -0.982663 0.185398 0.00100536 -0.824843 0.565359 0.0013962 -0.999911 0.0133395 0.00011351 -1 -1.54692e-08 5.26023e-06 -0.83265 0.54719 0.0853075 -1 4.07091e-07 -0.000113928 -1 -0.000155181 -0.000130176 -2.66123e-06 -0.766478 -0.642271 0.0425409 0.999095 0.000422253 0.0262069 0.999657 0.000175406 0.0213316 0.999772 0.000277143 0.0398156 0.999207 0.000766538 0.112781 0.99362 0.000590172 0.102834 0.994697 0.0017304 0.0166052 0.999862 0.000265159 -0.096696 0.995284 0.00775644 0.0889328 0.996036 0.00186268 0.0958807 0.995391 0.00179214 0.0100328 0.99995 0.000126174 -0.222467 0.974714 -0.0210129 -0.805244 0.575996 -0.140751 -0.353124 0.907285 -0.228336 -0.0350536 0.999354 -0.00796697 -0.107228 0.994231 -0.00275031 0.0301091 0.999547 0.000229684 -0.145859 0.989304 0.00139051 0.0293549 0.999569 0.000250026 -0.185123 0.982692 0.00674601 -0.0941984 0.995436 0.0152912 0.122643 0.99245 0.00138816 0.0860129 0.996204 -0.013425 -0.00516932 0.999986 0.00128697 -0.00346071 0.999994 -0.000128475 -0.602389 0.731164 0.320198 -0.688428 0.714159 0.126659 -0.751764 0.65877 -0.0295526 -0.762612 0.646366 0.0251623 -0.732567 0.676803 0.0726863 -0.143473 0.983105 -0.113661 0.0382265 0.999223 0.00958374 -0.0878872 0.993201 -0.0763401 0.136196 0.989968 0.037602 0.292027 0.941231 -0.169716 0.00775481 0.999951 -0.00622078 0.824828 0.56535 0.00614831 0.822957 0.568103 0.0014872 0.81739 0.575994 0.0102457 0.798023 0.602383 0.017163 0.827999 0.560301 0.0218903 0.0324436 -0.959999 0.278116 0.113008 -0.843818 0.524596 0.060921 -0.828214 0.557091 0.0227403 -0.949147 0.314011 -0.998655 0.0473715 0.0210596 -0.86885 0.455932 0.19294 -0.963792 0.25798 0.0674616 -0.998133 0.0589401 0.0160204 -0.993467 0.113979 0.00575627 -0.950683 0.309825 0.0144943 -0.950846 0.309161 -0.0176299 -0.992795 0.119625 -0.00692829 -0.946046 0.319572 -0.0535715 -0.992215 0.122797 -0.020752 -0.938211 0.329429 -0.106003 -0.992543 0.115869 -0.037863 -0.994845 -0.101402 3.04542e-05 -0.671926 -0.740607 0.00416242 -0.984526 -0.175223 0.00217708 -0.99994 -0.0109534 3.12195e-05 -0.936647 0.29323 -0.191593 -0.993245 0.0892382 -0.0741712 0.0137085 -0.967554 0.252294 0.00677379 -0.98067 0.19555 -0.980625 -0.19589 0.00139449 -0.999922 -0.0124647 4.23987e-05 -0.982226 -0.187696 -0.00171669 -0.999922 -0.0124524 -0.000172641 -0.982028 -0.188725 -0.00193985 -0.999901 -0.0140637 -0.000177232 -0.0212923 0.998515 -0.0501543 0.047561 0.892705 -0.448125 -0.734902 0.648456 -0.198553 -0.764105 0.592651 -0.25477 -0.636068 0.718789 0.280641 -0.823168 0.554836 0.120628 -0.75211 0.658198 0.0332425 -0.76245 0.646118 -0.0346449 -0.164007 0.964241 -0.208184 -0.330899 0.853382 -0.402797 -0.744884 0.658646 -0.106458 -0.817432 -0.576012 -0.00392292 -0.822949 -0.568096 -0.00476333 -0.798329 -0.602198 0.00538273 -0.828484 -0.559927 0.00981244 0.017862 0.999577 -0.0229675 0.250613 0.90963 -0.331311 -0.405535 -0.913968 0.0142831 -0.180516 0.982989 0.0338702 -0.176984 0.974684 0.136629 -0.10381 0.994348 0.0222688 -0.303573 0.928068 0.215716 -0.0851141 0.950664 0.298317 -0.147559 0.956871 0.250249 -0.0413451 0.997736 -0.0530475 -0.997687 0.0320374 -0.0599575 -0.996524 0.0453573 -0.0698775 -0.89389 0.251677 -0.37097 -0.880608 0.2261 -0.416423 0.0836264 0.90254 -0.422407 -0.328126 0.8681 0.372473 -0.559492 0.557576 0.613252 -0.187659 0.955584 0.227252 -0.124037 0.982526 -0.138774 0.429835 0.790877 0.43561 0.474706 0.824789 0.307208 -0.713715 -0.66631 0.21597 -0.860175 -0.477199 0.179947 -0.985446 -0.166391 0.0347983 -0.834989 -0.547499 0.0551282 -0.999928 -0.0117348 0.00259502 -0.998364 -0.0528786 0.0217523 -0.141934 -0.770321 -0.621659 -0.268651 -0.788972 -0.552585 -0.824845 -0.565358 -0.00138019 -0.982663 -0.185396 -0.00100552 -0.999911 -0.0133394 -0.000117852 0.832658 0.547178 0.0853031 -0.0167691 -0.999859 -0 -0.500022 -0.866013 -0 -0.500022 -0.866013 -0 -0.0167691 -0.999859 -0 -0 -1 -0 -0 -1 -0 0.500022 -0.866013 0 0.500022 -0.866013 0 -0.500022 0.866013 0 -0.866027 0.499997 0 -0.866027 0.499997 -1.08388e-07 -0.500022 0.866013 0 -1 -0 -1.09555e-07 -1 -0 -1.09556e-07 -0.866027 -0.499997 -1.08387e-07 -0.866027 -0.499997 0 -0.499999 -0.866026 0 -0.499999 -0.866026 0 -0.499999 -0.866026 0 0 -1 0 0 -1 0 -0.499999 -0.866026 0 0.499999 -0.866026 0 0.499999 -0.866026 0 0.0167691 -0.999859 0 0.0167691 -0.999859 0 0.979491 -0.201486 0 0.979491 -0.201486 0 1 0 0 1 -0 1.8989e-07 0.979491 0.201486 2.26233e-07 0.979491 0.201486 1.87305e-07 0.00463721 -0.999989 0 0.00463721 -0.999989 0 -0.00463779 -0.999989 -0 -0.00463779 -0.999989 -0 0.00463721 -0.999989 0 0.00463721 -0.999989 0 0.00463779 0.999989 3.84944e-07 0.00463779 0.999989 -0 -0.73656 0.676281 0.011142 -0.736569 0.676273 0.0110282 -0.736592 0.676252 0.010728 -0.736584 0.676259 0.0108347 0.948006 -0.22892 0.221087 0.948305 -0.229244 0.219467 0.948934 -0.229937 0.215992 0.948647 -0.22962 0.217586 0.948334 0.283309 0.142823 0.949305 0.282761 0.137352 0.951316 0.281539 0.125436 0.950395 0.282114 0.130998 0.730119 0.679292 0.0740909 0.731132 0.679053 0.0658299 0.733647 0.678158 0.043178 0.732735 0.67854 0.0518026 0.418978 0.904962 -0.0741717 0.026921 0.997314 -0.0681161 -0.00313861 0.999935 -0.010971 0.459186 0.888326 -0.00503444 -0.462237 0.886243 -0.0301811 -0.475306 0.879807 0.0049013 -0.841756 0.536986 0.0556094 -0.849942 0.52603 0.0298577 -0.986503 0.0243959 0.161919 -0.998372 0.000309287 0.057033 -0.837517 -0.486713 0.248346 -0.848016 -0.52419 0.0780632 0.838794 0.538731 0.0786966 0.45929 0.88816 0.0150028 0.475338 0.879798 -0.00296977 0.850304 0.526144 0.0124687 -0.0263351 0.999643 0.00453595 0.00313433 0.99995 -0.00950849 -0.406929 0.911962 0.052282 -0.459191 0.888337 -0.000882472 -0.846909 0.531734 0.00189479 -0.848687 0.528896 0.000435309 -0.471594 0.881816 0.000450468 -0.999998 4.34068e-06 0.00196421 -1 5.32183e-06 0.000418444 -0.846903 -0.531744 0.00196489 -0.848681 -0.528905 0.000405597 0.846904 0.531745 0.000279412 0.471593 0.881816 -0.000426505 0.848681 0.528905 -0.000408217 -0.000154925 1 -0.000513541 -0.471832 0.881688 -0.000588321 -0.848767 0.528767 -0.000612042 -1 -9.89755e-06 -0.000732164 -0.848769 -0.528763 -0.000839215 0.471838 0.881685 0.000478469 0.848769 0.528763 0.000486314 0.000153598 1 0.000465527 -0.100193 0.994871 -0.0139238 -0.113261 0.993429 -0.0164624 -0.0143267 0.999558 0.0260586 -0.0331128 0.999286 0.0182119 -0.093877 0.995583 -0.00072084 -0.038078 0.999273 0.00166653 -0.102496 0.994669 0.0113312 -0.0366153 0.999225 -0.0144589 -0.128684 0.991617 -0.0116742 -0.122823 0.992429 -0.000433076 -0.00558331 0.999974 0.00456944 -0.00737515 0.999971 -0.00203751 -0.122108 0.99236 -0.0176719 -0.0033378 0.999984 0.00460057 -0.111549 0.993583 -0.0187086 -0.0119743 0.999857 0.011944 -0.100117 0.994895 -0.012705 -0.0274957 0.999586 0.00848134 -0.100248 0.994962 0.000565564 -0.0329378 0.999453 -0.00278784 -0.11727 0.993095 0.00308977 -0.036689 0.999127 -0.0199987 -0.122918 0.992416 -0.0015678 -0.10951 0.993953 0.00801637 0.0132411 0.999889 0.00689664 -0.00174671 0.999985 0.00529188 -0.12206 0.992478 -0.00938662 -0.00468775 0.999873 0.0152399 -0.740016 0.67259 1.55456e-05 -0.740051 0.672551 0.000539791 -0.740156 0.672432 0.00211048 -0.740119 0.672474 0.00155275 0.986579 0.0236676 -0.161557 0.950362 -0.230223 -0.209306 0.950138 -0.229972 -0.210595 0.985945 0.0242162 -0.165307 0.882981 0.461655 -0.0849676 0.884738 0.456459 -0.0942559 0.735916 0.675389 -0.0477141 0.734718 0.675817 -0.0588323 0.00344345 0.998739 0.0500883 0.400435 0.913712 0.0691532 0.458242 0.888811 0.00538984 -0.00273301 0.999867 0.0160856 -0.493329 0.869359 0.0290158 -0.475533 0.879652 0.00894082 -0.862569 0.505938 0.00152329 -0.850594 0.525793 -0.00565197 -0.99965 0.00101534 -0.0264182 -0.99974 7.47247e-05 -0.0228074 -0.85903 -0.509434 -0.0504433 -0.850101 -0.525297 -0.0373039 0.497141 0.867618 -0.00950705 0.858951 0.511896 -0.0128429 0.850604 0.525731 0.00892246 0.475509 0.879547 0.0170004 0.00393966 0.999991 -0.00145248 0.00273294 0.999786 0.0205098 -0.419027 0.907399 -0.0323034 -0.458228 0.888791 0.00882159 -0.846905 0.531743 -0.000997298 -0.999999 4.65422e-06 -0.0010961 -0.846899 -0.531753 -0.00110629 0.846899 0.531753 -0.00118879 -0.236082 0.9677 0.0884412 -0.350128 0.905665 0.239128 -0.523118 0.810165 0.264538 -0.325211 0.941327 0.0902258 -0.367899 0.838465 0.402029 -0.583111 0.649884 0.487474 -0.338991 0.760234 0.554193 -0.497467 0.505539 0.704952 0.385495 0.897234 0.215325 0.261815 0.964045 0.0455034 0.381248 0.924031 -0.0285975 0.617652 0.767692 0.170748 0.0299802 0.999126 -0.0291218 0.0281399 0.991592 -0.126308 -0.209956 0.976183 0.0546435 -0.371779 0.924041 -0.089037 -0.401574 0.894788 0.195174 -0.737269 0.674954 0.0295227 -0.861689 0.452065 0.2305 -0.880722 0.355956 0.312448 -0.784943 0.184952 0.591319 -0.773132 0.0576966 0.631615 0.345725 0.907873 0.237153 0.204204 0.976666 0.0665184 0.309121 0.947802 0.0781991 0.548892 0.790615 0.271376 -0.0277516 0.99957 0.00942857 -0.0223378 0.999649 0.0142386 -0.469849 0.878002 0.0913982 -0.779374 0.57708 0.244042 -0.812195 0.533221 0.236672 -0.880904 0.180796 0.437403 -0.911592 0.122507 0.392419 -0.758063 -0.206935 0.618481 -0.797168 -0.284308 0.532627 0.839713 0.53928 0.0637188 0.500511 0.862107 -0.0791168 0.867831 0.496514 0.0185303 0.0295585 0.991118 -0.129662 -0.452503 0.888669 -0.0742182 -0.817255 0.572009 0.0700051 -0.957455 0.119448 0.262703 -0.82518 -0.342461 0.449219 0.79455 0.590075 0.143186 0.434446 0.900074 0.0335251 -0.0285058 0.999454 0.0166975 -0.405337 0.909761 0.0896437 -0.68068 0.682286 0.266759 -0.776178 0.376642 0.505656 -0.652675 0.0957374 0.751565 0.762702 0.634658 0.124482 0.449897 0.891056 -0.0600965 0.0209085 0.989856 -0.140525 -0.431035 0.898078 -0.0875486 -0.781717 0.617797 0.0851172 -0.914413 0.227895 0.334535 -0.791665 -0.160927 0.58938 0.720168 0.660749 0.211588 0.393613 0.917365 0.0592563 -0.0182983 0.999698 0.0164096 -0.0173657 0.999573 -0.0235132 -0.118258 0.99265 0.0257086 -0.0134968 0.999901 -0.00397822 -0.000349477 0.999865 -0.0164211 -0.0420145 0.99897 -0.0171253 -0.20027 0.972824 0.116211 -0.0565092 0.99837 0.00803038 -0.223167 0.94794 0.227172 -0.0282555 0.999295 0.0247039 -0.18743 0.927773 0.322656 0.172287 0.976076 0.132635 0.000644992 0.999972 0.00750664 -0.00121764 0.999953 0.00967435 0.112511 0.993026 0.0352349 0.000350502 0.999978 0.0065677 0.0136759 0.999833 -0.01209 0.000581177 0.999993 0.00365076 -0.0553917 0.998465 0.000293352 0.0131321 0.999877 0.00861898 -0.00423006 0.998218 0.05953 0.00814864 0.999967 -2.28598e-05 0.0498064 0.997754 0.0447856 0.00587227 0.999979 -0.00268172 0.0209164 0.99853 0.0500127 0.087835 0.996066 0.0116859 0.0150677 0.999853 -0.0081496 0.00638669 0.999941 -0.00878502 0.0552934 0.99847 0.000489593 -0.019487 0.999807 -0.00231995 -0.0207557 0.999783 -0.0015401 -0.0210967 0.999777 -3.41791e-05 -0.0205666 0.999788 0.00134544 -0.0227406 0.999738 0.00264817 -0.0203896 0.999785 0.00392102 -0.0181467 0.999822 0.00507202 -0.0160559 0.999864 0.00377774 -0.0148969 0.999887 0.00198434 -0.0138013 0.999905 4.27251e-05 -0.0151545 0.999884 -0.00177443 -0.0158464 0.999873 -0.00136349 -0.0168039 0.999856 -0.00246929 -0.0181985 0.999831 -0.00270933 0.0595037 0.889311 0.453415 0.104073 0.913469 0.393373 -0.365322 0.899206 -0.240765 -0.235971 0.968344 -0.0814108 -0.334507 0.938131 -0.0895329 -0.509316 0.833264 -0.215103 -0.376524 0.827591 -0.416321 -0.581313 0.682409 -0.443162 -0.314267 0.757487 -0.572233 -0.499719 0.540089 -0.677188 0.20125 0.97692 -0.0715968 0.36202 0.902007 -0.235214 0.500853 0.8364 -0.22267 0.306784 0.950622 -0.0469181 -0.00852423 0.999963 -0.00142228 0.0119723 0.999324 0.0347592 -0.189142 0.98107 -0.0415685 -0.3176 0.947866 -0.0261028 -0.276375 0.942641 -0.187203 -0.591601 0.782317 -0.194908 -0.611456 0.744604 -0.267744 -0.78479 0.482228 -0.389308 -0.0241031 0.905919 -0.422765 -0.0303478 0.938376 -0.344282 -0.0216733 0.779144 -0.62647 0.00749928 0.772518 -0.634949 0.286218 0.955783 -0.0675191 0.380108 0.911233 -0.158657 0.582887 0.773351 -0.249339 0.368669 0.928268 -0.0490131 0.055336 0.998454 0.00528178 -0.0144707 0.998804 0.0467107 -0.573429 0.816549 -0.0665419 -0.858292 0.500375 -0.113836 -0.866699 0.48298 -0.124753 -0.022159 0.998561 -0.0488267 0.517049 0.853929 -0.0588772 0.855128 0.515262 -0.0571146 -0.999827 0.000415196 -0.018611 -0.856761 -0.514093 -0.0408562 -0.868072 0.496407 0.00558105 -0.495072 0.867862 0.0414643 0.0259378 0.996645 0.0776225 0.531772 0.842735 0.0837622 0.879073 0.47393 0.0512004 0.8649 0.494573 0.0857093 -0.980197 0.0188791 -0.197125 -0.986663 0.00829353 -0.162568 -0.853574 -0.482774 -0.195807 -0.859079 -0.445258 -0.252445 -0.546545 0.830418 -0.108145 -0.456562 0.882856 -0.110077 -0.0516691 0.997509 0.0480159 -0.0149416 0.999727 0.0179839 -0.643694 0.722307 -0.252843 -0.770804 0.589679 -0.241121 -0.72622 0.461814 -0.509247 -0.861633 0.223847 -0.455501 -0.633108 0.188672 -0.750718 -0.755894 -0.150547 -0.63715 0.677049 0.706344 -0.206599 0.408478 0.912768 -0.0010928 0.81049 0.567378 -0.14556 0.490708 0.870953 0.0254106 0.0205613 0.995779 0.0894477 0.0196306 0.99471 0.100827 -0.404554 0.913029 0.0520891 -0.471962 0.879075 0.0669323 -0.760176 0.642938 -0.0936072 -0.838332 0.543481 -0.0427426 -0.918264 0.232125 -0.320794 -0.980372 0.0748078 -0.182412 -0.800232 -0.161327 -0.577584 -0.800395 0.0700197 -0.59537 -0.82458 -0.43934 -0.356439 0.682415 0.693403 -0.231308 0.423467 0.903855 -0.0610093 0.772705 0.61808 -0.144582 0.495949 0.865042 -0.0757429 -0.0230982 0.999019 0.037784 -0.180777 0.98191 -0.0563259 -0.215819 0.954649 -0.205103 -0.059756 0.997886 0.0255576 -0.00152784 0.999439 0.0334694 0.0119502 0.999878 0.0100727 -0.196989 0.937731 -0.286105 -0.0606085 0.998154 -0.00401464 -0.181412 0.897283 -0.402457 -0.0759097 0.995929 -0.0486188 0.00433452 0.999991 0.000261205 0.227218 0.957955 -0.175197 0.114429 0.991819 -0.0565839 0.00446812 0.999988 -0.00178794 -0.0303698 0.999539 -0.000290511 0.00373915 0.999992 0.00150704 -0.0741321 0.997246 0.0021058 -0.00584415 0.999965 0.00601741 -0.0399226 0.998914 -0.024008 -0.0191508 0.999812 0.0028542 -0.0315397 0.997564 -0.0622237 -0.00940019 0.999925 -0.00787704 -0.10011 0.987016 -0.125612 -0.0365654 0.99898 -0.0264939 0.030148 0.999499 0.00966919 0.118517 0.992934 -0.00601066 0.0812559 0.996348 0.0262242 0.0128602 0.999467 0.0299973 0.314616 0.949161 -0.0105306 0.314616 0.94916 -0.0105468 0.314627 0.949152 -0.010945 0.314627 0.949153 -0.010931 0.940954 -0.12649 0.314015 0.940957 -0.125637 0.31435 0.940956 -0.121023 0.316158 0.940957 -0.121783 0.315861 0.950541 -0.0635388 0.30403 0.950542 -0.0641557 0.303898 0.950535 -0.0687484 0.302912 0.95054 -0.0670433 0.303279 0.992014 -0.0569471 0.112537 0.992178 -0.0480803 0.115199 0.992024 -0.0143181 0.125232 0.992183 -0.0230898 0.122641 0.991545 0.0161255 0.128756 0.991721 0.00735821 0.128197 0.991553 -0.032672 0.125521 0.991715 -0.0246172 0.126076 0.998894 0.00942258 -0.0460612 0.998894 0.00937667 -0.0460705 0.998894 0.00924427 -0.0460975 0.998894 0.00927233 -0.0460918 0.989597 0.0542228 -0.133257 0.989824 0.0453624 -0.134874 0.989566 -0.00567692 -0.143967 0.989769 0.00175901 -0.142666 0.999919 -0.00280483 0.0124141 0.99992 -0.0020125 0.0124717 0.99992 0.000109507 0.0126259 0.999921 -0.000152813 0.0126069 -0.6748 0.737988 -0.00441895 -0.674767 0.738021 -0.00387523 -0.674251 0.73849 0.00425259 -0.6743 0.738449 0.00350323 0.926515 0.106677 -0.360818 0.926544 0.110148 -0.3597 0.926503 0.12731 -0.354096 0.926534 0.124033 -0.355176 0.995143 -0.00716342 0.0981753 0.995144 -0.00682177 0.0981959 0.995144 -0.00521342 0.098293 0.995144 -0.00547988 0.0982769 0.714869 0.699253 0.0028053 0.714874 0.699247 0.00289477 0.714972 0.699138 0.00448636 0.714967 0.699144 0.00439689 0.99965 0.00415673 -0.0261356 0.99965 0.0041409 -0.0261382 0.99965 0.00405358 -0.0261522 0.99965 0.00406784 -0.0261499 0.99899 -0.00651358 0.0444571 0.99899 -0.00633378 0.0444809 0.99899 -0.00545796 0.0445965 0.99899 -0.00558458 0.0445798 0.999944 0.00140529 -0.0105194 0.999944 0.00142797 -0.0105161 0.999944 0.00153816 -0.0104998 0.999944 0.00152213 -0.0105022 0.99899 0.00534511 -0.0446233 0.99899 0.00554146 -0.0445973 0.99899 0.00651529 -0.0444688 0.998989 0.00637498 -0.0444873 0.999944 -0.00153819 0.0105 0.999944 -0.00156012 0.0104968 0.999944 -0.00166772 0.0104809 0.999944 -0.00165213 0.0104832 -0.714332 0.699786 -0.00543883 -0.714334 0.699784 -0.0054033 -0.714377 0.699745 -0.00477523 -0.714374 0.699747 -0.00481076 0.995143 0.00421088 -0.0983492 0.995144 0.00470637 -0.0983194 0.995143 0.0076371 -0.0981424 0.995144 0.00718537 -0.0981698 0.99965 -0.00425369 0.0261151 0.99965 -0.00424337 0.0261168 0.99965 -0.00419605 0.0261244 0.99965 -0.00420417 0.0261231 0.765897 0.642651 0.0200302 0.765953 0.642607 0.0193048 0.766137 0.642457 0.0168643 0.766078 0.642505 0.0176447 0.978531 -0.0245494 -0.204634 0.978602 -0.035248 -0.202721 0.978551 -0.0466163 -0.200661 0.978603 -0.0370889 -0.20239 0.992268 -0.0253565 -0.121493 0.992269 -0.0244634 -0.121672 0.992269 -0.0238483 -0.121795 0.992269 -0.0244091 -0.121683 0.998951 -0.0151453 -0.0432076 0.998954 -0.0133505 -0.0437346 0.998953 -0.0113985 -0.0443075 0.998954 -0.0126615 -0.0439368 0.999664 0.00333285 0.0256978 0.999668 0.00550615 0.0251671 0.999667 0.00766022 0.024641 0.999668 0.00635433 0.02496 0.998401 0.0130606 0.0550066 0.998401 0.0127764 0.055072 0.998401 0.0124345 0.0551506 0.998401 0.0126473 0.0551017 0.999722 -0.00876446 -0.0219053 0.999726 -0.00640956 -0.022502 0.999724 -0.00358828 -0.0232167 0.999726 -0.00530366 -0.0227822 0.990976 0.0125706 0.133446 0.990977 0.0112925 0.133552 0.990976 0.00968185 0.133685 0.990978 0.0108876 0.133585 -0.716605 0.697467 0.00408288 -0.715857 0.698092 0.0147125 -0.712659 0.699634 0.0512747 -0.71361 0.699314 0.0414883 0.993401 0.0312233 0.110358 0.993402 0.0300021 0.110687 0.993401 0.0286261 0.111058 0.993402 0.0297089 0.110766 0.996435 -0.00651258 0.0841093 0.996435 -0.00622215 0.0841306 0.996435 -0.0059257 0.0841524 0.996435 -0.00615844 0.0841353 0.703438 0.710736 0.00533237 0.703465 0.710706 0.00578234 0.703567 0.71059 0.00748532 0.70354 0.710621 0.00703535 0.999689 0.00400721 -0.024627 0.999689 0.00393229 -0.024639 0.999689 0.00385071 -0.024652 0.999689 0.00391715 -0.0246414 0.999464 -0.0047446 0.0323828 0.999464 -0.00447174 0.0324198 0.999464 -0.00416143 0.0324619 0.999464 -0.0043545 0.0324357 0.999952 0.00143452 -0.00971255 0.999952 0.00142927 -0.00971332 0.999952 0.00142328 -0.0097142 0.999952 0.00142703 -0.00971365 0.999464 0.00393331 -0.0325019 0.999464 0.0043102 -0.0324508 0.999464 0.00474591 -0.0323918 0.999464 0.004475 -0.0324285 0.999952 -0.00142315 0.00971326 0.999952 -0.00141401 0.00971461 0.999952 -0.0014036 0.00971614 0.999952 -0.00141011 0.00971518 -0.702247 0.711818 -0.0127965 -0.701913 0.712054 -0.01726 -0.700526 0.712813 -0.0340744 -0.700913 0.712631 -0.0296127 0.996434 0.00441653 -0.0842554 0.996436 0.00597014 -0.0841415 0.996435 0.00775632 -0.0840103 0.996436 0.00636759 -0.0841123 0.999689 -0.00390976 0.0246422 0.999689 -0.0039213 0.0246404 0.999689 -0.00393267 0.0246385 0.999689 -0.00392336 0.02464 -0.588861 0.80313 -0.0906977 -0.84051 0.511141 -0.179659 -0.946426 0.0834033 -0.311965 -0.835239 -0.349604 -0.424444 0.868668 0.492909 -0.0495728 0.532712 0.845025 0.0463679 0.0349648 0.996384 0.0774343 -0.484236 0.873811 0.0443875 -0.86208 0.506517 -0.0161137 -0.997747 0.00804468 -0.0666102 -0.830077 -0.543717 -0.12387 0.821644 0.562786 -0.0904055 0.527939 0.845822 -0.0765829 -0.0221571 0.999279 -0.0308269 -0.00392405 0.999806 0.0193338 -0.016218 0.999862 0.00353751 0.793303 0.608767 0.00858314 0.754273 0.601501 -0.263189 0.682837 0.56761 -0.459948 -0.00937962 0.999954 -0.00184861 0.0550686 -0.523962 0.84996 0.00621464 -0.59718 0.802083 0.00650767 -0.99992 0.0108026 0.266193 -0.951006 0.157253 -0.120616 -0.500397 0.857353 -0.399681 -0.878545 0.261559 -0.0670201 -0.303177 0.950575 -0.389726 -0.561639 0.729846 -0.827485 0.554524 -0.0881517 -0.807905 0.587366 0.0478596 -0.0386171 0.999221 0.00810064 -0.0464006 0.998864 0.0108333 -0.740139 0.587427 0.327298 -0.0419655 0.999114 -0.00319942 -0.661 0.561918 0.49732 -0.0363971 0.99931 0.00742526 0.0514338 0.52173 0.851559 -0.00542094 0.598133 0.801378 -0.00419206 0.999933 0.0107949 0.246862 0.953281 0.174112 -0.054906 0.525672 0.848914 -0.262273 0.952589 0.154228 0.71838 0.555338 0.418962 0.731266 0.605837 0.313387 -0.0103959 0.999916 -0.00775605 0.0181204 0.999729 -0.014617 -0.0259987 0.999603 -0.0108707 -0.029418 0.999497 -0.0118138 -0.0379426 0.999257 -0.00677515 -0.0251836 0.999624 0.0108678 -0.0224141 0.999701 0.00976652 3.241e-05 -0.345257 0.938508 2.90724e-07 4.79721e-07 1 9.36116e-06 -0.000575235 1 -4.74304e-05 0.336612 0.941643 -7.25985e-05 0.344515 0.938781 -9.61867e-06 -0.000913264 1 -0.0964899 0.995031 -0.02457 -0.0748123 0.997055 -0.0169005 0.696278 0.577427 0.426351 0.710622 0.628801 0.315636 0.773421 0.633892 -0.000740978 -0.111192 0.993761 -0.00873566 -0.287684 0.950478 0.117595 -0.0173669 0.999809 0.00893266 -0.0240394 0.590061 0.807001 -0.06037 0.523673 0.849778 0.380551 0.876896 0.293657 0.110092 0.48728 0.866278 0.356435 0.546157 0.758068 0.0617303 0.28162 0.957538 -0.142507 0.989689 -0.0143878 -0.13295 0.990849 -0.023288 -0.839562 0.542143 -0.0348834 -0.847696 0.518363 0.112744 -0.134066 0.990972 -0.000988919 -0.847067 0.51688 -0.123743 -0.354467 -0.550716 0.755689 -0.374899 -0.880274 0.290807 -0.104913 -0.486632 0.867285 -0.0611551 -0.28503 0.956566 0.0165352 -0.999822 0.00912438 0.0217831 -0.584772 0.810905 0.28971 -0.949677 0.119087 0.0586661 -0.520954 0.851566 -0.101724 0.994813 -8.51117e-05 -0.103123 0.994595 0.0121323 0.714981 0.625566 -0.312201 0.615717 0.593499 -0.518316 -0.102892 0.994637 -0.0105516 -0.122296 0.992409 -0.0129482 -0.104885 0.994224 -0.0227763 -0.124447 0.992164 0.0110789 -0.107761 0.994122 0.0104243 -0.113101 0.993425 0.01775 1.10178e-05 -6.26929e-07 1 -1.38879e-05 0.348381 0.937353 5.29992e-05 -0.00302566 0.999995 -7.2971e-05 -0.351489 0.936192 -5.85089e-05 -0.00425273 0.999991 </float_array>
          <technique_common>
            <accessor count="2428" offset="0" source="#meshId0-bitangents-array" stride="3">
              <param name="X" type="float" />
              <param name="Y" type="float" />
              <param name="Z" type="float" />
            </accessor>
          </technique_common>
        </source>
        <source id="meshId0-tex0" name="meshId0-tex0">
          <float_array id="meshId0-tex0-array" count="4856"> 0.520718 0.822864 0.5205 0.817379 0.515998 0.817679 0.516167 0.823378 0.509001 0.818113 0.508805 0.823972 0.520708 0.812232 0.515723 0.812244 0.509069 0.812548 0.515255 0.804523 0.509098 0.804881 0.520905 0.990266 0.520395 0.991813 0.520728 0.992821 0.521712 0.990762 0.520675 0.972966 0.522445 0.972575 0.522683 0.822653 0.516072 0.973631 0.521991 0.817356 0.517175 0.804858 0.508757 0.974418 0.509089 0.80333 0.515255 0.804523 0.513005 0.803092 0.521522 0.811782 0.517791 0.804049 0.523316 0.972523 0.523564 0.822516 0.522845 0.817076 0.515458 0.993461 0.515693 0.994378 0.508447 0.995492 0.508836 0.996388 0.508153 0.802554 0.51324 0.802106 0.50791 0.974377 0.507963 0.82397 0.508151 0.817985 0.508193 0.812293 0.508165 0.804424 0.512507 0.780922 0.512429 0.782187 0.508208 0.782346 0.508256 0.781069 0.554031 0.794017 0.553893 0.791626 0.555205 0.791201 0.555308 0.79358 0.556028 0.770512 0.554725 0.770578 0.554853 0.603121 0.556156 0.603111 0.554883 0.596604 0.556184 0.59675 0.554864 0.590159 0.556162 0.590429 0.575546 0.793991 0.575476 0.791637 0.576796 0.791181 0.576838 0.793508 0.554751 0.580319 0.556031 0.580753 0.518313 0.781578 0.518477 0.782886 0.575274 0.782438 0.576595 0.782129 0.575119 0.775798 0.576443 0.775618 0.574945 0.76882 0.576274 0.768812 0.547256 0.770875 0.547256 0.603465 0.547256 0.590156 0.547256 0.580251 0.547256 0.596599 0.525447 0.788488 0.52077 0.788488 0.520759 0.780946 0.525226 0.781074 0.568004 0.775799 0.568004 0.768433 0.568004 0.791671 0.568004 0.782507 0.568004 0.794019 0.518467 0.789122 0.512438 0.789122 0.508201 0.789122 0.547256 0.791623 0.547256 0.794019 0.557106 0.590777 0.557077 0.581497 0.556421 0.792605 0.55631 0.79048 0.556974 0.770414 0.557077 0.60311 0.515722 0.995272 0.521049 0.993644 0.557114 0.596915 0.577406 0.77538 0.57724 0.768736 0.577566 0.781723 0.577782 0.790506 0.513356 0.801231 0.507708 0.801805 0.577868 0.792595 0.516267 0.804179 0.514732 0.803382 0.514987 0.802398 0.516576 0.803192 0.5251 0.779806 0.526382 0.77979 0.526497 0.781061 0.554682 0.577739 0.555953 0.578202 0.555987 0.579322 0.554711 0.578833 0.520769 0.779654 0.547256 0.57867 0.518155 0.803326 0.51667 0.802276 0.526728 0.788488 0.547256 0.577691 0.515121 0.801515 0.507918 0.996126 0.507442 0.99713 0.508418 0.997355 0.576629 0.576687 0.576619 0.577782 0.575473 0.576679 0.575479 0.57565 0.574155 0.576128 0.574166 0.57515 0.519186 0.78296 0.519011 0.781646 0.576166 0.60087 0.577157 0.600951 0.574839 0.600802 0.568004 0.600468 0.507567 0.995199 0.568004 0.576132 0.568004 0.575154 0.519176 0.789122 0.537856 0.822864 0.533305 0.823378 0.533137 0.817679 0.537638 0.817379 0.525943 0.823972 0.526139 0.818113 0.532861 0.812244 0.537846 0.812232 0.526208 0.812548 0.526236 0.804881 0.532393 0.804523 0.538043 0.990266 0.538851 0.990762 0.537866 0.992821 0.537533 0.991813 0.539583 0.972575 0.537813 0.972966 0.539821 0.822653 0.53321 0.973631 0.539129 0.817356 0.534314 0.804858 0.525895 0.974418 0.526227 0.80333 0.530144 0.803092 0.532393 0.804523 0.534929 0.804049 0.53866 0.811782 0.540454 0.972523 0.540702 0.822516 0.539983 0.817076 0.532831 0.994378 0.532596 0.993461 0.525974 0.996388 0.525585 0.995492 0.525291 0.802554 0.530378 0.802106 0.525048 0.974377 0.525101 0.82397 0.525289 0.817985 0.525331 0.812293 0.525303 0.804424 0.512507 0.797321 0.508256 0.797175 0.508208 0.795897 0.512429 0.796057 0.54048 0.794017 0.539203 0.79358 0.539307 0.791201 0.540618 0.791626 0.539787 0.770578 0.538483 0.770512 0.538355 0.603111 0.539658 0.603121 0.538327 0.59675 0.539628 0.596604 0.538349 0.590429 0.539647 0.590159 0.560463 0.793991 0.55917 0.793508 0.559212 0.791181 0.560532 0.791637 0.53848 0.580753 0.53976 0.580319 0.518477 0.795357 0.518312 0.796666 0.559413 0.782129 0.560734 0.782438 0.559565 0.775618 0.560889 0.775798 0.559734 0.768812 0.561063 0.768819 0.525226 0.795901 0.520759 0.796029 0.537406 0.590777 0.537435 0.581497 0.53809 0.792605 0.538201 0.79048 0.537537 0.770414 0.537434 0.60311 0.53286 0.995272 0.538187 0.993644 0.537397 0.596915 0.558602 0.77538 0.558768 0.768736 0.558443 0.781723 0.558227 0.790506 0.530495 0.801231 0.524846 0.801805 0.55814 0.792595 0.533405 0.804179 0.532126 0.802398 0.53187 0.803382 0.533714 0.803192 0.526497 0.795914 0.526382 0.797185 0.5251 0.797169 0.539829 0.577739 0.539801 0.578833 0.538524 0.579322 0.538558 0.578202 0.520769 0.797321 0.533808 0.802276 0.535293 0.803326 0.532259 0.801515 0.525556 0.997355 0.52458 0.99713 0.525056 0.996126 0.559379 0.576687 0.560529 0.57565 0.560536 0.576679 0.55939 0.577782 0.561853 0.576128 0.561842 0.57515 0.519186 0.795284 0.519011 0.796597 0.558852 0.600951 0.559842 0.600869 0.561169 0.600802 0.524706 0.995199 0.478559 0.130039 0.472177 0.129385 0.472203 0.126397 0.47884 0.127125 0.113618 0.118978 0.12073 0.117648 0.121586 0.121511 0.114383 0.122823 0.114383 0.122823 0.121586 0.121511 0.1222 0.125416 0.115111 0.126606 0.115111 0.126606 0.1222 0.125416 0.122447 0.128662 0.115616 0.129596 0.116122 0.132454 0.12286 0.131792 0.122774 0.134178 0.116288 0.134739 0.122696 0.136548 0.116478 0.137068 0.122656 0.138863 0.116764 0.139407 0.122671 0.141091 0.117185 0.141715 0.122733 0.143296 0.117678 0.14396 0.477377 0.139587 0.472026 0.139265 0.471969 0.136965 0.477686 0.137421 0.471886 0.1346 0.477976 0.135214 0.4718 0.132237 0.478295 0.132981 0.398696 0.1321 0.398697 0.12979 0.471734 0.129939 0.398699 0.12757 0.471711 0.127719 0.3987 0.12534 0.471737 0.125494 0.122919 0.129499 0.194868 0.129478 0.194865 0.13178 0.194865 0.134113 0.194864 0.136473 0.194861 0.13876 0.194862 0.140981 0.19486 0.143159 0.398693 0.139155 0.398694 0.136856 0.398695 0.134473 0.30064 0.217174 0.300572 0.214153 0.302828 0.214227 0.302853 0.2169 0.298474 0.217537 0.298359 0.21408 0.296305 0.217895 0.296142 0.214017 0.291181 0.218444 0.291267 0.213648 0.29353 0.21365 0.293428 0.218239 0.28889 0.21849 0.288979 0.21366 0.286604 0.218367 0.286696 0.213686 0.284355 0.218084 0.28444 0.213731 0.282169 0.217708 0.282213 0.213793 0.279965 0.217346 0.279978 0.213847 0.307376 0.216855 0.307413 0.214321 0.30967 0.214351 0.309606 0.217072 0.305115 0.216786 0.305124 0.214289 0.324999 0.127142 0.331921 0.126484 0.33193 0.129388 0.325309 0.129936 0.269252 0.122913 0.261544 0.12157 0.262361 0.117703 0.26994 0.119054 0.268487 0.126697 0.26095 0.125477 0.261544 0.12157 0.269252 0.122913 0.267841 0.129644 0.260715 0.12872 0.26095 0.125477 0.268487 0.126697 0.266924 0.134699 0.260415 0.134232 0.260327 0.131847 0.267292 0.132504 0.266534 0.136911 0.260498 0.13662 0.266203 0.139148 0.260552 0.138934 0.266021 0.141422 0.260558 0.141168 0.266024 0.143731 0.260513 0.143397 0.32634 0.137094 0.332044 0.136888 0.331978 0.139187 0.32666 0.139245 0.325893 0.134932 0.332135 0.134524 0.325453 0.132726 0.332228 0.132161 0.332296 0.129865 0.332322 0.127646 0.332298 0.125424 0.260271 0.129559 0.491973 0.144283 0.489392 0.13968 0.490827 0.138175 0.493886 0.143578 0.492428 0.136776 0.495898 0.142781 0.494275 0.135574 0.49788 0.141902 0.0976911 0.141884 0.10168 0.135929 0.103151 0.13784 0.0997792 0.1428 0.104465 0.139761 0.101703 0.143605 0.105721 0.141647 0.103552 0.144392 0.107019 0.143507 0.105367 0.145088 0.108097 0.145642 0.105936 0.146897 0.109241 0.147687 0.106819 0.149017 0.486396 0.14626 0.485308 0.144226 0.486737 0.142767 0.48834 0.145599 0.488055 0.141232 0.490155 0.144938 0.482876 0.13469 0.479052 0.130785 0.484135 0.132912 0.479983 0.128729 0.485315 0.131101 0.481049 0.126784 0.486333 0.12918 0.110221 0.131105 0.116044 0.130052 0.111141 0.133348 0.112175 0.135567 0.113206 0.137795 0.114151 0.140032 0.114931 0.142268 0.115535 0.144478 0.479561 0.140295 0.480551 0.138364 0.481662 0.136497 0.487579 0.135011 0.486348 0.136729 0.488884 0.133354 0.490336 0.131685 0.107009 0.13499 0.105958 0.132803 0.108043 0.137201 0.109059 0.139427 0.110088 0.141626 0.111098 0.143804 0.112131 0.145897 0.484068 0.140296 0.482941 0.142071 0.485188 0.138499 0.49322 0.150651 0.490966 0.150688 0.490688 0.147008 0.492793 0.147013 0.494942 0.146896 0.495441 0.150578 0.497079 0.146566 0.497633 0.150489 0.49916 0.145924 0.499843 0.150414 0.0964968 0.145887 0.0988529 0.145934 0.0986347 0.1501 0.096346 0.150118 0.101108 0.145931 0.100963 0.150071 0.103265 0.14595 0.103294 0.150033 0.105438 0.146039 0.105598 0.150004 0.107827 0.145817 0.107869 0.149981 0.110224 0.145798 0.110135 0.149968 0.48657 0.147095 0.48863 0.146994 0.48871 0.1507 0.486477 0.150708 0.493746 0.214244 0.495991 0.214209 0.498207 0.214164 0.500407 0.21412 0.0969682 0.213943 0.0992241 0.213903 0.101515 0.213884 0.103813 0.213881 0.106062 0.213904 0.108291 0.213932 0.110522 0.213964 0.486912 0.214233 0.489161 0.214255 0.491463 0.21426 0.107789 0.145029 0.110172 0.144801 0.303779 0.143147 0.306238 0.138596 0.307787 0.140011 0.305744 0.143947 0.301752 0.142288 0.30458 0.137246 0.299767 0.141388 0.302746 0.136055 0.289585 0.14298 0.287188 0.138563 0.288938 0.13692 0.291718 0.142143 0.287608 0.143801 0.285591 0.140236 0.285696 0.144693 0.284063 0.141851 0.283701 0.145479 0.282538 0.143374 0.282121 0.146888 0.281192 0.144931 0.278673 0.145614 0.278912 0.142364 0.280883 0.142888 0.281146 0.145537 0.309472 0.145467 0.311276 0.142576 0.313052 0.144282 0.311337 0.146277 0.307635 0.14468 0.309188 0.141171 0.320306 0.133243 0.319664 0.131193 0.324762 0.130468 0.321074 0.135198 0.321784 0.137363 0.321992 0.139492 0.271005 0.141426 0.270928 0.143766 0.271323 0.139093 0.271758 0.13678 0.272212 0.134485 0.272585 0.132168 0.272815 0.1298 0.267332 0.130138 0.319065 0.129104 0.318619 0.126977 0.323785 0.126082 0.324173 0.128259 0.31332 0.135234 0.315242 0.136536 0.311847 0.138462 0.310194 0.137216 0.308719 0.135746 0.311841 0.133658 0.307315 0.134232 0.310601 0.131925 0.305892 0.132577 0.309708 0.129948 0.284318 0.135442 0.285921 0.133619 0.280562 0.133464 0.282043 0.131464 0.282678 0.137255 0.278904 0.135403 0.281066 0.139088 0.277248 0.137392 0.279594 0.140976 0.27586 0.139512 0.278425 0.142995 0.275007 0.141755 0.280243 0.146357 0.277571 0.145068 0.274732 0.144018 0.313929 0.140029 0.31493 0.14191 0.317139 0.138303 0.318033 0.140191 0.304231 0.14936 0.301655 0.149223 0.302078 0.146564 0.304458 0.146803 0.306882 0.146856 0.306827 0.149541 0.299296 0.149075 0.30013 0.146418 0.297324 0.149064 0.298226 0.145832 0.292879 0.149283 0.291034 0.149295 0.290773 0.146287 0.29309 0.146336 0.288443 0.149295 0.288086 0.146248 0.285845 0.149296 0.285731 0.146262 0.283784 0.149306 0.283861 0.146383 0.281764 0.149331 0.280977 0.146252 0.278876 0.149401 0.278843 0.146521 0.311157 0.149641 0.309364 0.149605 0.309427 0.146916 0.31154 0.147052 0.478295 0.132981 0.4718 0.132237 0.47216 0.131713 0.478117 0.132504 0.215745 0.11676 0.214055 0.118325 0.213495 0.118043 0.215259 0.116538 0.21973 0.118325 0.218154 0.11676 0.218639 0.116676 0.220292 0.117854 0.214055 0.118325 0.213438 0.120462 0.212801 0.120135 0.213495 0.118043 0.220307 0.120462 0.21973 0.118325 0.220292 0.117854 0.220944 0.120085 0.213438 0.120462 0.214056 0.1226 0.213437 0.122559 0.212801 0.120135 0.21973 0.1226 0.220307 0.120462 0.220944 0.120085 0.220349 0.122695 0.214056 0.1226 0.215745 0.124164 0.215353 0.124575 0.213437 0.122559 0.12286 0.131792 0.116122 0.132454 0.116446 0.131753 0.122793 0.131179 0.218155 0.124164 0.21973 0.1226 0.220349 0.122695 0.218697 0.124575 0.227159 0.118332 0.225471 0.116767 0.225864 0.116358 0.227628 0.118052 0.332228 0.132161 0.325453 0.132726 0.325437 0.132173 0.33216 0.131614 0.237795 0.116768 0.23626 0.118332 0.235791 0.118052 0.2374 0.116358 0.227777 0.12047 0.227159 0.118332 0.227628 0.118052 0.228322 0.12047 0.23626 0.118332 0.235699 0.12047 0.235154 0.12047 0.235791 0.118052 0.227159 0.122607 0.227777 0.12047 0.228322 0.12047 0.227628 0.122888 0.235699 0.12047 0.23626 0.122607 0.235791 0.122888 0.235154 0.12047 0.267292 0.132504 0.260327 0.131847 0.260387 0.131228 0.267413 0.131923 0.225471 0.124172 0.227159 0.122607 0.227628 0.122888 0.225865 0.124582 0.23626 0.122607 0.237794 0.124172 0.2374 0.124582 0.235791 0.122888 0.478117 0.132504 0.47216 0.131713 0.472177 0.129385 0.478559 0.130039 0.215259 0.116538 0.213495 0.118043 0.211674 0.116911 0.213733 0.114706 0.220292 0.117854 0.218639 0.116676 0.220166 0.114706 0.222113 0.116912 0.213495 0.118043 0.212801 0.120135 0.210685 0.120462 0.211674 0.116911 0.220944 0.120085 0.220292 0.117854 0.222113 0.116912 0.223061 0.120462 0.212801 0.120135 0.213437 0.122559 0.211674 0.124013 0.210685 0.120462 0.220349 0.122695 0.220944 0.120085 0.223061 0.120462 0.222113 0.124013 0.213437 0.122559 0.215353 0.124575 0.213733 0.126218 0.211674 0.124013 0.122793 0.131179 0.116446 0.131753 0.115616 0.129596 0.122447 0.128662 0.218697 0.124575 0.220349 0.122695 0.222113 0.124013 0.220166 0.126218 0.227628 0.118052 0.225864 0.116358 0.227491 0.114722 0.229547 0.116926 0.33216 0.131614 0.325437 0.132173 0.325309 0.129936 0.33193 0.129388 0.2374 0.116358 0.235791 0.118052 0.233872 0.116926 0.235774 0.114722 0.228322 0.12047 0.227628 0.118052 0.229547 0.116926 0.230533 0.12047 0.235791 0.118052 0.235154 0.12047 0.232943 0.12047 0.233872 0.116926 0.227628 0.122888 0.228322 0.12047 0.230533 0.12047 0.229547 0.124014 0.235154 0.12047 0.235791 0.122888 0.233872 0.124014 0.232943 0.12047 0.267413 0.131923 0.260387 0.131228 0.260715 0.12872 0.267841 0.129644 0.225865 0.124582 0.227628 0.122888 0.229547 0.124014 0.227491 0.126218 0.235791 0.122888 0.2374 0.124582 0.235774 0.126218 0.233872 0.124014 0.316944 0.133918 0.315936 0.132046 0.315074 0.130049 0.31447 0.127918 0.277141 0.1301 0.276345 0.132403 0.275404 0.134598 0.274422 0.136801 0.273558 0.139103 0.273002 0.141504 0.27287 0.143922 0.32002 0.139647 0.31949 0.137564 0.318229 0.135581 0.493671 0.336573 0.492875 0.339103 0.491439 0.339053 0.491435 0.336568 0.495884 0.336583 0.494112 0.339364 0.245044 0.123864 0.246042 0.125626 0.243941 0.126218 0.243991 0.124174 0.241804 0.125626 0.242882 0.123881 0.240204 0.124007 0.242007 0.123013 0.10081 0.339134 0.0995377 0.336104 0.101817 0.336061 0.102198 0.338952 0.104083 0.336069 0.103695 0.33893 0.106332 0.336124 0.105022 0.339134 0.242851 0.119697 0.241768 0.117966 0.243906 0.117373 0.24396 0.119401 0.246042 0.117966 0.245054 0.11972 0.488755 0.339349 0.486988 0.336576 0.489206 0.336569 0.489999 0.339103 0.498061 0.336542 0.500271 0.3365 0.0972624 0.336144 0.108546 0.336165 0.110765 0.336205 0.245868 0.123002 0.243963 0.121796 0.241685 0.121796 0.242004 0.120564 0.245874 0.120587 0.24618 0.121796 0.304488 0.336831 0.30527 0.339216 0.303981 0.339407 0.302286 0.336755 0.306709 0.336836 0.306727 0.339179 0.25441 0.117966 0.253639 0.119662 0.25251 0.119282 0.25228 0.117374 0.251321 0.119562 0.25015 0.117966 0.250402 0.120478 0.24859 0.119585 0.289261 0.336561 0.288418 0.339385 0.28693 0.339195 0.286972 0.336402 0.285446 0.339362 0.284687 0.336462 0.24859 0.124007 0.250426 0.1231 0.251349 0.123985 0.25015 0.125626 0.25251 0.124246 0.25228 0.126218 0.253611 0.123882 0.25441 0.125626 0.311112 0.336621 0.309454 0.339346 0.308178 0.339207 0.308921 0.336763 0.280254 0.336703 0.278061 0.336916 0.282447 0.336598 0.291504 0.336695 0.300087 0.336581 0.297897 0.336411 0.254444 0.120576 0.252511 0.121796 0.250061 0.121796 0.254417 0.123 0.254729 0.121796 0.402149 0.14703 0.402149 0.338685 0.390201 0.338685 0.390201 0.14703 0.402348 0.14703 0.404072 0.14703 0.404072 0.338683 0.402348 0.338683 0.19639 0.340809 0.19639 0.149156 0.208338 0.149156 0.208338 0.340809 0.189338 0.149157 0.190717 0.149157 0.190717 0.34081 0.189338 0.34081 0.194511 0.34081 0.194511 0.149157 0.196236 0.149157 0.196236 0.34081 0.407866 0.338683 0.407866 0.14703 0.409245 0.14703 0.409245 0.338683 0.36321 0.14703 0.36321 0.338685 0.351262 0.338685 0.351262 0.14703 0.363408 0.14703 0.365133 0.14703 0.365133 0.338683 0.363408 0.338683 0.157451 0.340809 0.157451 0.149156 0.169399 0.149156 0.169399 0.340809 0.150399 0.149157 0.151778 0.149157 0.151778 0.34081 0.150399 0.34081 0.155572 0.34081 0.155572 0.149157 0.157297 0.149157 0.157297 0.34081 0.368927 0.338683 0.368927 0.14703 0.370306 0.14703 0.370306 0.338683 0.44354 0.100015 0.44354 0.101469 0.279538 0.101469 0.279538 0.100015 0.44354 0.103456 0.279538 0.103456 0.44354 0.105442 0.279538 0.105442 0.633631 0.125462 0.633631 0.123775 0.783041 0.123775 0.783041 0.125462 0.633631 0.121472 0.783041 0.121472 0.633631 0.119168 0.783041 0.119168 0.633631 0.117481 0.783041 0.117481 0.632277 0.107414 0.632277 0.105428 0.796279 0.105428 0.796279 0.107414 0.632277 0.103441 0.796279 0.103441 0.632277 0.101987 0.796279 0.101987 0.783041 0.1164 0.633631 0.1164 0.633631 0.114557 0.783041 0.114557 0.633631 0.112714 0.783041 0.112714 0.632277 0.0167252 0.796279 0.0167252 0.279538 0.0147533 0.44354 0.0147533 0.633631 0.116861 0.783041 0.116861 0.633631 0.112253 0.783041 0.112253 0.382738 0.14703 0.382738 0.338685 0.370791 0.338685 0.370791 0.14703 0.382937 0.14703 0.384661 0.14703 0.384661 0.338683 0.382937 0.338683 0.17698 0.340809 0.17698 0.149156 0.188927 0.149156 0.188927 0.340809 0.169927 0.149157 0.171307 0.149157 0.171307 0.34081 0.169927 0.34081 0.1751 0.34081 0.1751 0.149157 0.176825 0.149157 0.176825 0.34081 0.388455 0.338683 0.388455 0.14703 0.389835 0.14703 0.389835 0.338683 0.970164 0.97336 0.971019 0.984788 0.584283 0.982577 0.583347 0.973098 0.033004 0.484398 0.0458084 0.484662 0.0428367 0.910635 0.0236421 0.910079 0.058751 0.463377 0.0725271 0.471935 0.0658376 0.485787 0.0786966 0.449858 0.0865249 0.467805 0.0846328 0.478951 0.0800822 0.488903 0.0980298 0.478485 0.0945292 0.942777 0.0795916 0.942759 0.0864457 0.92455 0.103328 0.929319 0.0656732 0.92421 0.0645199 0.910254 0.0800207 0.909551 0.102225 0.4906 0.0977503 0.499498 0.115956 0.490489 0.105154 0.910608 0.119232 0.914873 0.0988094 0.899162 0.129667 0.516906 0.124751 0.525808 0.141768 0.512846 0.132136 0.881915 0.143582 0.886844 0.12635 0.871168 0.145907 0.530606 0.141867 0.541587 0.158024 0.527181 0.148089 0.864351 0.160197 0.869191 0.143334 0.852707 0.0527554 0.458452 0.983119 0.973067 0.981295 0.982462 0.0754934 0.437629 0.16044 0.85242 0.15901 0.542519 0.0920218 0.964735 0.0793583 0.966136 0.0421419 0.924877 0.0306908 0.920395 0.0793797 0.978896 0.0907418 0.978159 0.0902697 0.991891 0.0800079 0.991818 0.970164 0.817076 0.983119 0.817075 0.583346 0.817076 0.257195 0.980527 0.257223 0.994336 0.257169 0.967087 0.257126 0.945335 0.257099 0.931589 0.257068 0.916404 0.257011 0.887405 0.256975 0.869214 0.256941 0.852028 0.25633 0.543365 0.256296 0.526525 0.256264 0.51052 0.256211 0.483453 0.256181 0.468642 0.256155 0.455239 0.256112 0.433658 0.256086 0.420128 0.970164 0.660791 0.583346 0.661053 0.584283 0.651574 0.971019 0.649363 0.47942 0.483514 0.490467 0.909155 0.471276 0.909787 0.466616 0.483829 0.446591 0.485033 0.439847 0.471207 0.45359 0.462595 0.425833 0.467133 0.433591 0.449155 0.43236 0.488205 0.42777 0.478271 0.414371 0.477859 0.41971 0.942133 0.410858 0.92871 0.427722 0.923875 0.434648 0.942056 0.448493 0.923452 0.434088 0.90885 0.449591 0.909491 0.414733 0.49887 0.410224 0.48999 0.396492 0.489933 0.394897 0.914327 0.408958 0.910006 0.415258 0.898535 0.387838 0.525287 0.382885 0.516405 0.370769 0.512392 0.370437 0.886395 0.381862 0.881421 0.387606 0.870651 0.370784 0.541134 0.3667 0.530169 0.35457 0.526791 0.353751 0.868808 0.365841 0.86392 0.37055 0.852257 0.459566 0.457646 0.981295 0.651689 0.983119 0.661085 0.436745 0.436914 0.353442 0.852037 0.353644 0.542134 0.434974 0.965431 0.422305 0.964081 0.472026 0.924026 0.48346 0.919498 0.435003 0.978192 0.423638 0.9775 0.424164 0.99123 0.434426 0.991116 0.676753 0.366278 0.715516 0.367561 0.715496 0.537619 0.676173 0.536656 0.676242 0.319939 0.715618 0.320039 0.676083 0.274967 0.715612 0.274803 0.676145 0.236365 0.71566 0.236219 0.676288 0.207838 0.715686 0.207591 0.754444 0.368009 0.754444 0.53745 0.754444 0.320082 0.754444 0.274789 0.754444 0.236184 0.754444 0.207598 0.715576 0.160796 0.715638 0.155984 0.754444 0.155792 0.754444 0.161017 0.675757 0.160893 0.676442 0.156742 0.0416635 0.0341537 0.0529207 0.0341542 0.052921 0.0468709 0.0416637 0.0468706 0.052921 0.0593501 0.0416637 0.0593501 0.0680601 0.0468715 0.0847352 0.0468722 0.0847352 0.05935 0.0680601 0.05935 0.0680601 0.0341552 0.0847355 0.0341563 0.0322625 0.0341531 0.0322625 0.0468701 0.0322625 0.05935 0.0269195 0.0468748 0.0269667 0.0341604 0.0269198 0.05935 0.676153 0.602359 0.675132 0.584864 0.716273 0.584974 0.715319 0.601961 0.673661 0.566673 0.717526 0.566589 0.672632 0.555483 0.718312 0.555694 0.754444 0.555419 0.754444 0.56671 0.754444 0.585306 0.754444 0.601727 0.596887 0.368003 0.590123 0.363959 0.591876 0.322085 0.601194 0.321462 0.575777 0.321976 0.57693 0.363775 0.55268 0.321706 0.56067 0.365591 0.593655 0.278062 0.600671 0.280563 0.576552 0.278531 0.551294 0.278031 0.576488 0.243838 0.595349 0.245142 0.549899 0.242555 0.547622 0.217484 0.576459 0.217364 0.603369 0.52711 0.611823 0.529959 0.602831 0.543589 0.603522 0.539599 0.614583 0.532253 0.605869 0.548185 0.603369 0.52711 0.605527 0.372809 0.590331 0.543817 0.574282 0.548787 0.556641 0.554126 0.604802 0.322633 0.588326 0.218428 0.549852 0.204048 0.565503 0.203742 0.576458 0.217364 0.551005 0.367352 0.540198 0.562247 0.543911 0.321893 0.544556 0.277619 0.544518 0.243146 0.543286 0.214771 0.543834 0.204227 0.593714 0.216325 0.600917 0.243702 0.596962 0.213974 0.606256 0.242136 0.604967 0.27976 0.610415 0.278706 0.608979 0.372558 0.615204 0.36964 0.592224 0.548221 0.593399 0.551975 0.60848 0.322416 0.61381 0.321964 0.575697 0.553554 0.576303 0.556981 0.555285 0.558707 0.557581 0.562057 0.532986 0.564961 0.547983 0.195114 0.548434 0.198762 0.541038 0.201062 0.539568 0.198448 0.538106 0.557179 0.546231 0.365909 0.541338 0.322017 0.0841542 0.0125638 0.0839798 0.0139645 0.068886 0.0135694 0.0693375 0.0121919 0.542488 0.277274 0.0545201 0.0131658 0.0552341 0.0118358 0.542862 0.243609 0.0435585 0.0128095 0.0444189 0.0115243 0.54133 0.213792 0.0346506 0.0125881 0.0357348 0.0113536 0.537441 0.212695 0.628482 0.566602 0.622662 0.56603 0.618973 0.551995 0.629015 0.554824 0.628541 0.585119 0.623623 0.5856 0.620345 0.536073 0.627913 0.538224 0.620805 0.365936 0.632208 0.361386 0.619261 0.321397 0.626292 0.320694 0.615853 0.277697 0.623741 0.276828 0.0270247 0.0171148 0.028115 0.0141835 0.0333646 0.0142779 0.0323346 0.0172736 0.61591 0.147342 0.623367 0.153296 0.624759 0.158527 0.619232 0.157432 0.609916 0.210559 0.622792 0.208907 0.622001 0.238757 0.611631 0.240448 0.630446 0.603297 0.626253 0.603745 0.041664 0.0174043 0.0425396 0.0144161 0.0537691 0.0147343 0.0530711 0.0177309 0.0684669 0.0150791 0.0680582 0.0180829 0.0838771 0.0154634 0.0838591 0.0184772 0.604511 0.553603 0.594423 0.555821 0.57568 0.561028 0.559006 0.565362 0.53749 0.192322 0.547614 0.191039 0.0297588 0.012212 0.580605 0.214366 0.67606 0.195061 0.675926 0.185332 0.715538 0.185266 0.715636 0.194503 0.675995 0.176889 0.715398 0.17713 0.566061 0.200299 0.574417 0.204222 0.572685 0.208536 0.583045 0.210343 0.624559 0.176884 0.624204 0.185979 0.617786 0.186998 0.618999 0.176613 0.624037 0.196051 0.61751 0.196897 0.754444 0.194398 0.754444 0.177176 0.584811 0.206562 0.566438 0.197142 0.584467 0.202441 0.593564 0.209394 0.566859 0.193092 0.754444 0.185233 0.575457 0.200416 0.576161 0.195999 0.832134 0.366278 0.832715 0.536656 0.793391 0.537619 0.793371 0.367561 0.832645 0.319939 0.79327 0.320039 0.832805 0.274966 0.793276 0.274804 0.832743 0.236365 0.793227 0.23622 0.832599 0.207838 0.793201 0.207591 0.793311 0.160796 0.793249 0.155984 0.83313 0.160893 0.832446 0.156742 0.0416637 0.0845466 0.0416638 0.0718296 0.052921 0.0718293 0.0529208 0.0845457 0.0680601 0.0718287 0.0847352 0.071828 0.0680599 0.0845448 0.0847352 0.0845438 0.0322625 0.0845469 0.0322627 0.0718299 0.0269196 0.0718255 0.0269667 0.0845396 0.832734 0.602359 0.793568 0.601961 0.792615 0.584974 0.833755 0.584864 0.791361 0.566588 0.835227 0.566673 0.790576 0.555694 0.836255 0.555483 0.912001 0.368003 0.907694 0.321462 0.917011 0.322085 0.918764 0.363958 0.93311 0.321976 0.931957 0.363775 0.956208 0.321706 0.948218 0.365592 0.908216 0.280563 0.915232 0.278062 0.932335 0.278531 0.957594 0.278031 0.932399 0.243838 0.913539 0.245141 0.958988 0.242555 0.961266 0.217484 0.932429 0.217364 0.905519 0.52711 0.905365 0.539599 0.906057 0.543589 0.897065 0.529959 0.903019 0.548185 0.894304 0.532253 0.905519 0.52711 0.903361 0.372809 0.918559 0.543816 0.934636 0.548795 0.952448 0.55425 0.904085 0.322633 0.920561 0.218428 0.959036 0.204048 0.932429 0.217363 0.943385 0.203742 0.957901 0.367378 0.969394 0.563304 0.964976 0.321892 0.964331 0.277619 0.964369 0.243146 0.965602 0.214771 0.965053 0.204227 0.907971 0.243702 0.915173 0.216325 0.902631 0.242136 0.911925 0.213974 0.90392 0.27976 0.898473 0.278706 0.893683 0.369641 0.899909 0.372558 0.916664 0.548221 0.915488 0.551976 0.895077 0.321964 0.900407 0.322416 0.9332 0.553551 0.932579 0.556997 0.953807 0.558796 0.951064 0.562593 0.969394 0.563304 0.975392 0.564977 0.953807 0.558796 0.960905 0.195114 0.969319 0.198448 0.96785 0.201062 0.960454 0.198762 0.962688 0.365913 0.971869 0.558395 0.967549 0.322017 0.0841544 0.106137 0.0693377 0.106508 0.0688862 0.105131 0.0839798 0.104736 0.966399 0.277274 0.0552344 0.106864 0.0545201 0.105534 0.966025 0.243609 0.0444187 0.107176 0.0435583 0.105891 0.967557 0.213792 0.0357347 0.107347 0.0346506 0.106112 0.971446 0.212694 0.880405 0.566603 0.879871 0.554824 0.889914 0.551995 0.886225 0.56603 0.885264 0.585601 0.880346 0.585119 0.880974 0.538224 0.888542 0.536073 0.876679 0.361386 0.888083 0.365936 0.882595 0.320694 0.889626 0.321397 0.885146 0.276828 0.893035 0.277697 0.0270246 0.101585 0.0323344 0.101427 0.0333648 0.104422 0.0281148 0.104517 0.892977 0.147342 0.889655 0.157432 0.884128 0.158527 0.885521 0.153296 0.898972 0.210559 0.897256 0.240448 0.886886 0.238757 0.886095 0.208907 0.878441 0.603297 0.882635 0.603745 0.0416635 0.101296 0.0530711 0.100969 0.0537693 0.103966 0.0425396 0.104284 0.0680584 0.100617 0.0684671 0.103621 0.0838593 0.100223 0.0838773 0.103237 0.904376 0.553603 0.914464 0.555821 0.93322 0.561028 0.950237 0.565017 0.971397 0.192322 0.961273 0.191039 0.0297591 0.106488 0.928282 0.214366 0.832827 0.195061 0.793252 0.194503 0.79335 0.185266 0.832961 0.185332 0.793489 0.17713 0.832893 0.176889 0.942826 0.200299 0.936202 0.208536 0.934471 0.204222 0.925843 0.210343 0.884328 0.176884 0.889888 0.176613 0.891102 0.186998 0.884683 0.185979 0.891377 0.196897 0.88485 0.196051 0.924076 0.206562 0.942449 0.197142 0.92442 0.202441 0.915323 0.209394 0.942028 0.193091 0.93343 0.200416 0.932726 0.195999 0.148288 0.0468747 0.150516 0.0468747 0.150509 0.0593501 0.14828 0.0593501 0.715572 0.633637 0.715583 0.630976 0.754444 0.631122 0.754444 0.633712 0.143725 0.0139517 0.146183 0.0139275 0.148039 0.015669 0.146423 0.0170091 0.531272 0.562783 0.528437 0.56855 0.524913 0.570316 0.632976 0.63306 0.632755 0.635386 0.624425 0.638818 0.627845 0.634762 0.150535 0.0202444 0.148309 0.0202696 0.147054 0.0172806 0.149397 0.0172653 0.833093 0.630424 0.833279 0.633202 0.793315 0.633637 0.793304 0.630977 0.150524 0.0845399 0.148297 0.0845399 0.148288 0.0718257 0.150516 0.0718255 0.975392 0.564977 0.977628 0.563545 0.983736 0.567691 0.98098 0.57015 0.985564 0.562632 0.148309 0.0984306 0.150535 0.0984558 0.149397 0.101435 0.147053 0.10142 0.876132 0.635386 0.875912 0.63306 0.881042 0.634762 0.884462 0.638818 0.675795 0.630424 0.148297 0.0341601 0.14828 0.0593501 0.527863 0.572474 0.0847352 0.05935 0.14828 0.0593501 0.14828 0.0593501 0.145635 0.103536 0.143725 0.104748 0.980633 0.572684 0.150524 0.0341604 0.675608 0.633201 0.523493 0.573681 0.985571 0.573876 0.148092 0.10324 0.464204 0.39401 0.469689 0.393791 0.469389 0.38929 0.463691 0.389458 0.468955 0.382293 0.463096 0.382096 0.474837 0.393999 0.474824 0.389014 0.474521 0.382361 0.482545 0.388546 0.482187 0.382389 0.296802 0.394196 0.295255 0.393686 0.294247 0.394019 0.296307 0.395004 0.314103 0.393966 0.314493 0.395736 0.464416 0.395974 0.313437 0.389363 0.469713 0.395282 0.482211 0.390467 0.31265 0.382048 0.483738 0.382381 0.482545 0.388546 0.483976 0.386297 0.475286 0.394813 0.483019 0.391082 0.314545 0.396607 0.464552 0.396855 0.469992 0.396136 0.293607 0.38875 0.29269 0.388984 0.291576 0.381738 0.29068 0.382128 0.484514 0.381444 0.484962 0.386531 0.312691 0.381202 0.463098 0.381255 0.469083 0.381443 0.474776 0.381485 0.482644 0.381457 0.506146 0.385798 0.504882 0.385721 0.504722 0.3815 0.506 0.381547 0.024699 0.389763 0.0270898 0.389625 0.0275154 0.390937 0.0251367 0.391041 0.0482043 0.391761 0.0481385 0.390457 0.215595 0.390586 0.215605 0.391888 0.222113 0.390616 0.221966 0.391916 0.228557 0.390597 0.228287 0.391894 0.0247254 0.411278 0.0270793 0.411208 0.0275356 0.412529 0.0252082 0.41257 0.238397 0.390483 0.237963 0.391764 0.505491 0.391604 0.504182 0.391769 0.0362784 0.411007 0.0365871 0.412328 0.0429181 0.410851 0.043098 0.412176 0.0498967 0.410678 0.0499041 0.412006 0.0478414 0.382988 0.215251 0.382988 0.228561 0.382988 0.238465 0.382988 0.222117 0.382988 0.498581 0.398738 0.498581 0.394061 0.506122 0.39405 0.505994 0.398517 0.0429172 0.403737 0.050283 0.403737 0.0270451 0.403737 0.036209 0.403737 0.0246978 0.403737 0.497947 0.391758 0.497947 0.385729 0.497947 0.381492 0.0270937 0.382988 0.0246978 0.382988 0.22794 0.392838 0.237219 0.392809 0.0261114 0.392154 0.0282367 0.392043 0.0483024 0.392707 0.215607 0.39281 0.291796 0.389013 0.293424 0.394341 0.221802 0.392846 0.0433363 0.413139 0.0499806 0.412972 0.0369933 0.413298 0.0282105 0.413514 0.485837 0.386648 0.485264 0.381 0.0261215 0.413601 0.48289 0.389558 0.483687 0.388024 0.48467 0.388279 0.483876 0.389868 0.507262 0.398391 0.507278 0.399673 0.506007 0.399788 0.240977 0.390415 0.240515 0.391685 0.239394 0.391719 0.239883 0.390443 0.507415 0.39406 0.240046 0.382988 0.483743 0.391446 0.484793 0.389962 0.498581 0.40002 0.241025 0.382988 0.485554 0.388412 0.290942 0.381209 0.289938 0.380734 0.289713 0.38171 0.24203 0.412362 0.240934 0.412351 0.242037 0.411205 0.243066 0.411212 0.242588 0.409887 0.243566 0.409899 0.504109 0.392478 0.505422 0.392302 0.217847 0.411899 0.217765 0.412889 0.217914 0.410572 0.218248 0.403736 0.291869 0.380859 0.242584 0.403737 0.243563 0.403736 0.497947 0.392468 0.464204 0.411148 0.463691 0.406596 0.469389 0.406428 0.469689 0.410929 0.463096 0.399234 0.468955 0.399431 0.474824 0.406152 0.474837 0.411137 0.474521 0.399499 0.482187 0.399527 0.482545 0.405684 0.296802 0.411335 0.296307 0.412142 0.294247 0.411157 0.295255 0.410824 0.314493 0.412874 0.314103 0.411104 0.464416 0.413113 0.313437 0.406501 0.469713 0.412421 0.482211 0.407605 0.31265 0.399186 0.483738 0.399519 0.483976 0.403435 0.482545 0.405684 0.483019 0.40822 0.475286 0.411951 0.314545 0.413745 0.464552 0.413993 0.469992 0.413274 0.29269 0.406122 0.293607 0.405888 0.29068 0.399266 0.291576 0.398876 0.484514 0.398582 0.484962 0.403669 0.312691 0.39834 0.463098 0.398393 0.469083 0.398581 0.474776 0.398623 0.482644 0.398595 0.489747 0.385798 0.489894 0.381547 0.491171 0.3815 0.491012 0.385721 0.024699 0.376213 0.0251366 0.374935 0.0275155 0.375039 0.0270899 0.376351 0.0481386 0.375519 0.0482042 0.374215 0.215605 0.374088 0.215595 0.37539 0.221966 0.37406 0.222113 0.37536 0.228287 0.374082 0.228557 0.37538 0.0247255 0.396195 0.0252082 0.394903 0.0275354 0.394944 0.0270792 0.396265 0.237963 0.374212 0.238397 0.375492 0.491711 0.391769 0.490403 0.391604 0.0365871 0.395146 0.0362784 0.396467 0.0430981 0.395298 0.0429181 0.396622 0.0499041 0.395467 0.0498968 0.396795 0.491168 0.398517 0.491039 0.39405 0.22794 0.373138 0.237219 0.373167 0.0261114 0.373823 0.0282367 0.373933 0.0483024 0.373269 0.215606 0.373167 0.291796 0.406151 0.293424 0.411479 0.221802 0.37313 0.0433363 0.394334 0.0499806 0.394501 0.0369932 0.394175 0.0282106 0.393959 0.485837 0.403786 0.485264 0.398138 0.0261215 0.393872 0.48289 0.406696 0.48467 0.405417 0.483687 0.405162 0.483876 0.407006 0.491154 0.399789 0.489883 0.399673 0.4899 0.398391 0.240977 0.375562 0.239883 0.375533 0.239394 0.374257 0.240515 0.374291 0.489747 0.394061 0.484793 0.4071 0.483743 0.408584 0.485554 0.40555 0.289713 0.398848 0.289938 0.397872 0.290942 0.398347 0.242029 0.395111 0.243066 0.396261 0.242037 0.396268 0.240934 0.395122 0.242588 0.397586 0.243566 0.397574 0.491785 0.392478 0.490471 0.392302 0.217765 0.394584 0.217847 0.395574 0.217914 0.396901 0.291869 0.397997 0.626339 0.100015 0.626339 0.101469 0.462337 0.101469 0.462337 0.100015 0.626339 0.103456 0.462337 0.103456 0.626339 0.105442 0.462337 0.105442 0.81643 0.125462 0.81643 0.123775 0.965839 0.123775 0.965839 0.125462 0.81643 0.121472 0.965839 0.121472 0.81643 0.119168 0.965839 0.119168 0.81643 0.117481 0.965839 0.117481 0.815076 0.107414 0.815076 0.105428 0.979078 0.105428 0.979078 0.107414 0.815076 0.103441 0.979078 0.103441 0.815076 0.101987 0.979078 0.101987 0.965839 0.1164 0.81643 0.1164 0.81643 0.114557 0.965839 0.114557 0.81643 0.112714 0.965839 0.112714 0.815076 0.0167252 0.979078 0.0167252 0.462337 0.0147533 0.626339 0.0147533 0.81643 0.116861 0.965839 0.116861 0.81643 0.112253 0.965839 0.112253 0.0709398 0.357725 0.0706588 0.360639 0.0772962 0.361367 0.0773227 0.358378 0.435882 0.368785 0.435117 0.36494 0.427914 0.366253 0.428769 0.370116 0.435117 0.36494 0.434389 0.361157 0.4273 0.362348 0.427914 0.366253 0.434389 0.361157 0.433883 0.358168 0.427052 0.359101 0.4273 0.362348 0.433377 0.35531 0.433211 0.353025 0.426725 0.353585 0.426639 0.355972 0.433021 0.350695 0.426804 0.351216 0.432736 0.348356 0.426843 0.348901 0.432314 0.346049 0.426828 0.346672 0.431822 0.343803 0.426766 0.344467 0.0721222 0.348177 0.0718129 0.350343 0.0775305 0.350798 0.0774731 0.348499 0.0715226 0.352549 0.0776137 0.353163 0.0712044 0.354782 0.0776985 0.355527 0.077765 0.357825 0.150801 0.357974 0.150803 0.355664 0.0777878 0.360044 0.150801 0.360193 0.0777623 0.36227 0.150799 0.362423 0.42658 0.358265 0.354633 0.355983 0.354631 0.358286 0.354634 0.35365 0.354635 0.35129 0.354638 0.349003 0.354637 0.346782 0.35464 0.344604 0.150805 0.350908 0.150806 0.348608 0.150804 0.353291 0.248859 0.270589 0.246646 0.270863 0.246671 0.273537 0.248927 0.27361 0.251024 0.270226 0.25114 0.273683 0.253194 0.269868 0.253357 0.273747 0.258317 0.269319 0.256071 0.269525 0.255969 0.274114 0.258232 0.274115 0.26061 0.269273 0.26052 0.274103 0.262895 0.269396 0.262803 0.274077 0.265143 0.269679 0.265059 0.274033 0.26733 0.270055 0.267286 0.273971 0.269534 0.270417 0.269521 0.273917 0.242123 0.270909 0.239894 0.270692 0.239829 0.273412 0.242086 0.273442 0.244384 0.270977 0.244375 0.273475 0.2245 0.360621 0.22419 0.357828 0.217569 0.358375 0.217579 0.36128 0.280247 0.36485 0.279559 0.368709 0.287138 0.37006 0.287956 0.366193 0.281012 0.361066 0.288549 0.362286 0.281658 0.358119 0.288784 0.359044 0.282575 0.353065 0.282207 0.355259 0.289172 0.355917 0.289084 0.353531 0.282966 0.350852 0.289 0.351143 0.283296 0.348615 0.288947 0.348829 0.283478 0.346342 0.288941 0.346595 0.283475 0.344033 0.288986 0.344366 0.223159 0.350669 0.222839 0.348518 0.217521 0.348577 0.217455 0.350875 0.223606 0.352832 0.217364 0.353239 0.224047 0.355038 0.217272 0.355602 0.217203 0.357899 0.217177 0.360117 0.217202 0.36234 0.289228 0.358205 0.0575265 0.343481 0.055613 0.344186 0.0586719 0.349589 0.0601068 0.348083 0.0536011 0.344982 0.0570709 0.350988 0.0516188 0.345861 0.0552242 0.35219 0.451808 0.345879 0.44972 0.344963 0.446348 0.349924 0.447819 0.351834 0.447796 0.344158 0.445034 0.348002 0.445947 0.343372 0.443778 0.346117 0.444132 0.342676 0.44248 0.344257 0.443563 0.340866 0.441402 0.342121 0.44268 0.338746 0.440258 0.340076 0.0631028 0.341503 0.0611585 0.342164 0.0627623 0.344996 0.064191 0.343538 0.0593442 0.342826 0.0614436 0.346532 0.0666227 0.353074 0.0653638 0.354852 0.070448 0.356979 0.0641837 0.356662 0.0695156 0.359035 0.0631659 0.358584 0.0684507 0.36098 0.439278 0.356658 0.438358 0.354415 0.433456 0.357712 0.437324 0.352196 0.436293 0.349968 0.435348 0.347731 0.434568 0.345495 0.433964 0.343286 0.0699377 0.347468 0.0689475 0.349399 0.0678372 0.351267 0.0631517 0.351034 0.0619197 0.352752 0.0606154 0.35441 0.059163 0.356078 0.44354 0.354961 0.44249 0.352774 0.441455 0.350562 0.440439 0.348337 0.439411 0.346137 0.438402 0.34396 0.437368 0.341866 0.0665579 0.345692 0.0654305 0.347468 0.0643115 0.349264 0.0562796 0.337112 0.056706 0.34075 0.0588114 0.340756 0.0585335 0.337075 0.0540583 0.337185 0.0545569 0.340867 0.0518663 0.337274 0.0524199 0.341197 0.0496559 0.337349 0.0503389 0.341839 0.453003 0.341877 0.453153 0.337645 0.450864 0.337664 0.450646 0.34183 0.448536 0.337693 0.44839 0.341832 0.446205 0.33773 0.446234 0.341814 0.443901 0.337759 0.444061 0.341725 0.44163 0.337783 0.441672 0.341947 0.439365 0.337796 0.439275 0.341965 0.0629293 0.340668 0.0630221 0.337056 0.0607896 0.337064 0.0608693 0.340769 0.0557525 0.27352 0.0535077 0.273554 0.051292 0.273599 0.0490923 0.273644 0.452531 0.27382 0.450275 0.27386 0.447984 0.273879 0.445685 0.273883 0.443437 0.273859 0.441208 0.273832 0.438977 0.2738 0.0625868 0.273531 0.0603378 0.273508 0.058036 0.273504 0.44171 0.342735 0.439327 0.342962 0.24572 0.344616 0.243754 0.343816 0.241713 0.347752 0.243261 0.349167 0.247747 0.345475 0.244919 0.350518 0.249731 0.346376 0.246754 0.351708 0.259914 0.344783 0.257781 0.34562 0.260561 0.350843 0.262311 0.349201 0.261891 0.343962 0.263908 0.347528 0.263803 0.343071 0.265436 0.345913 0.265797 0.342285 0.266961 0.344389 0.267378 0.340875 0.268308 0.342832 0.270825 0.342149 0.268353 0.342226 0.268616 0.344876 0.270588 0.3454 0.240027 0.342296 0.238162 0.341486 0.236447 0.343482 0.238223 0.345188 0.241864 0.343083 0.240311 0.346593 0.229193 0.35452 0.224737 0.357296 0.229835 0.35657 0.228425 0.352565 0.227715 0.3504 0.227507 0.348272 0.278495 0.346338 0.27857 0.343997 0.278176 0.34867 0.277741 0.350983 0.277288 0.353279 0.276914 0.355595 0.276684 0.357963 0.282168 0.357625 0.230434 0.358659 0.225326 0.359504 0.225715 0.361681 0.23088 0.360786 0.236179 0.352529 0.239306 0.350547 0.237652 0.349301 0.234257 0.351228 0.24078 0.352018 0.237658 0.354106 0.242184 0.353531 0.238898 0.355839 0.243607 0.355186 0.239791 0.357815 0.263578 0.354145 0.265181 0.352321 0.267456 0.356299 0.268938 0.354299 0.266821 0.350509 0.270596 0.35236 0.268433 0.348675 0.272251 0.350371 0.269905 0.346787 0.273639 0.348251 0.271074 0.344768 0.274493 0.346008 0.271928 0.342695 0.269256 0.341407 0.274767 0.343746 0.234569 0.345854 0.23557 0.347734 0.231466 0.347573 0.23236 0.34946 0.245268 0.338404 0.245041 0.34096 0.247421 0.341199 0.247844 0.338541 0.242671 0.338222 0.242617 0.340907 0.249369 0.341346 0.250203 0.338689 0.251273 0.341931 0.252175 0.338699 0.256621 0.33848 0.256409 0.341427 0.258726 0.341476 0.258465 0.338469 0.261414 0.341516 0.261056 0.338468 0.263767 0.341502 0.263654 0.338467 0.265639 0.34138 0.265715 0.338457 0.268522 0.341511 0.267735 0.338432 0.270657 0.341243 0.270623 0.338362 0.238341 0.338122 0.237958 0.340711 0.240072 0.340847 0.240135 0.338158 0.0712044 0.354782 0.0713822 0.35526 0.0773391 0.35605 0.0776985 0.355527 0.333754 0.371003 0.334239 0.371226 0.336004 0.369721 0.335443 0.369439 0.329768 0.369439 0.329208 0.369909 0.33086 0.371088 0.331345 0.371004 0.335443 0.369439 0.336004 0.369721 0.336698 0.367628 0.336061 0.367301 0.329192 0.367301 0.328555 0.367679 0.329208 0.369909 0.329768 0.369439 0.336061 0.367301 0.336698 0.367628 0.336062 0.365204 0.335443 0.365164 0.329768 0.365164 0.32915 0.365068 0.328555 0.367679 0.329192 0.367301 0.335443 0.365164 0.336062 0.365204 0.334146 0.363188 0.333754 0.363599 0.426639 0.355972 0.426707 0.356584 0.433052 0.356011 0.433377 0.35531 0.331345 0.363599 0.330802 0.363188 0.32915 0.365068 0.329768 0.365164 0.32234 0.369431 0.321871 0.369712 0.323635 0.371405 0.324029 0.370996 0.217272 0.355602 0.217339 0.356149 0.224062 0.35559 0.224047 0.355038 0.311705 0.370996 0.312099 0.371405 0.313708 0.369712 0.313239 0.369431 0.321722 0.367294 0.321177 0.367294 0.321871 0.369712 0.32234 0.369431 0.313239 0.369431 0.313708 0.369712 0.314345 0.367294 0.313801 0.367294 0.32234 0.365156 0.321871 0.364875 0.321177 0.367294 0.321722 0.367294 0.313801 0.367294 0.314345 0.367294 0.313708 0.364875 0.313239 0.365156 0.282207 0.355259 0.282086 0.35584 0.289112 0.356535 0.289172 0.355917 0.324029 0.363592 0.323635 0.363182 0.321871 0.364875 0.32234 0.365156 0.313239 0.365156 0.313708 0.364875 0.312099 0.363182 0.311705 0.363592 0.0713822 0.35526 0.0709398 0.357725 0.0773227 0.358378 0.0773391 0.35605 0.334239 0.371226 0.335766 0.373057 0.337825 0.370852 0.336004 0.369721 0.329208 0.369909 0.327386 0.370852 0.329333 0.373057 0.33086 0.371088 0.336004 0.369721 0.337825 0.370852 0.338814 0.367301 0.336698 0.367628 0.328555 0.367679 0.326438 0.367301 0.327386 0.370852 0.329208 0.369909 0.336698 0.367628 0.338814 0.367301 0.337825 0.363751 0.336062 0.365204 0.32915 0.365068 0.327386 0.36375 0.326438 0.367301 0.328555 0.367679 0.336062 0.365204 0.337825 0.363751 0.335766 0.361545 0.334146 0.363188 0.426707 0.356584 0.427052 0.359101 0.433883 0.358168 0.433052 0.356011 0.330802 0.363188 0.329333 0.361545 0.327386 0.36375 0.32915 0.365068 0.321871 0.369712 0.319952 0.370838 0.322008 0.373042 0.323635 0.371405 0.217339 0.356149 0.217569 0.358375 0.22419 0.357828 0.224062 0.35559 0.312099 0.371405 0.313725 0.373042 0.315627 0.370838 0.313708 0.369712 0.321177 0.367294 0.318966 0.367294 0.319952 0.370838 0.321871 0.369712 0.313708 0.369712 0.315627 0.370838 0.316556 0.367294 0.314345 0.367294 0.321871 0.364875 0.319952 0.363749 0.318966 0.367294 0.321177 0.367294 0.314345 0.367294 0.316556 0.367294 0.315627 0.363749 0.313708 0.364875 0.282086 0.35584 0.281658 0.358119 0.288784 0.359044 0.289112 0.356535 0.323635 0.363182 0.322008 0.361545 0.319952 0.363749 0.321871 0.364875 0.313708 0.364875 0.315627 0.363749 0.313725 0.361545 0.312099 0.363182 0.232555 0.353845 0.233563 0.355718 0.234426 0.357714 0.235029 0.359846 0.272358 0.357663 0.273154 0.35536 0.274094 0.353165 0.275077 0.350962 0.275941 0.348661 0.276497 0.34626 0.276629 0.343841 0.22948 0.348116 0.230009 0.3502 0.23127 0.352183 0.0558286 0.151191 0.0580645 0.151196 0.05806 0.14871 0.056624 0.148661 0.0553867 0.1484 0.0536152 0.15118 0.304455 0.363899 0.305508 0.36359 0.305559 0.361545 0.303457 0.362138 0.306617 0.363882 0.307695 0.362138 0.307492 0.36475 0.309295 0.363756 0.448689 0.148629 0.447301 0.148812 0.447682 0.151702 0.449961 0.151659 0.445804 0.148833 0.445416 0.151694 0.444478 0.14863 0.443167 0.151639 0.306648 0.368067 0.305539 0.368362 0.305594 0.37039 0.307731 0.369797 0.304445 0.368043 0.303457 0.369797 0.0607435 0.148414 0.0595005 0.148661 0.0602932 0.151194 0.0625107 0.151187 0.0514383 0.151221 0.0492279 0.151264 0.452236 0.151619 0.440953 0.151599 0.438734 0.151558 0.303631 0.364762 0.305536 0.365968 0.307814 0.365968 0.307495 0.3672 0.303625 0.367177 0.303319 0.365968 0.245011 0.150932 0.247213 0.151008 0.245518 0.148356 0.244228 0.148547 0.242772 0.148584 0.24279 0.150928 0.295089 0.369797 0.297219 0.37039 0.296989 0.368482 0.295859 0.368102 0.29935 0.369797 0.298177 0.368202 0.300909 0.368179 0.299097 0.367285 0.260238 0.151202 0.262526 0.151362 0.262569 0.148568 0.261082 0.148378 0.264811 0.151302 0.264054 0.148401 0.300909 0.363756 0.29935 0.362138 0.298151 0.363778 0.299072 0.364663 0.297219 0.361545 0.296989 0.363517 0.295089 0.362138 0.295888 0.363882 0.238386 0.151142 0.240579 0.151001 0.241322 0.148556 0.240045 0.148418 0.269245 0.151061 0.271438 0.150848 0.267052 0.151165 0.257996 0.151068 0.249412 0.151182 0.251603 0.151352 0.296989 0.365968 0.295055 0.367187 0.299438 0.365968 0.295082 0.364763 0.29477 0.365968 </float_array>
          <technique_common>
            <accessor count="2428" offset="0" source="#meshId0-tex0-array" stride="2">
              <param name="S" type="float" />
              <param name="T" type="float" />
            </accessor>
          </technique_common>
        </source>
        <vertices id="meshId0-vertices">
          <input semantic="POSITION" source="#meshId0-positions" />
          <input semantic="NORMAL" source="#meshId0-normals" />
          <input semantic="TANGENT" source="#meshId0-tangents" />
          <input semantic="BINORMAL" source="#meshId0-bitangents" />
          <input semantic="TEXCOORD" source="#meshId0-tex0"  />
        </vertices>
        <polylist count="3248" material="defaultMaterial">
          <input offset="0" semantic="VERTEX" source="#meshId0-vertices" />
          <vcount>3 3 3 3 3 3 3 3 3 3 3 3 3 3 3 3 3 3 3 3 3 3 3 3 3 3 3 3 3 3 3 3 3 3 3 3 3 3 3 3 3 3 3 3 3 3 3 3 3 3 3 3 3 3 3 3 3 3 3 3 3 3 3 3 3 3 3 3 3 3 3 3 3 3 3 3 3 3 3 3 3 3 3 3 3 3 3 3 3 3 3 3 3 3 3 3 3 3 3 3 3 3 3 3 3 3 3 3 3 3 3 3 3 3 3 3 3 3 3 3 3 3 3 3 3 3 3 3 3 3 3 3 3 3 3 3 3 3 3 3 3 3 3 3 3 3 3 3 3 3 3 3 3 3 3 3 3 3 3 3 3 3 3 3 3 3 3 3 3 3 3 3 3 3 3 3 3 3 3 3 3 3 3 3 3 3 3 3 3 3 3 3 3 3 3 3 3 3 3 3 3 3 3 3 3 3 3 3 3 3 3 3 3 3 3 3 3 3 3 3 3 3 3 3 3 3 3 3 3 3 3 3 3 3 3 3 3 3 3 3 3 3 3 3 3 3 3 3 3 3 3 3 3 3 3 3 3 3 3 3 3 3 3 3 3 3 3 3 3 3 3 3 3 3 3 3 3 3 3 3 3 3 3 3 3 3 3 3 3 3 3 3 3 3 3 3 3 3 3 3 3 3 3 3 3 3 3 3 3 3 3 3 3 3 3 3 3 3 3 3 3 3 3 3 3 3 3 3 3 3 3 3 3 3 3 3 3 3 3 3 3 3 3 3 3 3 3 3 3 3 3 3 3 3 3 3 3 3 3 3 3 3 3 3 3 3 3 3 3 3 3 3 3 3 3 3 3 3 3 3 3 3 3 3 3 3 3 3 3 3 3 3 3 3 3 3 3 3 3 3 3 3 3 3 3 3 3 3 3 3 3 3 3 3 3 3 3 3 3 3 3 3 3 3 3 3 3 3 3 3 3 3 3 3 3 3 3 3 3 3 3 3 3 3 3 3 3 3 3 3 3 3 3 3 3 3 3 3 3 3 3 3 3 3 3 3 3 3 3 3 3 3 3 3 3 3 3 3 3 3 3 3 3 3 3 3 3 3 3 3 3 3 3 3 3 3 3 3 3 3 3 3 3 3 3 3 3 3 3 3 3 3 3 3 3 3 3 3 3 3 3 3 3 3 3 3 3 3 3 3 3 3 3 3 3 3 3 3 3 3 3 3 3 3 3 3 3 3 3 3 3 3 3 3 3 3 3 3 3 3 3 3 3 3 3 3 3 3 3 3 3 3 3 3 3 3 3 3 3 3 3 3 3 3 3 3 3 3 3 3 3 3 3 3 3 3 3 3 3 3 3 3 3 3 3 3 3 3 3 3 3 3 3 3 3 3 3 3 3 3 3 3 3 3 3 3 3 3 3 3 3 3 3 3 3 3 3 3 3 3 3 3 3 3 3 3 3 3 3 3 3 3 3 3 3 3 3 3 3 3 3 3 3 3 3 3 3 3 3 3 3 3 3 3 3 3 3 3 3 3 3 3 3 3 3 3 3 3 3 3 3 3 3 3 3 3 3 3 3 3 3 3 3 3 3 3 3 3 3 3 3 3 3 3 3 3 3 3 3 3 3 3 3 3 3 3 3 3 3 3 3 3 3 3 3 3 3 3 3 3 3 3 3 3 3 3 3 3 3 3 3 3 3 3 3 3 3 3 3 3 3 3 3 3 3 3 3 3 3 3 3 3 3 3 3 3 3 3 3 3 3 3 3 3 3 3 3 3 3 3 3 3 3 3 3 3 3 3 3 3 3 3 3 3 3 3 3 3 3 3 3 3 3 3 3 3 3 3 3 3 3 3 3 3 3 3 3 3 3 3 3 3 3 3 3 3 3 3 3 3 3 3 3 3 3 3 3 3 3 3 3 3 3 3 3 3 3 3 3 3 3 3 3 3 3 3 3 3 3 3 3 3 3 3 3 3 3 3 3 3 3 3 3 3 3 3 3 3 3 3 3 3 3 3 3 3 3 3 3 3 3 3 3 3 3 3 3 3 3 3 3 3 3 3 3 3 3 3 3 3 3 3 3 3 3 3 3 3 3 3 3 3 3 3 3 3 3 3 3 3 3 3 3 3 3 3 3 3 3 3 3 3 3 3 3 3 3 3 3 3 3 3 3 3 3 3 3 3 3 3 3 3 3 3 3 3 3 3 3 3 3 3 3 3 3 3 3 3 3 3 3 3 3 3 3 3 3 3 3 3 3 3 3 3 3 3 3 3 3 3 3 3 3 3 3 3 3 3 3 3 3 3 3 3 3 3 3 3 3 3 3 3 3 3 3 3 3 3 3 3 3 3 3 3 3 3 3 3 3 3 3 3 3 3 3 3 3 3 3 3 3 3 3 3 3 3 3 3 3 3 3 3 3 3 3 3 3 3 3 3 3 3 3 3 3 3 3 3 3 3 3 3 3 3 3 3 3 3 3 3 3 3 3 3 3 3 3 3 3 3 3 3 3 3 3 3 3 3 3 3 3 3 3 3 3 3 3 3 3 3 3 3 3 3 3 3 3 3 3 3 3 3 3 3 3 3 3 3 3 3 3 3 3 3 3 3 3 3 3 3 3 3 3 3 3 3 3 3 3 3 3 3 3 3 3 3 3 3 3 3 3 3 3 3 3 3 3 3 3 3 3 3 3 3 3 3 3 3 3 3 3 3 3 3 3 3 3 3 3 3 3 3 3 3 3 3 3 3 3 3 3 3 3 3 3 3 3 3 3 3 3 3 3 3 3 3 3 3 3 3 3 3 3 3 3 3 3 3 3 3 3 3 3 3 3 3 3 3 3 3 3 3 3 3 3 3 3 3 3 3 3 3 3 3 3 3 3 3 3 3 3 3 3 3 3 3 3 3 3 3 3 3 3 3 3 3 3 3 3 3 3 3 3 3 3 3 3 3 3 3 3 3 3 3 3 3 3 3 3 3 3 3 3 3 3 3 3 3 3 3 3 3 3 3 3 3 3 3 3 3 3 3 3 3 3 3 3 3 3 3 3 3 3 3 3 3 3 3 3 3 3 3 3 3 3 3 3 3 3 3 3 3 3 3 3 3 3 3 3 3 3 3 3 3 3 3 3 3 3 3 3 3 3 3 3 3 3 3 3 3 3 3 3 3 3 3 3 3 3 3 3 3 3 3 3 3 3 3 3 3 3 3 3 3 3 3 3 3 3 3 3 3 3 3 3 3 3 3 3 3 3 3 3 3 3 3 3 3 3 3 3 3 3 3 3 3 3 3 3 3 3 3 3 3 3 3 3 3 3 3 3 3 3 3 3 3 3 3 3 3 3 3 3 3 3 3 3 3 3 3 3 3 3 3 3 3 3 3 3 3 3 3 3 3 3 3 3 3 3 3 3 3 3 3 3 3 3 3 3 3 3 3 3 3 3 3 3 3 3 3 3 3 3 3 3 3 3 3 3 3 3 3 3 3 3 3 3 3 3 3 3 3 3 3 3 3 3 3 3 3 3 3 3 3 3 3 3 3 3 3 3 3 3 3 3 3 3 3 3 3 3 3 3 3 3 3 3 3 3 3 3 3 3 3 3 3 3 3 3 3 3 3 3 3 3 3 3 3 3 3 3 3 3 3 3 3 3 3 3 3 3 3 3 3 3 3 3 3 3 3 3 3 3 3 3 3 3 3 3 3 3 3 3 3 3 3 3 3 3 3 3 3 3 3 3 3 3 3 3 3 3 3 3 3 3 3 3 3 3 3 3 3 3 3 3 3 3 3 3 3 3 3 3 3 3 3 3 3 3 3 3 3 3 3 3 3 3 3 3 3 3 3 3 3 3 3 3 3 3 3 3 3 3 3 3 3 3 3 3 3 3 3 3 3 3 3 3 3 3 3 3 3 3 3 3 3 3 3 3 3 3 3 3 3 3 3 3 3 3 3 3 3 3 3 3 3 3 3 3 3 3 3 3 3 3 3 3 3 3 3 3 3 3 3 3 3 3 3 3 3 3 3 3 3 3 3 3 3 3 3 3 3 3 3 3 3 3 3 3 3 3 3 3 3 3 3 3 3 3 3 3 3 3 3 3 3 3 3 3 3 3 3 3 3 3 3 3 3 3 3 3 3 3 3 3 3 3 3 3 3 3 3 3 3 3 3 3 3 3 3 3 3 3 3 3 3 3 3 3 3 3 3 3 3 3 3 3 3 3 3 3 3 3 3 3 3 3 3 3 3 3 3 3 3 3 3 3 3 3 3 3 3 3 3 3 3 3 3 3 3 3 3 3 3 3 3 3 3 3 3 3 3 3 3 3 3 3 3 3 3 3 3 3 3 3 3 3 3 3 3 3 3 3 3 3 3 3 3 3 3 3 3 3 3 3 3 3 3 3 3 3 3 3 3 3 3 3 3 3 3 3 3 3 3 3 3 3 3 3 3 3 3 3 3 3 3 3 3 3 3 3 3 3 3 3 3 3 3 3 3 3 3 3 3 3 3 3 3 3 3 3 3 3 3 3 3 3 3 3 3 3 3 3 3 3 3 3 3 3 3 3 3 3 3 3 3 3 3 3 3 3 3 3 3 3 3 3 3 3 3 3 3 3 3 3 3 3 3 3 3 3 3 3 3 3 3 3 3 3 3 3 3 3 3 3 3 3 3 3 3 3 3 3 3 3 3 3 3 3 3 3 3 3 3 3 3 3 3 3 3 3 3 3 3 3 3 3 3 3 3 3 3 3 3 3 3 3 3 3 3 3 3 3 3 3 3 3 3 3 3 3 3 3 3 3 3 3 3 3 3 3 3 3 3 3 3 3 3 3 3 3 3 3 3 3 3 3 3 3 3 3 3 3 3 3 3 3 3 3 3 3 3 3 3 3 3 3 3 3 3 3 3 3 3 3 3 3 3 3 3 3 3 3 3 3 3 3 3 3 3 3 3 3 3 3 3 3 3 3 3 3 3 3 3 3 3 3 3 3 3 3 3 3 3 3 3 3 3 3 3 3 3 3 3 3 3 3 3 3 3 3 3 3 3 3 3 3 3 3 3 3 3 3 3 3 3 3 3 3 3 3 3 3 3 3 3 3 3 3 3 3 3 3 3 3 3 3 3 3 3 3 3 3 3 3 3 3 3 3 3 3 3 3 3 3 3 3 3 3 3 3 3 3 3 3 3 3 3 3 3 3 3 3 3 3 3 3 3 3 3 3 3 3 3 3 3 3 3 3 3 3 3 3 3 3 3 3 3 3 3 3 3 3 3 3 3 3 3 3 3 3 3 3 3 3 3 3 3 3 3 3 3 3 3 3 3 3 3 3 3 3 3 3 3 3 3 3 3 3 3 3 3 3 3 3 3 3 3 3 3 3 3 3 3 3 3 3 3 3 3 3 3 3 3 3 3 3 3 3 3 3 3 3 3 3 3 3 3 3 3 3 3 3 3 3 3 3 3 3 3 3 3 3 3 3 3 3 3 3 3 3 3 3 3 3 3 3 3 3 3 3 3 3 3 3 3 3 3 3 3 3 3 3 3 3 3 3 3 3 3 3 3 3 3 3 3 3 3 3 3 3 3 3 3 3 3 3 3 3 3 3 3 3 3 3 3 3 3 3 3 3 3 3 3 3 3 3 3 3 3 3 3 3 3 3 3 3 3 3 3 3 3 3 3 3 3 3 3 3 3 3 3 3 3 3 3 3 3 3 3 3 3 3 3 3 3 3 3 3 3 3 3 3 3 3 3 3 3 3 3 3 3 3 3 3 3 3 3 3 3 3 3 3 3 3 3 3 3 3 3 3 3 3 3 3 3 3 3 3 3 3 3 3 3 3 3 3 3 3 3 3 3 3 3 3 3 3 3 3 3 3 3 3 3 3 3 3 3 3 3 3 3 3 3 3 3 3 3 3 3 3 3 3 3 3 3 3 3 3 3 3 3 3 3 3 3 3 3 3 3 3 3 3 3 3 3 3 3 3 3 3 3 3 3 3 3 3 3 3 3 3 3 3 3 3 3 3 3 3 3 3 3 3 3 3 3 3 3 3 3 3 3 3 3 3 3 3 3 3 3 3 3 3 3 3 3 3 3 3 3 3 3 3 3 3 3 3 3 3 3 3 3 3 3 3 3 3 3 3 3 3 3 3 3 3 3 3 3 3 3 3 3 3 3 3 3 3 3 3 3 3 3 3 3 3 3 3 3 3 3 3 3 3 3 3 3 3 3 3 3 3 3 3 3 3 3 3 3 3 3 3 3 3 3 3 3 3 3 3 3 3 3 3 3 3 3 3 3 3 3 3 3 3 3 3 3 3 3 3 3 3 3 3 3 3 3 3 3 3 3 3 3 3 3 3 3 3 3 3 3 3 3 3 3 3 3 3 3 3 3 3 3 3 3 3 3 3 3 3 3 3 3 3 3 3 3 3 3 3 3 3 3 3 3 3 3 3 3 3 3 3 3 3 3 3 3 3 3 3 3 3 3 3 3 3 3 3 3 3 3 3 3 3 3 3 3 3 3 3 3 3 3 3 3 3 3 3 3 3 3 3 3 3 3 3 3 3 3 3 3 3 3 3 3 3 3 3 3 3 3 3 3 3 3 3 3 3 3 3 3 3 3 3 3 3 3 3 3 3 3 3 3 3 3 3 3 3 3 3 3 3 3 3 3 3 3 3 3 3 3 3 3 3 3 3 3 3 3 3 3 3 3 3 3 3 3 3 3 3 3 3 3 3 3 3 3 3 3 3 3 3 3 3 3 3 3 3 3 3 3 3 3 3 3 3 3 3 3 3 3 3 3 3 3 3 3 3 3 3 3 3 3 3 3 3 3 3 3 3 3 3 3 3 3 3 3 3 3 3 3 3 3 3 3 3 3 3 3 3 3 3 3 3 3 3 3 3 3 3 3 3 3 3 3 3 3 3 3 3 3 3 3 3 3 3 3 3 3 3 3 3 3 3 3 3 3 3 3 3 3 3 3 3 3 3 3 3 3 3 3 3 3 3 3 3 3 3 3 3 3 3 3 3 3 3 3 3 3 3 3 3 3 3 3 3 3 3 3 3 3 3 3 3 3 3 3 3 3 3 3 3 3 3 3 3 3 3 3 3 3 3 3 3 3 3 3 3 3 3 3 3 3 3 3 3 3 3 3 3 3 3 3 3 3 3 3 3 3 3 3 3 3 3 3 3 3 3 3 3 3 3 3 3 3 3 3 3 3 3 3 3 3 3 3 3 3 3 3 3 3 3 3 3 3 3 3 3 3 3 3 3 3 3 3 3 3 3 3 3 3 3 3 3 3 3 3 3 3 3 3 3 3 3 3 3 3 3 3 </vcount>
          <p>3 0 1 1 2 3 5 3 2 2 4 5 7 2 1 1 6 7 4 2 7 7 8 4 8 7 9 9 10 8 14 11 12 12 13 14 0 15 16 16 17 0 15 0 3 3 18 15 0 17 19 19 1 0 19 6 1 9 7 6 6 20 9 18 3 5 5 21 18 24 22 10 24 10 9 9 23 24 20 6 25 25 26 20 17 16 27 27 28 17 17 28 29 29 19 17 13 12 30 30 31 13 31 30 32 32 33 31 25 6 19 19 29 25 35 34 22 22 24 35 37 36 21 21 5 37 37 5 4 4 38 37 38 4 8 8 39 38 39 8 10 10 40 39 40 10 22 22 34 40 44 41 42 42 43 44 48 45 46 46 47 48 52 49 50 50 51 52 52 51 53 53 54 52 54 53 55 55 56 54 60 57 58 58 59 60 62 56 55 55 61 62 64 42 41 41 63 64 66 59 58 58 65 66 66 65 67 67 68 66 68 67 69 69 70 68 51 50 71 71 72 51 74 61 55 55 73 74 73 55 53 53 75 73 75 53 51 51 72 75 79 76 77 77 78 79 69 67 80 80 81 69 83 65 58 58 82 83 57 84 82 82 58 57 67 65 83 83 80 67 64 85 86 86 42 64 42 86 87 87 43 42 89 88 46 46 45 89 91 90 56 56 62 91 93 92 48 48 47 93 95 94 49 49 52 95 31 96 97 97 13 31 98 95 52 52 54 98 90 98 54 54 56 90 100 99 68 68 70 100 99 101 66 66 68 99 101 102 59 59 66 101 35 103 104 104 34 35 105 60 59 59 102 105 106 23 9 9 20 106 108 35 24 24 107 108 109 108 107 107 106 109 112 79 110 110 111 112 116 113 114 114 115 116 109 106 20 20 26 109 78 117 110 110 79 78 116 115 62 62 61 116 118 116 61 61 74 118 109 26 119 119 120 109 23 107 24 23 106 107 121 76 79 79 112 121 118 122 113 113 116 118 108 109 120 120 123 108 35 108 123 123 103 35 126 33 124 124 125 126 130 127 128 128 129 130 129 131 132 132 130 129 134 133 64 64 63 134 126 96 31 31 33 126 70 135 136 136 100 70 69 137 135 135 70 69 81 138 137 137 69 81 32 139 124 32 124 33 131 140 141 141 132 131 133 142 85 85 64 133 146 143 144 144 145 146 145 144 147 147 148 145 146 145 149 149 150 146 149 145 148 148 151 149 153 149 151 151 152 153 157 154 155 155 156 157 160 158 159 159 143 160 144 143 159 159 161 144 162 160 143 143 146 162 162 146 150 150 149 153 153 163 150 147 144 161 161 164 147 152 165 166 152 166 167 167 153 152 169 150 163 163 168 169 171 170 158 158 160 171 172 171 160 160 162 172 174 157 156 156 173 174 176 174 173 173 175 176 162 150 169 169 172 162 165 177 178 178 166 165 147 164 179 179 180 147 148 147 180 180 181 148 151 148 181 181 182 151 152 151 182 182 183 152 165 152 183 183 177 165 187 184 185 185 186 187 191 188 189 189 190 191 195 192 193 193 194 195 197 195 194 194 196 197 199 197 196 196 198 199 203 200 201 201 202 203 199 198 204 204 205 199 184 187 206 206 207 184 203 202 208 208 209 203 211 209 208 208 210 211 213 211 210 210 212 213 72 71 192 192 195 72 199 205 74 74 73 199 197 199 73 73 75 197 195 197 75 75 72 195 77 76 214 214 215 77 80 211 213 213 81 80 203 209 83 83 82 203 82 84 200 200 203 82 83 209 211 211 80 83 86 85 206 206 187 86 87 86 187 187 186 87 191 88 89 89 188 191 198 216 217 217 204 198 189 218 219 219 190 189 194 193 220 220 221 194 223 222 173 173 156 223 194 221 224 224 196 194 196 224 216 216 198 196 210 225 226 226 212 210 208 227 225 225 210 208 202 228 227 227 208 202 230 229 178 178 177 230 202 201 231 231 228 202 153 167 232 232 163 153 166 178 233 233 234 166 234 233 235 235 232 234 238 214 236 236 237 238 242 239 240 240 241 242 163 232 235 235 168 163 238 243 215 215 214 238 204 241 240 240 205 204 205 240 118 118 74 205 245 168 235 235 244 245 167 166 234 167 234 232 214 76 121 121 236 214 239 122 118 118 240 239 244 235 233 233 246 244 246 233 178 178 229 246 249 175 247 247 248 249 253 250 251 251 252 253 255 254 252 252 251 255 206 256 257 257 207 206 173 222 247 247 175 173 226 258 259 259 212 226 212 259 260 260 213 212 213 260 138 138 81 213 176 249 261 176 175 249 141 140 254 254 255 141 85 142 256 256 206 85 88 191 192 192 71 88 192 191 190 190 193 192 190 219 220 220 193 190 170 155 154 154 158 170 158 154 157 157 159 158 174 161 159 159 157 174 176 164 161 161 174 176 164 176 261 261 179 164 253 252 259 259 258 253 259 252 254 254 260 259 260 254 140 140 138 260 140 131 137 137 138 140 131 129 135 135 137 131 135 129 128 128 136 135 139 32 21 21 36 139 30 18 21 21 32 30 12 15 18 18 30 12 12 11 16 16 15 12 11 14 27 27 16 11 94 93 47 47 49 94 47 46 50 50 49 47 50 46 88 88 71 50 265 262 263 263 264 265 269 266 267 267 268 269 273 270 271 271 272 273 277 274 275 275 276 277 281 278 279 279 280 281 283 281 280 280 282 283 285 283 282 282 284 285 287 285 284 284 286 287 289 287 286 286 288 289 293 290 291 291 292 293 295 293 292 292 294 295 297 295 294 294 296 297 300 296 298 298 299 300 302 300 299 299 301 302 304 302 301 301 303 304 279 305 306 306 307 279 280 279 307 307 308 280 282 280 308 308 309 282 284 282 309 309 310 284 286 284 310 310 311 286 288 286 311 311 312 288 292 291 313 313 314 292 294 292 314 314 315 294 296 294 315 315 298 296 319 316 317 317 318 319 316 320 321 321 317 316 320 322 323 323 321 320 327 324 325 325 326 327 324 328 329 329 325 324 328 330 331 331 329 328 330 332 333 333 331 330 332 334 335 335 333 332 334 336 337 337 335 334 341 338 339 339 340 341 338 342 343 343 339 338 342 319 318 318 343 342 347 344 345 345 346 347 351 348 349 349 350 351 355 352 353 353 354 355 359 356 357 357 358 359 363 360 361 361 362 363 360 364 365 365 361 360 364 366 367 367 365 364 366 368 369 369 367 366 368 370 371 371 369 368 375 372 373 373 374 375 372 376 377 377 373 372 376 378 379 379 377 376 298 379 380 380 299 298 299 380 381 381 301 299 301 381 382 382 303 301 306 383 362 362 307 306 307 362 361 361 308 307 308 361 365 365 309 308 309 365 367 367 310 309 310 367 369 369 311 310 311 369 371 371 312 311 313 374 373 373 314 313 314 373 377 377 315 314 315 377 379 379 298 315 387 384 385 385 386 387 389 387 386 386 388 389 391 389 388 388 390 391 395 392 393 393 394 395 397 395 394 394 396 397 399 397 396 396 398 399 401 399 398 398 400 401 403 401 400 400 402 403 405 403 402 402 404 405 409 406 407 407 408 409 411 409 408 408 410 411 384 411 410 410 385 384 414 412 297 297 413 414 416 414 413 413 415 416 418 416 415 415 417 418 421 419 420 420 278 421 422 421 278 278 281 422 423 422 281 281 283 423 424 423 283 283 285 424 425 424 285 285 287 425 426 425 287 287 289 426 428 427 290 290 293 428 429 428 293 293 295 429 412 429 295 295 297 412 431 412 414 414 430 431 385 431 430 430 386 385 430 414 416 416 432 430 386 430 432 432 388 386 432 416 418 418 433 432 388 432 433 433 390 388 435 419 421 421 434 435 393 435 434 434 394 393 434 421 422 422 436 434 394 434 436 436 396 394 436 422 423 423 437 436 396 436 437 437 398 396 437 423 424 424 438 437 398 437 438 438 400 398 438 424 425 425 439 438 400 438 439 439 402 400 439 425 426 426 440 439 402 439 440 440 404 402 442 427 428 428 441 442 407 442 441 441 408 407 441 428 429 429 443 441 408 441 443 443 410 408 431 385 410 410 443 431 412 431 443 443 429 412 447 444 445 445 446 447 444 447 448 448 449 444 449 448 450 450 451 449 451 450 452 452 453 451 457 454 455 455 456 457 456 455 458 458 459 456 459 458 460 460 461 459 461 460 462 462 463 461 463 462 464 464 465 463 465 464 466 466 467 465 471 468 469 469 470 471 470 469 446 446 445 470 473 472 444 444 449 473 474 473 449 449 451 474 475 474 451 451 453 475 477 476 457 457 456 477 478 477 456 456 459 478 479 478 459 459 461 479 480 479 461 461 463 480 481 480 463 463 465 481 482 481 465 465 467 482 484 483 471 471 470 484 485 484 470 470 445 485 472 485 445 445 444 472 448 447 384 384 387 448 450 448 387 387 389 450 452 450 389 389 391 452 455 454 392 392 395 455 458 455 395 395 397 458 460 458 397 397 399 460 462 460 399 399 401 462 464 462 401 401 486 464 466 464 486 486 487 466 469 468 406 406 409 469 446 469 409 409 411 446 447 446 411 411 384 447 491 488 489 489 490 491 488 492 493 493 489 488 492 494 495 495 493 492 499 496 497 497 498 499 496 500 501 501 497 496 500 502 503 503 501 500 502 504 505 505 503 502 504 506 507 507 505 504 511 508 509 509 510 511 515 512 513 513 514 515 512 516 517 517 513 512 516 491 490 490 517 516 378 518 519 519 520 378 376 521 518 518 378 376 372 522 521 521 376 372 375 523 522 522 372 375 368 524 525 525 370 368 366 526 524 524 368 366 364 527 526 526 366 364 360 528 527 527 364 360 363 529 528 528 360 363 531 530 529 529 363 531 535 532 533 533 534 535 520 519 532 532 535 520 539 536 537 537 538 539 490 539 538 538 517 490 539 490 489 489 540 539 536 539 540 540 541 536 540 489 493 493 542 540 541 540 542 542 543 541 542 493 495 495 544 542 543 542 544 544 545 543 547 498 497 497 546 547 549 547 546 546 548 549 546 497 501 501 550 546 548 546 550 550 551 548 550 501 503 503 552 550 551 550 552 552 553 551 552 503 505 505 554 552 553 552 554 554 555 553 554 505 507 507 556 554 555 554 556 556 557 555 556 507 558 558 559 556 557 556 559 559 560 557 562 514 513 513 561 562 564 562 561 561 563 564 561 513 517 517 538 561 563 561 538 538 537 563 568 565 566 566 567 568 565 568 569 569 570 565 567 566 571 571 572 567 572 571 573 573 574 572 578 575 576 576 577 578 577 576 579 579 580 577 580 579 581 581 582 580 582 581 583 583 584 582 584 583 585 585 586 584 586 585 587 587 588 586 592 589 590 590 591 592 591 590 570 570 569 591 565 318 317 317 566 565 566 317 321 321 571 566 571 321 323 323 573 571 575 326 325 325 576 575 576 325 329 329 579 576 579 329 331 331 581 579 581 331 333 333 583 581 583 333 335 335 585 583 585 335 337 337 587 585 589 340 339 339 590 589 590 339 343 343 570 590 570 343 318 318 565 570 491 568 567 567 488 491 516 569 568 568 491 516 512 591 569 569 516 512 515 592 591 591 512 515 511 586 588 588 508 511 504 584 586 586 511 504 502 582 584 584 504 502 500 580 582 582 502 500 496 577 580 580 500 496 499 578 577 577 496 499 492 572 574 574 494 492 488 567 572 572 492 488 596 593 594 594 595 596 600 597 598 598 599 600 604 601 602 602 603 604 608 605 606 606 607 608 612 609 610 610 611 612 616 613 614 614 615 616 620 617 618 618 619 620 624 621 622 622 623 624 628 625 626 626 627 628 632 629 630 630 631 632 636 633 634 634 635 636 640 637 638 638 639 640 644 641 642 642 643 644 648 645 646 646 647 648 652 649 650 650 651 652 656 653 654 654 655 656 660 657 658 658 659 660 664 661 662 662 663 664 668 665 666 666 667 668 672 669 670 670 671 672 676 673 674 674 675 676 680 677 678 678 679 680 684 681 682 682 683 684 688 685 686 686 687 688 692 689 690 690 691 692 696 693 694 694 695 696 700 697 698 698 699 700 704 701 702 702 703 704 708 705 706 706 707 708 712 709 710 710 711 712 716 713 714 714 715 716 720 717 718 718 719 720 724 721 722 722 723 724 728 725 726 726 727 728 732 729 730 730 731 732 736 733 734 734 735 736 740 737 738 738 739 740 744 741 742 742 743 744 748 745 746 746 747 748 752 749 750 750 751 752 518 753 754 754 519 518 519 754 755 755 532 519 532 755 756 756 533 532 530 757 758 758 529 530 529 758 759 759 528 529 528 759 760 760 527 528 527 760 761 761 526 527 526 761 762 762 524 526 524 762 763 763 525 524 523 764 765 765 522 523 522 765 766 766 521 522 521 766 753 753 518 521 753 536 541 541 754 753 754 541 543 543 755 754 755 543 545 545 756 755 757 549 548 548 758 757 758 548 551 551 759 758 759 551 553 553 760 759 760 553 555 555 761 760 761 555 557 557 762 761 762 557 560 560 763 762 764 564 563 563 765 764 765 563 537 537 766 765 766 537 536 536 753 766 770 767 768 768 769 770 772 768 767 767 771 772 776 773 774 774 775 776 778 776 775 775 777 778 780 778 777 777 779 780 784 781 782 782 783 784 786 784 783 783 785 786 788 786 785 785 787 788 792 789 790 790 791 792 794 792 791 791 793 794 798 795 796 796 797 798 769 798 797 797 770 769 771 767 472 472 473 771 799 771 473 473 474 799 800 799 474 474 475 800 782 801 476 476 477 782 783 782 477 477 478 783 785 783 478 478 479 785 787 785 479 479 480 787 802 787 480 480 481 802 803 802 481 481 482 803 797 796 483 483 484 797 770 797 484 484 485 770 767 770 485 485 472 767 804 773 805 773 776 805 776 778 805 778 780 805 780 806 805 806 807 805 807 789 805 789 792 805 792 794 805 794 808 805 808 809 805 809 804 805 813 810 811 811 812 813 815 811 810 810 814 815 819 816 817 817 818 819 821 819 818 818 820 821 823 821 820 820 822 823 827 824 825 825 826 827 829 827 826 826 828 829 833 830 831 831 832 833 835 833 832 832 834 835 837 835 834 834 836 837 841 838 839 839 840 841 814 841 840 840 815 814 319 810 813 813 316 319 342 814 810 810 319 342 338 841 814 814 342 338 341 838 841 841 338 341 334 842 843 843 336 334 332 844 842 842 334 332 330 829 844 844 332 330 328 827 829 829 330 328 324 824 827 827 328 324 327 845 824 824 324 327 320 846 847 847 322 320 316 813 846 846 320 316 817 848 849 818 817 849 820 818 849 822 820 849 850 822 849 831 850 849 832 831 849 834 832 849 836 834 849 851 836 849 852 851 849 848 852 849 856 853 854 854 855 856 860 857 858 858 859 860 864 861 862 862 863 864 868 865 866 866 867 868 872 869 870 870 871 872 876 873 874 874 875 876 866 870 869 869 867 866 873 859 858 858 874 873 880 877 878 878 879 880 884 881 882 882 883 884 888 885 886 886 887 888 892 889 890 890 891 892 896 893 894 894 895 896 900 897 898 898 899 900 890 894 893 893 891 890 897 883 882 882 898 897 904 901 902 902 903 904 903 902 905 905 906 903 906 905 907 907 908 906 912 909 910 910 911 912 911 910 913 913 914 911 914 913 915 915 916 914 916 915 917 917 918 916 922 919 920 920 921 922 921 920 923 923 924 921 924 923 925 925 926 924 930 927 928 928 929 930 930 929 931 931 932 930 934 926 925 925 933 934 936 901 904 904 935 936 938 937 928 928 927 938 932 931 939 939 940 932 944 941 942 942 943 944 948 945 946 946 947 948 952 949 950 950 951 952 956 953 954 954 955 956 960 957 958 958 959 960 964 961 962 962 963 964 954 958 957 957 955 954 961 947 946 946 962 961 968 965 966 966 967 968 972 969 970 970 971 972 975 970 973 973 974 975 974 973 976 976 977 974 979 975 974 974 978 979 978 974 977 977 980 978 984 981 982 982 983 984 983 985 986 986 987 983 989 979 978 978 988 989 988 978 980 980 990 988 992 984 983 983 991 992 991 983 987 987 993 991 995 989 988 988 994 995 994 988 990 990 996 994 998 992 991 991 997 998 997 991 993 993 999 997 1001 995 994 994 1000 1001 1000 994 996 996 1002 1000 1004 998 997 997 1003 1004 1003 997 999 999 1005 1003 986 971 970 970 975 986 987 986 975 975 979 987 993 987 979 979 989 993 999 993 989 989 995 999 1005 999 995 995 1001 1005 1006 973 970 970 969 1006 1008 966 965 965 1007 1008 1006 1009 976 976 973 1006 1005 1010 1004 1004 1003 1005 1001 1011 1010 1010 1005 1001 1000 1002 1011 1011 1001 1000 982 981 1012 1012 1013 982 986 985 1014 1014 971 986 1015 972 971 971 1014 1015 1017 1016 1013 1013 1012 1017 1017 1018 1019 1019 1016 1017 1021 1007 965 965 1020 1021 965 968 1022 1022 1020 965 1024 1018 1017 1017 1023 1024 1023 1017 1012 1012 1025 1023 1012 981 1026 1026 1025 1012 984 1027 1026 1026 981 984 992 1028 1027 1027 984 992 998 1029 1028 1028 992 998 1004 1030 1029 1029 998 1004 1010 1031 1030 1030 1004 1010 1011 1032 1031 1031 1010 1011 1002 1033 1032 1032 1011 1002 1002 996 1034 1034 1033 1002 996 990 1035 1035 1034 996 990 980 1036 1036 1035 990 980 977 1037 1037 1036 980 977 976 1038 1038 1037 977 1038 976 1009 1009 1039 1038 1043 1040 1041 1041 1042 1043 1047 1044 1045 1045 1046 1047 1050 1047 1048 1048 1049 1050 1052 1050 1049 1049 1051 1052 1049 1048 1053 1053 1054 1049 1051 1049 1054 1054 1055 1051 1059 1056 1057 1057 1058 1059 1062 1060 1058 1058 1061 1062 1054 1053 1063 1063 1064 1054 1055 1054 1064 1064 1065 1055 1058 1057 1066 1066 1067 1058 1061 1058 1067 1067 1068 1061 1064 1063 1069 1069 1070 1064 1065 1064 1070 1070 1071 1065 1067 1066 1072 1072 1073 1067 1068 1067 1073 1073 1074 1068 1070 1069 1075 1075 1076 1070 1071 1070 1076 1076 1077 1071 1073 1072 1078 1078 1079 1073 1074 1073 1079 1079 1080 1074 1047 1046 1062 1062 1048 1047 1048 1062 1061 1061 1053 1048 1053 1061 1068 1068 1063 1053 1063 1068 1074 1074 1069 1063 1069 1074 1080 1080 1075 1069 1047 1050 1081 1081 1044 1047 1040 1043 1082 1082 1083 1040 1052 1084 1081 1081 1050 1052 1078 1085 1080 1080 1079 1078 1085 1086 1075 1075 1080 1085 1086 1077 1076 1076 1075 1086 1088 1056 1059 1059 1087 1088 1089 1060 1062 1062 1046 1089 1046 1045 1090 1090 1089 1046 1087 1091 1092 1092 1088 1087 1094 1093 1092 1092 1091 1094 1040 1083 1021 1021 1020 1040 1022 1041 1040 1040 1020 1022 1092 1093 1024 1024 1023 1092 1088 1092 1023 1023 1025 1088 1026 1056 1088 1088 1025 1026 1026 1027 1057 1057 1056 1026 1027 1028 1066 1066 1057 1027 1028 1029 1072 1072 1066 1028 1029 1030 1078 1078 1072 1029 1030 1031 1085 1085 1078 1030 1031 1032 1086 1086 1085 1031 1032 1033 1077 1077 1086 1032 1034 1071 1077 1077 1033 1034 1035 1065 1071 1071 1034 1035 1036 1055 1065 1065 1035 1036 1037 1051 1055 1055 1036 1037 1038 1052 1051 1051 1037 1038 1084 1052 1038 1038 1039 1084 1098 1095 1096 1096 1097 1098 1095 1099 1100 1100 1096 1095 1099 1101 1102 1102 1100 1099 1101 1103 1104 1104 1102 1101 1103 1105 1106 1106 1104 1103 1097 1096 1107 1107 1108 1097 1096 1100 1109 1109 1107 1096 1100 1102 1110 1110 1109 1100 1102 1104 1111 1111 1110 1102 1104 1106 1112 1112 1111 1104 1116 1113 1114 1114 1115 1116 1113 1117 1118 1118 1114 1113 1122 1119 1120 1120 1121 1122 1124 1122 1121 1121 1123 1124 1128 1125 1126 1126 1127 1128 1125 1129 1130 1130 1126 1125 1132 1131 1119 1119 1122 1132 1133 1132 1122 1122 1124 1133 1132 1134 1135 1135 1131 1132 1133 1136 1134 1134 1132 1133 1121 1120 1129 1129 1125 1121 1123 1121 1125 1125 1128 1123 1140 1137 1138 1138 1139 1140 1139 1138 1141 1141 1142 1139 1142 1141 1143 1143 1144 1142 1098 1097 1144 1144 1143 1098 1097 1108 1145 1145 1144 1097 1146 1142 1144 1144 1145 1146 1147 1139 1142 1142 1146 1147 1148 1140 1139 1139 1147 1148 1152 1149 1150 1150 1151 1152 1154 1153 1151 1151 1150 1154 1156 1155 1153 1153 1154 1156 1158 1152 1151 1151 1157 1158 1153 1159 1157 1157 1151 1153 1155 1160 1159 1159 1153 1155 1159 1161 1162 1162 1157 1159 1160 1163 1161 1161 1159 1160 1163 1164 1165 1165 1161 1163 1169 1166 1167 1167 1168 1169 1168 1167 1170 1170 1171 1168 1173 1172 1169 1169 1149 1173 1149 1169 1174 1174 1150 1149 1175 1154 1150 1150 1174 1175 1176 1156 1154 1154 1175 1176 1177 1173 1149 1149 1152 1177 1177 1152 1158 1158 1157 1162 1161 1165 1178 1178 1162 1161 1164 1179 1180 1164 1180 1181 1181 1165 1164 1183 1182 1156 1156 1176 1183 1182 1184 1155 1155 1156 1182 1184 1185 1160 1160 1155 1184 1185 1186 1163 1163 1160 1185 1186 1187 1164 1164 1163 1186 1187 1188 1179 1179 1164 1187 1162 1178 1189 1189 1190 1162 1190 1189 1191 1191 1192 1190 1158 1162 1190 1190 1193 1158 1193 1190 1192 1192 1194 1193 1196 1170 1167 1167 1195 1196 1195 1167 1166 1166 1173 1195 1174 1169 1168 1168 1197 1174 1197 1168 1171 1171 1198 1197 1200 1196 1195 1195 1199 1200 1199 1195 1173 1173 1177 1199 1175 1174 1197 1197 1201 1175 1201 1197 1198 1198 1202 1201 1176 1175 1201 1201 1203 1176 1203 1201 1202 1202 1204 1203 1183 1176 1203 1203 1205 1183 1177 1158 1193 1193 1199 1177 1199 1193 1194 1194 1200 1199 1209 1206 1207 1207 1208 1209 1208 1207 1179 1179 1188 1208 1182 1183 1210 1210 1211 1182 1184 1182 1211 1211 1212 1184 1216 1213 1214 1214 1215 1216 1185 1184 1212 1212 1217 1185 1219 1216 1215 1215 1218 1219 1186 1185 1217 1217 1220 1186 1222 1219 1218 1218 1221 1222 1187 1186 1220 1220 1223 1187 1225 1222 1221 1221 1224 1225 1188 1187 1223 1223 1208 1188 1208 1223 1226 1226 1209 1208 1230 1227 1228 1228 1229 1230 1232 1228 1227 1227 1231 1232 1234 1230 1229 1229 1233 1234 1236 1234 1233 1233 1235 1236 1238 1236 1235 1235 1237 1238 1240 1238 1237 1237 1239 1240 1244 1241 1242 1242 1243 1244 1248 1245 1246 1246 1247 1248 1252 1249 1250 1250 1251 1252 1239 1252 1251 1251 1240 1239 1231 1253 1254 1254 1232 1231 1258 1255 1256 1256 1257 1258 1243 1256 1255 1255 1244 1243 1260 1258 1257 1257 1259 1260 1262 1260 1259 1259 1261 1262 1098 1234 1236 1236 1095 1098 1251 1250 1105 1105 1103 1251 1240 1251 1103 1103 1101 1240 1238 1240 1101 1101 1099 1238 1236 1238 1099 1099 1095 1236 1117 1247 1246 1246 1118 1117 1119 1255 1258 1258 1120 1119 1129 1260 1262 1262 1130 1129 1131 1244 1255 1255 1119 1131 1131 1135 1241 1241 1244 1131 1120 1258 1260 1260 1129 1120 1253 1231 1138 1138 1137 1253 1231 1227 1141 1141 1138 1231 1227 1230 1143 1143 1141 1227 1234 1098 1143 1143 1230 1234 1191 1249 1252 1252 1192 1191 1192 1252 1239 1239 1194 1192 1170 1233 1229 1229 1171 1170 1196 1235 1233 1233 1170 1196 1171 1263 1264 1264 1198 1171 1198 1264 1265 1265 1202 1198 1202 1265 1266 1266 1204 1202 1200 1237 1235 1235 1196 1200 1194 1239 1237 1237 1200 1194 1214 1261 1259 1259 1215 1214 1215 1259 1257 1257 1218 1215 1218 1257 1256 1256 1221 1218 1221 1256 1243 1243 1224 1221 1209 1267 1268 1268 1206 1209 1224 1243 1242 1242 1269 1224 1165 1181 1270 1270 1178 1165 1274 1271 1272 1272 1273 1274 1273 1272 1275 1275 1276 1273 1180 1277 1278 1278 1279 1180 1279 1278 1280 1280 1270 1279 1284 1281 1282 1282 1283 1284 1283 1282 1285 1285 1286 1283 1105 1271 1274 1274 1106 1105 1275 1117 1113 1113 1276 1275 1106 1274 1287 1287 1112 1106 1276 1113 1116 1116 1288 1276 1178 1270 1280 1280 1189 1178 1189 1280 1289 1289 1191 1189 1206 1290 1277 1277 1207 1206 1207 1277 1180 1180 1179 1207 1284 1248 1247 1247 1281 1284 1249 1286 1285 1285 1250 1249 1281 1247 1117 1117 1275 1281 1250 1285 1271 1271 1105 1250 1289 1291 1292 1292 1191 1289 1206 1268 1293 1293 1290 1206 1181 1180 1279 1181 1279 1270 1287 1274 1273 1273 1294 1287 1294 1273 1276 1276 1288 1294 1289 1280 1278 1278 1295 1289 1295 1278 1277 1277 1290 1295 1281 1275 1272 1272 1282 1281 1282 1272 1271 1271 1285 1282 1291 1289 1295 1295 1296 1291 1296 1295 1290 1290 1293 1296 1300 1297 1298 1298 1299 1300 1302 1301 1297 1297 1300 1302 1304 1303 1301 1301 1302 1304 1306 1305 1303 1303 1304 1306 1308 1307 1305 1305 1306 1308 1107 1300 1299 1299 1108 1107 1109 1302 1300 1300 1107 1109 1110 1304 1302 1302 1109 1110 1111 1306 1304 1304 1110 1111 1112 1308 1306 1306 1111 1112 1310 1309 1116 1116 1115 1310 1312 1311 1309 1309 1310 1312 1316 1313 1314 1314 1315 1316 1315 1314 1124 1124 1123 1315 1318 1317 1128 1128 1127 1318 1320 1319 1317 1317 1318 1320 1313 1321 1322 1322 1314 1313 1314 1322 1133 1133 1124 1314 1324 1323 1322 1322 1321 1324 1323 1136 1133 1133 1322 1323 1319 1316 1315 1315 1317 1319 1317 1315 1123 1123 1128 1317 1328 1325 1326 1326 1327 1328 1330 1328 1327 1327 1329 1330 1332 1330 1329 1329 1331 1332 1331 1299 1298 1298 1332 1331 1145 1108 1299 1299 1331 1145 1331 1329 1146 1146 1145 1331 1329 1327 1147 1147 1146 1329 1327 1326 1148 1148 1147 1327 1336 1333 1334 1334 1335 1336 1335 1337 1338 1338 1336 1335 1337 1339 1340 1340 1338 1337 1335 1334 1341 1341 1342 1335 1342 1343 1337 1337 1335 1342 1343 1344 1339 1339 1337 1343 1346 1345 1343 1343 1342 1346 1345 1347 1344 1344 1343 1345 1349 1348 1347 1347 1345 1349 1353 1350 1351 1351 1352 1353 1355 1353 1352 1352 1354 1355 1351 1356 1357 1357 1333 1351 1358 1351 1333 1333 1336 1358 1336 1338 1359 1359 1358 1336 1338 1340 1360 1360 1359 1338 1333 1357 1361 1361 1334 1333 1361 1341 1334 1341 1346 1342 1362 1349 1345 1345 1346 1362 1365 1363 1348 1365 1348 1349 1349 1364 1365 1340 1366 1367 1367 1360 1340 1339 1368 1366 1366 1340 1339 1344 1369 1368 1368 1339 1344 1347 1370 1369 1369 1344 1347 1348 1371 1370 1370 1347 1348 1363 1372 1371 1371 1348 1363 1374 1362 1346 1346 1373 1374 1376 1374 1373 1373 1375 1376 1373 1346 1341 1341 1377 1373 1375 1373 1377 1377 1378 1375 1353 1355 1379 1379 1380 1353 1350 1353 1380 1380 1357 1350 1352 1351 1358 1358 1381 1352 1354 1352 1381 1381 1382 1354 1380 1379 1383 1383 1384 1380 1357 1380 1384 1384 1361 1357 1381 1358 1359 1359 1385 1381 1382 1381 1385 1385 1386 1382 1385 1359 1360 1360 1387 1385 1386 1385 1387 1387 1388 1386 1391 1360 1389 1389 1390 1391 1377 1341 1361 1361 1384 1377 1378 1377 1384 1384 1383 1378 1395 1392 1393 1393 1394 1395 1363 1395 1394 1394 1372 1363 1397 1367 1366 1366 1396 1397 1396 1366 1368 1368 1398 1396 1402 1399 1400 1400 1401 1402 1398 1368 1369 1369 1403 1398 1401 1400 1404 1404 1405 1401 1403 1369 1370 1370 1406 1403 1405 1404 1407 1407 1408 1405 1406 1370 1371 1371 1409 1406 1408 1407 1410 1410 1411 1408 1409 1371 1372 1372 1394 1409 1412 1409 1394 1394 1393 1412 1416 1413 1414 1414 1415 1416 1413 1416 1417 1417 1418 1413 1415 1414 1419 1419 1420 1415 1420 1419 1421 1421 1422 1420 1422 1421 1423 1423 1424 1422 1424 1423 1425 1425 1426 1424 1430 1427 1428 1428 1429 1430 1434 1431 1432 1432 1433 1434 1438 1435 1436 1436 1437 1438 1437 1436 1426 1426 1425 1437 1440 1439 1418 1418 1417 1440 1444 1441 1442 1442 1443 1444 1441 1444 1429 1429 1428 1441 1443 1442 1445 1445 1446 1443 1446 1445 1447 1447 1448 1446 1421 1419 1298 1298 1297 1421 1307 1438 1437 1437 1305 1307 1305 1437 1425 1425 1303 1305 1303 1425 1423 1423 1301 1303 1301 1423 1421 1421 1297 1301 1434 1433 1311 1311 1312 1434 1442 1441 1313 1313 1316 1442 1447 1445 1319 1319 1320 1447 1441 1428 1321 1321 1313 1441 1427 1324 1321 1321 1428 1427 1445 1442 1316 1316 1319 1445 1328 1418 1439 1439 1325 1328 1330 1413 1418 1418 1328 1330 1332 1414 1413 1413 1330 1332 1332 1298 1419 1419 1414 1332 1436 1435 1376 1376 1375 1436 1426 1436 1375 1375 1378 1426 1415 1420 1355 1355 1354 1415 1420 1422 1379 1379 1355 1420 1450 1449 1354 1354 1382 1450 1451 1450 1382 1382 1386 1451 1452 1451 1386 1386 1388 1452 1422 1424 1383 1383 1379 1422 1424 1426 1378 1378 1383 1424 1446 1448 1402 1402 1401 1446 1443 1446 1401 1401 1405 1443 1444 1443 1405 1405 1408 1444 1429 1444 1408 1408 1411 1429 1454 1453 1393 1393 1392 1454 1430 1429 1411 1411 1455 1430 1456 1364 1349 1349 1362 1456 1460 1457 1458 1458 1459 1460 1462 1460 1459 1459 1461 1462 1465 1463 1365 1365 1464 1465 1466 1465 1464 1464 1456 1466 1470 1467 1468 1468 1469 1470 1472 1470 1469 1469 1471 1472 1458 1457 1307 1307 1308 1458 1309 1311 1462 1462 1461 1309 1287 1458 1308 1308 1112 1287 1116 1309 1461 1461 1288 1116 1466 1456 1362 1362 1374 1466 1473 1466 1374 1374 1376 1473 1463 1474 1392 1392 1395 1463 1365 1463 1395 1395 1363 1365 1433 1432 1468 1468 1467 1433 1472 1471 1435 1435 1438 1472 1311 1433 1467 1467 1462 1311 1457 1472 1438 1438 1307 1457 1476 1475 1473 1473 1376 1476 1477 1454 1392 1392 1474 1477 1364 1464 1365 1364 1456 1464 1459 1458 1287 1287 1294 1459 1461 1459 1294 1294 1288 1461 1465 1466 1473 1473 1478 1465 1463 1465 1478 1478 1474 1463 1460 1462 1467 1467 1470 1460 1457 1460 1470 1470 1472 1457 1478 1473 1475 1475 1479 1478 1474 1478 1479 1479 1477 1474 1483 1480 1481 1481 1482 1483 1487 1484 1485 1485 1486 1487 1491 1488 1489 1489 1490 1491 1494 1492 1205 1205 1493 1494 1498 1495 1496 1496 1497 1498 1502 1499 1500 1500 1501 1502 1506 1503 1504 1504 1505 1506 1510 1507 1508 1508 1509 1510 1514 1511 1512 1512 1513 1514 1513 1512 1397 1397 1515 1513 1519 1516 1517 1517 1518 1519 1523 1520 1521 1521 1522 1523 1137 1140 1485 1485 1524 1137 1140 1148 1486 1486 1485 1140 1130 1525 1480 1480 1126 1130 1126 1480 1483 1126 1483 1526 1526 1127 1126 1205 1203 1204 1204 1493 1205 1213 1488 1491 1491 1214 1213 1253 1495 1498 1498 1254 1253 1261 1501 1500 1500 1262 1261 1524 1495 1253 1253 1137 1524 1262 1500 1525 1525 1130 1262 1204 1266 1527 1527 1493 1204 1491 1501 1261 1261 1214 1491 1506 1326 1325 1325 1503 1506 1486 1148 1326 1326 1506 1486 1509 1508 1320 1320 1318 1509 1530 1509 1318 1530 1318 1528 1528 1529 1530 1388 1387 1511 1511 1514 1388 1402 1531 1532 1532 1399 1402 1522 1521 1439 1439 1440 1522 1516 1519 1448 1448 1447 1516 1439 1521 1503 1503 1325 1439 1508 1516 1447 1447 1320 1508 1533 1452 1388 1388 1514 1533 1448 1519 1531 1531 1402 1448 1183 1205 1492 1183 1492 1210 1367 1397 1512 1367 1512 1511 1480 1525 1534 1534 1481 1480 1484 1535 1524 1524 1485 1484 1495 1524 1535 1535 1496 1495 1499 1534 1525 1525 1500 1499 1501 1491 1490 1490 1502 1501 1536 1494 1493 1493 1527 1536 1509 1483 1482 1482 1510 1509 1505 1487 1486 1486 1506 1505 1516 1508 1507 1507 1517 1516 1520 1504 1503 1503 1521 1520 1533 1514 1513 1513 1537 1533 1518 1538 1531 1531 1519 1518 1542 1539 1540 1540 1541 1542 1544 1542 1541 1541 1543 1544 1546 1541 1540 1540 1545 1546 1543 1541 1546 1546 1547 1543 1547 1546 1548 1548 1549 1547 1553 1550 1551 1551 1552 1553 1539 1554 1555 1555 1556 1539 1554 1539 1542 1542 1557 1554 1539 1556 1558 1558 1540 1539 1558 1545 1540 1548 1546 1545 1545 1559 1548 1557 1542 1544 1544 1560 1557 1563 1561 1549 1563 1549 1548 1548 1562 1563 1559 1545 1564 1564 1565 1559 1556 1555 1566 1566 1567 1556 1556 1567 1568 1568 1558 1556 1552 1551 1569 1569 1570 1552 1570 1569 1571 1571 1572 1570 1564 1545 1558 1558 1568 1564 1574 1573 1561 1561 1563 1574 1576 1575 1560 1560 1544 1576 1576 1544 1543 1543 1577 1576 1577 1543 1547 1547 1578 1577 1578 1547 1549 1549 1579 1578 1579 1549 1561 1561 1573 1579 1583 1580 1581 1581 1582 1583 1587 1584 1585 1585 1586 1587 1591 1588 1589 1589 1590 1591 1591 1590 1592 1592 1593 1591 1593 1592 1594 1594 1595 1593 1599 1596 1597 1597 1598 1599 1601 1595 1594 1594 1600 1601 1603 1581 1580 1580 1602 1603 1605 1598 1597 1597 1604 1605 1605 1604 1606 1606 1607 1605 1607 1606 1608 1608 1609 1607 1590 1589 1610 1610 1611 1590 1613 1600 1594 1594 1612 1613 1612 1594 1592 1592 1614 1612 1614 1592 1590 1590 1611 1614 1618 1615 1616 1616 1617 1618 1608 1606 1619 1619 1620 1608 1622 1604 1597 1597 1621 1622 1596 1623 1621 1621 1597 1596 1606 1604 1622 1622 1619 1606 1603 1624 1625 1625 1581 1603 1581 1625 1626 1626 1582 1581 1628 1627 1585 1585 1584 1628 1630 1629 1595 1595 1601 1630 1632 1631 1587 1587 1586 1632 1634 1633 1588 1588 1591 1634 1570 1635 1636 1636 1552 1570 1637 1634 1591 1591 1593 1637 1629 1637 1593 1593 1595 1629 1639 1638 1607 1607 1609 1639 1638 1640 1605 1605 1607 1638 1640 1641 1598 1598 1605 1640 1574 1642 1643 1643 1573 1574 1644 1599 1598 1598 1641 1644 1645 1562 1548 1548 1559 1645 1647 1574 1563 1563 1646 1647 1648 1647 1646 1646 1645 1648 1651 1618 1649 1649 1650 1651 1655 1652 1653 1653 1654 1655 1648 1645 1559 1559 1565 1648 1617 1656 1649 1649 1618 1617 1655 1654 1601 1601 1600 1655 1657 1655 1600 1600 1613 1657 1648 1565 1658 1658 1659 1648 1562 1646 1563 1562 1645 1646 1660 1615 1618 1618 1651 1660 1657 1661 1652 1652 1655 1657 1647 1648 1659 1659 1662 1647 1574 1647 1662 1662 1642 1574 1665 1572 1663 1663 1664 1665 1669 1666 1667 1667 1668 1669 1668 1670 1671 1671 1669 1668 1673 1672 1603 1603 1602 1673 1665 1635 1570 1570 1572 1665 1609 1674 1675 1675 1639 1609 1608 1676 1674 1674 1609 1608 1620 1677 1676 1676 1608 1620 1571 1678 1663 1571 1663 1572 1670 1679 1680 1680 1671 1670 1672 1681 1624 1624 1603 1672 1685 1682 1683 1683 1684 1685 1684 1683 1686 1686 1687 1684 1685 1684 1688 1688 1689 1685 1688 1684 1687 1687 1690 1688 1692 1688 1690 1690 1691 1692 1696 1693 1694 1694 1695 1696 1699 1697 1698 1698 1682 1699 1683 1682 1698 1698 1700 1683 1701 1699 1682 1682 1685 1701 1701 1685 1689 1689 1688 1692 1692 1702 1689 1686 1683 1700 1700 1703 1686 1691 1704 1705 1691 1705 1706 1706 1692 1691 1708 1689 1702 1702 1707 1708 1710 1709 1697 1697 1699 1710 1711 1710 1699 1699 1701 1711 1713 1696 1695 1695 1712 1713 1715 1713 1712 1712 1714 1715 1701 1689 1708 1708 1711 1701 1704 1716 1717 1717 1705 1704 1686 1703 1718 1718 1719 1686 1687 1686 1719 1719 1720 1687 1690 1687 1720 1720 1721 1690 1691 1690 1721 1721 1722 1691 1704 1691 1722 1722 1716 1704 1726 1723 1724 1724 1725 1726 1730 1727 1728 1728 1729 1730 1734 1731 1732 1732 1733 1734 1736 1734 1733 1733 1735 1736 1738 1736 1735 1735 1737 1738 1742 1739 1740 1740 1741 1742 1738 1737 1743 1743 1744 1738 1723 1726 1745 1745 1746 1723 1742 1741 1747 1747 1748 1742 1750 1748 1747 1747 1749 1750 1752 1750 1749 1749 1751 1752 1611 1610 1731 1731 1734 1611 1738 1744 1613 1613 1612 1738 1736 1738 1612 1612 1614 1736 1734 1736 1614 1614 1611 1734 1616 1615 1753 1753 1754 1616 1619 1750 1752 1752 1620 1619 1742 1748 1622 1622 1621 1742 1621 1623 1739 1739 1742 1621 1622 1748 1750 1750 1619 1622 1625 1624 1745 1745 1726 1625 1626 1625 1726 1726 1725 1626 1730 1627 1628 1628 1727 1730 1737 1755 1756 1756 1743 1737 1728 1757 1758 1758 1729 1728 1733 1732 1759 1759 1760 1733 1762 1761 1712 1712 1695 1762 1733 1760 1763 1763 1735 1733 1735 1763 1755 1755 1737 1735 1749 1764 1765 1765 1751 1749 1747 1766 1764 1764 1749 1747 1741 1767 1766 1766 1747 1741 1769 1768 1717 1717 1716 1769 1741 1740 1770 1770 1767 1741 1692 1706 1771 1771 1702 1692 1705 1717 1772 1772 1773 1705 1773 1772 1774 1774 1771 1773 1777 1753 1775 1775 1776 1777 1781 1778 1779 1779 1780 1781 1702 1771 1774 1774 1707 1702 1777 1782 1754 1754 1753 1777 1743 1780 1779 1779 1744 1743 1744 1779 1657 1657 1613 1744 1784 1707 1774 1774 1783 1784 1706 1705 1773 1706 1773 1771 1753 1615 1660 1660 1775 1753 1778 1661 1657 1657 1779 1778 1783 1774 1772 1772 1785 1783 1785 1772 1717 1717 1768 1785 1788 1714 1786 1786 1787 1788 1792 1789 1790 1790 1791 1792 1794 1793 1791 1791 1790 1794 1745 1795 1796 1796 1746 1745 1712 1761 1786 1786 1714 1712 1765 1797 1798 1798 1751 1765 1751 1798 1799 1799 1752 1751 1752 1799 1677 1677 1620 1752 1715 1788 1800 1715 1714 1788 1680 1679 1793 1793 1794 1680 1624 1681 1795 1795 1745 1624 1627 1730 1731 1731 1610 1627 1731 1730 1729 1729 1732 1731 1729 1758 1759 1759 1732 1729 1709 1694 1693 1693 1697 1709 1697 1693 1696 1696 1698 1697 1713 1700 1698 1698 1696 1713 1715 1703 1700 1700 1713 1715 1703 1715 1800 1800 1718 1703 1792 1791 1798 1798 1797 1792 1798 1791 1793 1793 1799 1798 1799 1793 1679 1679 1677 1799 1679 1670 1676 1676 1677 1679 1670 1668 1674 1674 1676 1670 1674 1668 1667 1667 1675 1674 1678 1571 1560 1560 1575 1678 1569 1557 1560 1560 1571 1569 1551 1554 1557 1557 1569 1551 1551 1550 1555 1555 1554 1551 1550 1553 1566 1566 1555 1550 1633 1632 1586 1586 1588 1633 1586 1585 1589 1589 1588 1586 1589 1585 1627 1627 1610 1589 1804 1801 1802 1802 1803 1804 1803 1802 1805 1805 1806 1803 1806 1805 1807 1807 1808 1806 1812 1809 1810 1810 1811 1812 1811 1810 1813 1813 1814 1811 1814 1813 1815 1815 1816 1814 1816 1815 1817 1817 1818 1816 1822 1819 1820 1820 1821 1822 1821 1820 1823 1823 1824 1821 1824 1823 1825 1825 1826 1824 1830 1827 1828 1828 1829 1830 1830 1829 1831 1831 1832 1830 1834 1826 1825 1825 1833 1834 1836 1801 1804 1804 1835 1836 1838 1837 1828 1828 1827 1838 1832 1831 1839 1839 1840 1832 1844 1841 1842 1842 1843 1844 1848 1845 1846 1846 1847 1848 1852 1849 1850 1850 1851 1852 1856 1853 1854 1854 1855 1856 1860 1857 1858 1858 1859 1860 1859 1858 1861 1861 1862 1859 1862 1861 1863 1863 1864 1862 1864 1863 1865 1865 1866 1864 1866 1865 1867 1867 1868 1866 1872 1869 1870 1870 1871 1872 1871 1870 1873 1873 1874 1871 1874 1873 1875 1875 1876 1874 1879 1876 1877 1877 1878 1879 1878 1877 1880 1880 1881 1878 1881 1880 1882 1882 1883 1881 1886 1884 1860 1860 1885 1886 1885 1860 1859 1859 1887 1885 1887 1859 1862 1862 1888 1887 1888 1862 1864 1864 1889 1888 1889 1864 1866 1866 1890 1889 1890 1866 1868 1868 1891 1890 1893 1872 1871 1871 1892 1893 1892 1871 1874 1874 1894 1892 1894 1874 1876 1876 1879 1894 1898 1895 1896 1896 1897 1898 1900 1899 1895 1895 1898 1900 1902 1901 1899 1899 1900 1902 1906 1903 1904 1904 1905 1906 1908 1907 1903 1903 1906 1908 1910 1909 1907 1907 1908 1910 1912 1911 1909 1909 1910 1912 1914 1913 1911 1911 1912 1914 1916 1915 1913 1913 1914 1916 1920 1917 1918 1918 1919 1920 1922 1921 1917 1917 1920 1922 1897 1896 1921 1921 1922 1897 1926 1923 1924 1924 1925 1926 1930 1927 1928 1928 1929 1930 1932 1931 1927 1927 1930 1932 1934 1933 1931 1931 1932 1934 1938 1935 1936 1936 1937 1938 1940 1939 1935 1935 1938 1940 1942 1941 1939 1939 1940 1942 1944 1943 1941 1941 1942 1944 1946 1945 1943 1943 1944 1946 1950 1947 1948 1948 1949 1950 1952 1951 1947 1947 1950 1952 1954 1953 1951 1951 1952 1954 1955 1954 1879 1879 1878 1955 1956 1955 1878 1878 1881 1956 1957 1956 1881 1881 1883 1957 1937 1958 1886 1886 1885 1937 1938 1937 1885 1885 1887 1938 1940 1938 1887 1887 1888 1940 1942 1940 1888 1888 1889 1942 1944 1942 1889 1889 1890 1944 1946 1944 1890 1890 1891 1946 1950 1949 1893 1893 1892 1950 1952 1950 1892 1892 1894 1952 1954 1952 1894 1894 1879 1954 1962 1959 1960 1960 1961 1962 1961 1960 1963 1963 1964 1961 1964 1963 1965 1965 1966 1964 1970 1967 1968 1968 1969 1970 1969 1968 1971 1971 1972 1969 1972 1971 1973 1973 1974 1972 1974 1973 1975 1975 1976 1974 1976 1975 1977 1977 1978 1976 1978 1977 1979 1979 1980 1978 1984 1981 1982 1982 1983 1984 1983 1982 1985 1985 1986 1983 1986 1985 1959 1959 1962 1986 1875 1987 1988 1988 1989 1875 1989 1988 1990 1990 1991 1989 1991 1990 1992 1992 1993 1991 1996 1994 1995 1995 1857 1996 1857 1995 1997 1997 1858 1857 1858 1997 1998 1998 1861 1858 1861 1998 1999 1999 1863 1861 1863 1999 2000 2000 1865 1863 1865 2000 2001 2001 1867 1865 1869 2002 2003 2003 1870 1869 1870 2003 2004 2004 1873 1870 1873 2004 1987 1987 1875 1873 1988 1987 2005 2005 2006 1988 2006 2005 1962 1962 1961 2006 1990 1988 2006 2006 2007 1990 2007 2006 1961 1961 1964 2007 1992 1990 2007 2007 2008 1992 2008 2007 1964 1964 1966 2008 1995 1994 2009 2009 2010 1995 2010 2009 1970 1970 1969 2010 1997 1995 2010 2010 2011 1997 2011 2010 1969 1969 1972 2011 1998 1997 2011 2011 2012 1998 2012 2011 1972 1972 1974 2012 1999 1998 2012 2012 2013 1999 2013 2012 1974 1974 1976 2013 2000 1999 2013 2013 2014 2000 2014 2013 1976 1976 1978 2014 2001 2000 2014 2014 2015 2001 2015 2014 1978 1978 1980 2015 2003 2002 2016 2016 2017 2003 2017 2016 1984 1984 1983 2017 2004 2003 2017 2017 2018 2004 2018 2017 1983 1983 1986 2018 1986 1962 2005 2005 2018 1986 2018 2005 1987 1987 2004 2018 2022 2019 2020 2020 2021 2022 2024 2020 2019 2019 2023 2024 2026 2024 2023 2023 2025 2026 2028 2026 2025 2025 2027 2028 2032 2029 2030 2030 2031 2032 2034 2032 2031 2031 2033 2034 2036 2034 2033 2033 2035 2036 2038 2036 2035 2035 2037 2038 2040 2038 2037 2037 2039 2040 2042 2040 2039 2039 2041 2042 2046 2043 2044 2044 2045 2046 2021 2046 2045 2045 2022 2021 2019 2047 2048 2048 2023 2019 2023 2048 2049 2049 2025 2023 2025 2049 2050 2050 2027 2025 2030 2051 2052 2052 2031 2030 2031 2052 2053 2053 2033 2031 2033 2053 2054 2054 2035 2033 2035 2054 2055 2055 2037 2035 2037 2055 2056 2056 2039 2037 2039 2056 2057 2057 2041 2039 2044 2058 2059 2059 2045 2044 2045 2059 2060 2060 2022 2045 2022 2060 2047 2047 2019 2022 1959 2020 2024 2024 1960 1959 1960 2024 2026 2026 1963 1960 1963 2026 2028 2028 1965 1963 1967 2029 2032 2032 1968 1967 1968 2032 2034 2034 1971 1968 1971 2034 2036 2036 1973 1971 1973 2036 2038 2038 1975 1973 1975 2038 2040 2040 2061 1975 2061 2040 2042 2042 2062 2061 1981 2043 2046 2046 1982 1981 1982 2046 2021 2021 1985 1982 1985 2021 2020 2020 1959 1985 2066 2063 2064 2064 2065 2066 2068 2067 2063 2063 2066 2068 2070 2069 2067 2067 2068 2070 2074 2071 2072 2072 2073 2074 2076 2075 2071 2071 2074 2076 2078 2077 2075 2075 2076 2078 2080 2079 2077 2077 2078 2080 2082 2081 2079 2079 2080 2082 2086 2083 2084 2084 2085 2086 2090 2087 2088 2088 2089 2090 2092 2091 2087 2087 2090 2092 2065 2064 2091 2091 2092 2065 2095 2093 1953 1953 2094 2095 2093 2096 1951 1951 1953 2093 2096 2097 1947 1947 1951 2096 2097 2098 1948 1948 1947 2097 2100 2099 1943 1943 1945 2100 2099 2101 1941 1941 1943 2099 2101 2102 1939 1939 1941 2101 2102 2103 1935 1935 1939 2102 2103 2104 1936 1936 1935 2103 2104 2105 2106 2106 1936 2104 2110 2107 2108 2108 2109 2110 2107 2095 2094 2094 2108 2107 2114 2111 2112 2112 2113 2114 2113 2112 2065 2065 2092 2113 2066 2065 2112 2112 2115 2066 2115 2112 2111 2111 2116 2115 2068 2066 2115 2115 2117 2068 2117 2115 2116 2116 2118 2117 2070 2068 2117 2117 2119 2070 2119 2117 2118 2118 2120 2119 2074 2073 2121 2121 2122 2074 2122 2121 2123 2123 2124 2122 2076 2074 2122 2122 2125 2076 2125 2122 2124 2124 2126 2125 2078 2076 2125 2125 2127 2078 2127 2125 2126 2126 2128 2127 2080 2078 2127 2127 2129 2080 2129 2127 2128 2128 2130 2129 2082 2080 2129 2129 2131 2082 2131 2129 2130 2130 2132 2131 2134 2082 2131 2131 2133 2134 2133 2131 2132 2132 2135 2133 2090 2089 2136 2136 2137 2090 2137 2136 2138 2138 2139 2137 2092 2090 2137 2137 2113 2092 2113 2137 2139 2139 2114 2113 2143 2140 2141 2141 2142 2143 2145 2141 2140 2140 2144 2145 2147 2143 2142 2142 2146 2147 2149 2147 2146 2146 2148 2149 2153 2150 2151 2151 2152 2153 2155 2153 2152 2152 2154 2155 2157 2155 2154 2154 2156 2157 2159 2157 2156 2156 2158 2159 2161 2159 2158 2158 2160 2161 2163 2161 2160 2160 2162 2163 2167 2164 2165 2165 2166 2167 2144 2167 2166 2166 2145 2144 1898 1897 2140 2140 2143 1898 1900 1898 2143 2143 2147 1900 1902 1900 2147 2147 2149 1902 1906 1905 2150 2150 2153 1906 1908 1906 2153 2153 2155 1908 1910 1908 2155 2155 2157 1910 1912 1910 2157 2157 2159 1912 1914 1912 2159 2159 2161 1914 1916 1914 2161 2161 2163 1916 1920 1919 2164 2164 2167 1920 1922 1920 2167 2167 2144 1922 1897 1922 2144 2144 2140 1897 2142 2141 2064 2064 2063 2142 2141 2145 2091 2091 2064 2141 2145 2166 2087 2087 2091 2145 2166 2165 2088 2088 2087 2166 2162 2160 2084 2084 2083 2162 2160 2158 2079 2079 2084 2160 2158 2156 2077 2077 2079 2158 2156 2154 2075 2075 2077 2156 2154 2152 2071 2071 2075 2154 2152 2151 2072 2072 2071 2152 2148 2146 2067 2067 2069 2148 2146 2142 2063 2063 2067 2146 2171 2168 2169 2169 2170 2171 2175 2172 2173 2173 2174 2175 2179 2176 2177 2177 2178 2179 2183 2180 2181 2181 2182 2183 2187 2184 2185 2185 2186 2187 2191 2188 2189 2189 2190 2191 2195 2192 2193 2193 2194 2195 2199 2196 2197 2197 2198 2199 2203 2200 2201 2201 2202 2203 2207 2204 2205 2205 2206 2207 2211 2208 2209 2209 2210 2211 2215 2212 2213 2213 2214 2215 2219 2216 2217 2217 2218 2219 2223 2220 2221 2221 2222 2223 2227 2224 2225 2225 2226 2227 2231 2228 2229 2229 2230 2231 2235 2232 2233 2233 2234 2235 2239 2236 2237 2237 2238 2239 2243 2240 2241 2241 2242 2243 2247 2244 2245 2245 2246 2247 2251 2248 2249 2249 2250 2251 2255 2252 2253 2253 2254 2255 2259 2256 2257 2257 2258 2259 2263 2260 2261 2261 2262 2263 2267 2264 2265 2265 2266 2267 2271 2268 2269 2269 2270 2271 2275 2272 2273 2273 2274 2275 2279 2276 2277 2277 2278 2279 2283 2280 2281 2281 2282 2283 2287 2284 2285 2285 2286 2287 2291 2288 2289 2289 2290 2291 2295 2292 2293 2293 2294 2295 2299 2296 2297 2297 2298 2299 2303 2300 2301 2301 2302 2303 2307 2304 2305 2305 2306 2307 2311 2308 2309 2309 2310 2311 2315 2312 2313 2313 2314 2315 2319 2316 2317 2317 2318 2319 2323 2320 2321 2321 2322 2323 2327 2324 2325 2325 2326 2327 2329 2328 2093 2093 2095 2329 2330 2329 2095 2095 2107 2330 2331 2330 2107 2107 2110 2331 2333 2332 2105 2105 2104 2333 2334 2333 2104 2104 2103 2334 2335 2334 2103 2103 2102 2335 2336 2335 2102 2102 2101 2336 2337 2336 2101 2101 2099 2337 2338 2337 2099 2099 2100 2338 2340 2339 2098 2098 2097 2340 2341 2340 2097 2097 2096 2341 2328 2341 2096 2096 2093 2328 2116 2111 2328 2328 2329 2116 2118 2116 2329 2329 2330 2118 2120 2118 2330 2330 2331 2120 2124 2123 2332 2332 2333 2124 2126 2124 2333 2333 2334 2126 2128 2126 2334 2334 2335 2128 2130 2128 2335 2335 2336 2130 2132 2130 2336 2336 2337 2132 2135 2132 2337 2337 2338 2135 2139 2138 2339 2339 2340 2139 2114 2139 2340 2340 2341 2114 2111 2114 2341 2341 2328 2111 2345 2342 2343 2343 2344 2345 2342 2345 2346 2346 2347 2342 2351 2348 2349 2349 2350 2351 2350 2349 2352 2352 2353 2350 2353 2352 2354 2354 2355 2353 2359 2356 2357 2357 2358 2359 2358 2357 2360 2360 2361 2358 2361 2360 2362 2362 2363 2361 2367 2364 2365 2365 2366 2367 2366 2365 2368 2368 2369 2366 2373 2370 2371 2371 2372 2373 2372 2371 2344 2344 2343 2372 2047 2342 2347 2347 2048 2047 2048 2347 2374 2374 2049 2048 2049 2374 2375 2375 2050 2049 2051 2376 2359 2359 2052 2051 2052 2359 2358 2358 2053 2052 2053 2358 2361 2361 2054 2053 2054 2361 2363 2363 2055 2054 2055 2363 2377 2377 2056 2055 2056 2377 2378 2378 2057 2056 2058 2373 2372 2372 2059 2058 2059 2372 2343 2343 2060 2059 2060 2343 2342 2342 2047 2060 2379 2380 2348 2348 2380 2349 2349 2380 2352 2352 2380 2354 2354 2380 2381 2381 2380 2382 2382 2380 2364 2364 2380 2365 2365 2380 2368 2368 2380 2383 2383 2380 2384 2384 2380 2379 2388 2385 2386 2386 2387 2388 2385 2388 2389 2389 2390 2385 2394 2391 2392 2392 2393 2394 2393 2392 2395 2395 2396 2393 2396 2395 2397 2397 2398 2396 2402 2399 2400 2400 2401 2402 2401 2400 2403 2403 2404 2401 2408 2405 2406 2406 2407 2408 2407 2406 2409 2409 2410 2407 2410 2409 2411 2411 2412 2410 2416 2413 2414 2414 2415 2416 2415 2414 2390 2390 2389 2415 2386 2385 1896 1896 1895 2386 2385 2390 1921 1921 1896 2385 2390 2414 1917 1917 1921 2390 2414 2413 1918 1918 1917 2414 2418 2417 1913 1913 1915 2418 2417 2419 1911 1911 1913 2417 2419 2403 1909 1909 1911 2419 2403 2400 1907 1907 1909 2403 2400 2399 1903 1903 1907 2400 2399 2420 1904 1904 1903 2399 2422 2421 1899 1899 1901 2422 2421 2386 1895 1895 1899 2421 2394 2423 2424 2393 2423 2394 2396 2423 2393 2398 2423 2396 2425 2423 2398 2408 2423 2425 2407 2423 2408 2410 2423 2407 2412 2423 2410 2426 2423 2412 2427 2423 2426 2424 2423 2427 </p>
        </polylist>
      </mesh>
    </geometry>
  </library_geometries>
  <library_visual_scenes>
    <visual_scene id="root" name="root">
      <node id="polySurface8" name="polySurface8">
        <matrix>1 0 0 0 0 1 0 0 0 0 1 0 0 0 0 1</matrix>
        <instance_geometry url="#meshId0">
          <bind_material>
            <technique_common>
              <instance_material symbol="defaultMaterial" target="#lambert1" />
            </technique_common>
          </bind_material>
        </instance_geometry>
      </node>
    </visual_scene>
  </library_visual_scenes>
  <scene>
    <instance_visual_scene url="#root" />
  </scene>
</COLLADA>
